customerID,gender,SeniorCitizen,Partner,Dependents,tenure,PhoneService,MultipleLines,InternetService,OnlineSecurity,OnlineBackup,DeviceProtection,TechSupport,StreamingTV,StreamingMovies,Contract,PaperlessBilling,PaymentMethod,MonthlyCharges,TotalCharges,Churn
CUST-00001,Female,0,Yes,No,60,Yes,Yes,DSL,Yes,Yes,No,No,Yes,No,Month-to-month,Yes,Credit card (automatic),44.16,2568.67,No
CUST-00002,Male,0,No,Yes,33,No,Yes,Fiber optic,Yes,Yes,No,No,Yes,No,One year,Yes,Electronic check,47.02,1567.69,Yes
CUST-00003,Male,1,Yes,Yes,50,Yes,Yes,No,Yes,Yes,Yes,No,No,No,Month-to-month,Yes,Credit card (automatic),45.28,2238.36,Yes
CUST-00004,Female,0,Yes,No,69,Yes,No,DSL,No,Yes,Yes,Yes,No,No,Month-to-month,Yes,Credit card (automatic),37.2,2572.51,Yes
CUST-00005,Female,0,No,No,4,Yes,No,DSL,Yes,No,Yes,No,No,No,One year,Yes,Credit card (automatic),32.49,99.08,Yes
CUST-00006,Male,0,No,Yes,8,Yes,No,Fiber optic,No,No,Yes,No,Yes,No,Two year,Yes,Electronic check,54.63,404.3,No
CUST-00007,Female,1,No,No,66,Yes,No,DSL,No,Yes,No,No,No,Yes,Month-to-month,No,Bank transfer (automatic),38.76,2540.77,Yes
CUST-00008,Male,1,No,No,41,Yes,Yes,Fiber optic,Yes,No,Yes,Yes,No,No,Month-to-month,Yes,Electronic check,61.65,2530.93,Yes
CUST-00009,Female,0,No,No,44,Yes,Yes,DSL,No,No,No,No,Yes,No,Month-to-month,Yes,Mailed check,43.13,1925.18,Yes
CUST-00010,Female,0,No,No,25,Yes,Yes,No,Yes,Yes,Yes,Yes,Yes,No,Two year,Yes,Electronic check,36.34,879.02,No
CUST-00011,Male,0,No,Yes,59,Yes,No,Fiber optic,Yes,Yes,No,No,No,Yes,One year,Yes,Credit card (automatic),32.35,1914.18,No
CUST-00012,Male,0,No,Yes,46,Yes,No,Fiber optic,Yes,No,No,No,No,No,One year,No,Electronic check,38.77,1799.63,No
CUST-00013,Male,0,Yes,Yes,19,Yes,Yes,No,Yes,No,Yes,Yes,Yes,No,Month-to-month,No,Credit card (automatic),45.79,850.41,No
CUST-00014,Male,0,No,No,47,Yes,No,DSL,No,Yes,No,No,Yes,Yes,Month-to-month,Yes,Electronic check,45.88,2171.53,Yes
CUST-00015,Male,0,No,No,1,Yes,No,Fiber optic,No,No,No,No,No,No,Two year,Yes,Credit card (automatic),43.59,-8.27,Yes
CUST-00016,Male,0,Yes,No,18,Yes,Yes,Fiber optic,No,No,No,No,Yes,Yes,Month-to-month,Yes,Credit card (automatic),64.44,1123.78,Yes
CUST-00017,Male,0,No,No,15,Yes,Yes,DSL,No,No,Yes,No,Yes,No,Month-to-month,No,Electronic check,37.85,610.13,Yes
CUST-00018,Female,0,No,No,56,Yes,No,DSL,No,Yes,No,No,Yes,No,Two year,Yes,Mailed check,23.48,1225.51,No
CUST-00019,Male,0,Yes,Yes,53,Yes,No,Fiber optic,No,No,No,No,No,No,Month-to-month,Yes,Electronic check,54.39,2869.08,Yes
CUST-00020,Female,0,Yes,Yes,7,Yes,Yes,Fiber optic,No,Yes,Yes,Yes,Yes,No,Month-to-month,Yes,Electronic check,43.78,309.24,No
CUST-00021,Male,0,Yes,No,65,Yes,Yes,Fiber optic,No,Yes,No,Yes,Yes,Yes,Month-to-month,Yes,Bank transfer (automatic),50.58,3297.46,Yes
CUST-00022,Female,0,Yes,No,59,Yes,No,DSL,Yes,No,No,No,Yes,No,Two year,Yes,Bank transfer (automatic),22.58,1343.5,No
CUST-00023,Female,0,Yes,No,31,Yes,Yes,DSL,No,No,Yes,No,No,No,Two year,Yes,Bank transfer (automatic),31.87,979.1,No
CUST-00024,Male,0,Yes,Yes,16,Yes,No,No,No,Yes,No,Yes,No,Yes,One year,Yes,Credit card (automatic),42.76,668.96,No
CUST-00025,Male,1,Yes,No,30,Yes,Yes,DSL,Yes,Yes,No,No,No,No,Two year,Yes,Bank transfer (automatic),25.94,744.27,No
CUST-00026,Male,0,Yes,Yes,42,Yes,No,No,No,Yes,No,Yes,Yes,Yes,Month-to-month,Yes,Mailed check,24.04,1071.55,Yes
CUST-00027,Female,1,No,No,45,Yes,Yes,Fiber optic,No,No,No,Yes,No,Yes,One year,No,Credit card (automatic),21.04,977.56,No
CUST-00028,Male,1,No,Yes,25,Yes,Yes,Fiber optic,No,Yes,Yes,No,No,Yes,One year,Yes,Credit card (automatic),49.25,1242.96,No
CUST-00029,Male,0,Yes,No,8,Yes,No,DSL,Yes,No,Yes,No,Yes,No,Month-to-month,Yes,Mailed check,52.71,418.86,No
CUST-00030,Female,0,Yes,Yes,44,Yes,No,No,Yes,No,No,No,No,Yes,One year,Yes,Credit card (automatic),24.39,1049.26,No
CUST-00031,Female,0,Yes,Yes,51,Yes,Yes,No,Yes,Yes,No,No,Yes,No,Month-to-month,No,Credit card (automatic),45.98,2342.98,Yes
CUST-00032,Female,0,Yes,No,19,Yes,No,Fiber optic,No,Yes,No,No,Yes,Yes,One year,No,Bank transfer (automatic),38.44,691.69,Yes
CUST-00033,Female,0,Yes,No,46,Yes,Yes,Fiber optic,No,No,No,Yes,No,Yes,Two year,Yes,Credit card (automatic),35.76,1699.77,Yes
CUST-00034,Male,0,Yes,No,41,Yes,No,Fiber optic,No,No,Yes,No,No,No,Month-to-month,No,Electronic check,55.33,2233.31,No
CUST-00035,Male,1,Yes,Yes,36,Yes,No,DSL,No,No,No,No,No,Yes,Month-to-month,Yes,Electronic check,38.17,1324.09,No
CUST-00036,Female,0,No,No,1,Yes,Yes,No,Yes,Yes,Yes,Yes,Yes,Yes,Two year,Yes,Electronic check,44.58,163.57,No
CUST-00037,Male,0,Yes,Yes,22,Yes,No,DSL,Yes,Yes,No,Yes,No,Yes,One year,No,Electronic check,20.15,437.59,Yes
CUST-00038,Male,0,No,No,27,Yes,Yes,Fiber optic,No,Yes,No,No,No,Yes,Month-to-month,Yes,Bank transfer (automatic),38.36,1001.07,Yes
CUST-00039,Female,0,Yes,No,60,Yes,No,DSL,Yes,Yes,No,No,Yes,No,Month-to-month,No,Electronic check,29.13,1778.44,No
CUST-00040,Male,0,Yes,No,59,Yes,No,Fiber optic,No,No,Yes,Yes,No,Yes,Two year,No,Electronic check,39.49,2276.51,Yes
CUST-00041,Female,0,No,No,63,Yes,No,Fiber optic,No,Yes,No,No,Yes,No,Month-to-month,No,Mailed check,47.95,2993.09,Yes
CUST-00042,Male,0,Yes,No,33,Yes,No,Fiber optic,No,Yes,Yes,No,Yes,Yes,Month-to-month,Yes,Electronic check,61.66,2066.86,Yes
CUST-00043,Male,0,No,Yes,24,No,Yes,DSL,No,No,Yes,Yes,Yes,No,Month-to-month,Yes,Credit card (automatic),43.75,1135.75,No
CUST-00044,Female,0,No,No,36,Yes,No,DSL,Yes,Yes,No,Yes,No,Yes,Month-to-month,No,Credit card (automatic),33.53,1248.05,No
CUST-00045,Female,0,No,No,57,Yes,No,DSL,No,No,Yes,No,No,Yes,Two year,Yes,Electronic check,39.52,2281.71,Yes
CUST-00046,Male,0,Yes,No,45,Yes,Yes,No,No,Yes,No,No,No,No,Month-to-month,Yes,Bank transfer (automatic),41.82,1937.7,Yes
CUST-00047,Female,1,No,No,43,Yes,No,DSL,Yes,No,No,Yes,Yes,Yes,One year,Yes,Bank transfer (automatic),34.63,1477.69,No
CUST-00048,Male,0,Yes,Yes,31,Yes,No,No,No,Yes,Yes,No,No,Yes,One year,Yes,Bank transfer (automatic),36.87,1084.39,Yes
CUST-00049,Male,0,Yes,Yes,50,Yes,Yes,DSL,No,No,No,No,No,No,Month-to-month,Yes,Electronic check,47.51,2347.51,Yes
CUST-00050,Male,0,Yes,No,62,Yes,Yes,No,Yes,No,No,No,No,No,Month-to-month,Yes,Electronic check,62.22,3912.62,Yes
CUST-00051,Male,0,No,No,48,Yes,No,Fiber optic,Yes,Yes,Yes,No,No,Yes,Month-to-month,No,Electronic check,52.68,2481.17,Yes
CUST-00052,Female,0,No,No,29,Yes,Yes,No,Yes,Yes,No,Yes,Yes,No,Month-to-month,Yes,Bank transfer (automatic),45.78,1322.01,No
CUST-00053,Female,0,Yes,No,60,Yes,No,Fiber optic,Yes,No,Yes,Yes,No,No,Month-to-month,No,Mailed check,35.39,2125.25,No
CUST-00054,Female,1,Yes,No,67,Yes,No,Fiber optic,Yes,No,No,No,No,No,Two year,No,Bank transfer (automatic),32.44,2190.47,No
CUST-00055,Female,0,No,No,57,Yes,No,Fiber optic,Yes,Yes,No,No,Yes,No,One year,No,Mailed check,41.31,2378.94,No
CUST-00056,Female,0,No,No,63,Yes,Yes,DSL,Yes,No,Yes,Yes,No,Yes,Month-to-month,Yes,Bank transfer (automatic),40.42,2572.63,No
CUST-00057,Male,0,Yes,Yes,19,No,No,No,No,No,No,No,Yes,No,Month-to-month,No,Bank transfer (automatic),37.25,826.28,Yes
CUST-00058,Female,0,Yes,Yes,30,No,Yes,Fiber optic,Yes,Yes,No,Yes,No,Yes,Month-to-month,Yes,Electronic check,38.63,1189.7,Yes
CUST-00059,Male,0,No,No,18,Yes,No,DSL,No,No,No,No,Yes,Yes,One year,No,Bank transfer (automatic),30.51,607.16,Yes
CUST-00060,Male,0,No,Yes,26,No,No,DSL,Yes,Yes,Yes,No,No,Yes,Two year,No,Electronic check,37.94,988.95,No
CUST-00061,Male,0,No,Yes,53,Yes,Yes,Fiber optic,No,No,Yes,Yes,Yes,Yes,Month-to-month,No,Electronic check,36.88,2034.76,Yes
CUST-00062,Male,0,Yes,No,49,Yes,Yes,No,Yes,No,Yes,Yes,No,Yes,One year,Yes,Credit card (automatic),43.68,2109.37,No
CUST-00063,Female,0,Yes,No,1,Yes,No,Fiber optic,Yes,No,No,Yes,Yes,Yes,Month-to-month,Yes,Bank transfer (automatic),50.43,91.42,Yes
CUST-00064,Male,0,Yes,No,54,Yes,No,DSL,No,No,Yes,Yes,Yes,No,One year,No,Bank transfer (automatic),39.68,2138.78,No
CUST-00065,Female,0,Yes,No,14,Yes,Yes,Fiber optic,No,No,No,No,Yes,No,Two year,Yes,Electronic check,44.32,660.26,Yes
CUST-00066,Female,0,No,Yes,14,Yes,No,DSL,No,Yes,No,Yes,Yes,Yes,Month-to-month,Yes,Bank transfer (automatic),24.85,370.18,No
CUST-00067,Male,0,Yes,No,39,Yes,No,DSL,No,No,Yes,No,No,No,Two year,Yes,Electronic check,32.26,1309.81,Yes
CUST-00068,Female,0,No,No,18,Yes,No,No,No,Yes,No,No,Yes,No,Month-to-month,Yes,Electronic check,44.09,814.13,Yes
CUST-00069,Female,0,No,No,69,Yes,Yes,DSL,Yes,Yes,Yes,Yes,Yes,Yes,Month-to-month,No,Electronic check,33.03,2277.43,No
CUST-00070,Female,1,No,No,11,Yes,No,DSL,No,Yes,No,Yes,No,Yes,Two year,Yes,Bank transfer (automatic),40.7,488.3,No
CUST-00071,Male,0,No,No,11,Yes,No,DSL,No,No,Yes,Yes,No,No,Month-to-month,No,Electronic check,39.09,397.4,Yes
CUST-00072,Female,0,No,No,55,No,No,DSL,No,No,No,No,Yes,No,Month-to-month,No,Electronic check,30.81,1624.04,Yes
CUST-00073,Female,0,Yes,No,21,Yes,No,DSL,No,No,Yes,No,Yes,Yes,Month-to-month,No,Electronic check,40.26,757.98,Yes
CUST-00074,Female,0,Yes,Yes,51,Yes,No,DSL,Yes,Yes,No,Yes,No,Yes,Month-to-month,Yes,Mailed check,43.96,2315.02,No
CUST-00075,Male,0,Yes,No,49,Yes,No,Fiber optic,No,Yes,Yes,Yes,Yes,No,Month-to-month,No,Electronic check,43.16,2125.51,Yes
CUST-00076,Female,0,No,No,14,No,Yes,No,No,No,No,No,Yes,No,Two year,No,Bank transfer (automatic),23.52,348.82,No
CUST-00077,Female,0,No,No,42,Yes,No,DSL,Yes,Yes,Yes,No,Yes,No,One year,Yes,Electronic check,33.98,1413.41,No
CUST-00078,Female,1,Yes,No,39,Yes,No,No,No,No,Yes,No,No,No,Month-to-month,Yes,Bank transfer (automatic),52.45,2058.68,No
CUST-00079,Male,0,Yes,Yes,7,Yes,Yes,Fiber optic,Yes,Yes,No,Yes,Yes,Yes,One year,Yes,Electronic check,51.59,333.24,Yes
CUST-00080,Male,1,Yes,No,55,Yes,No,DSL,Yes,Yes,Yes,Yes,No,No,Month-to-month,Yes,Electronic check,48.96,2692.32,Yes
CUST-00081,Male,0,Yes,Yes,61,Yes,No,DSL,No,No,No,No,Yes,Yes,Month-to-month,Yes,Electronic check,49.97,2976.49,No
CUST-00082,Female,0,No,Yes,68,Yes,No,DSL,Yes,No,No,No,No,No,Month-to-month,Yes,Electronic check,30.97,2031.04,No
CUST-00083,Female,0,Yes,No,7,Yes,No,Fiber optic,No,Yes,Yes,Yes,Yes,Yes,Month-to-month,No,Credit card (automatic),45.19,264.35,Yes
CUST-00084,Male,0,No,No,13,Yes,Yes,Fiber optic,Yes,Yes,Yes,Yes,No,No,Month-to-month,No,Electronic check,55.72,690.66,Yes
CUST-00085,Male,0,No,No,59,No,Yes,DSL,Yes,Yes,No,No,Yes,No,One year,Yes,Credit card (automatic),18.0,1117.07,No
CUST-00086,Male,0,Yes,No,22,Yes,Yes,DSL,No,Yes,No,Yes,Yes,Yes,Month-to-month,Yes,Electronic check,33.09,829.64,No
CUST-00087,Female,0,Yes,Yes,45,No,No,DSL,No,No,No,No,Yes,No,Month-to-month,No,Electronic check,33.51,1554.08,Yes
CUST-00088,Female,0,No,No,25,Yes,Yes,Fiber optic,No,No,No,No,Yes,No,One year,No,Electronic check,38.65,839.27,Yes
CUST-00089,Male,0,No,No,16,Yes,No,DSL,No,Yes,No,No,Yes,No,One year,No,Electronic check,38.44,686.09,Yes
CUST-00090,Male,0,Yes,No,45,Yes,No,Fiber optic,No,Yes,No,Yes,Yes,Yes,Two year,Yes,Credit card (automatic),22.74,1008.2,No
CUST-00091,Female,0,Yes,No,15,Yes,No,Fiber optic,Yes,Yes,Yes,No,No,Yes,Two year,Yes,Bank transfer (automatic),40.13,539.62,Yes
CUST-00092,Male,1,No,No,10,Yes,No,Fiber optic,No,Yes,No,Yes,Yes,Yes,Month-to-month,No,Bank transfer (automatic),66.47,741.11,Yes
CUST-00093,Male,0,No,No,38,Yes,No,DSL,Yes,No,No,No,Yes,Yes,Month-to-month,Yes,Mailed check,34.55,1296.96,No
CUST-00094,Female,0,No,No,14,Yes,No,Fiber optic,No,Yes,No,No,Yes,No,Month-to-month,Yes,Electronic check,42.84,561.5,Yes
CUST-00095,Male,0,No,No,14,Yes,Yes,Fiber optic,No,No,No,No,Yes,No,Month-to-month,No,Bank transfer (automatic),43.18,583.2,Yes
CUST-00096,Female,1,No,No,56,Yes,Yes,No,Yes,No,Yes,Yes,No,No,Two year,Yes,Bank transfer (automatic),34.46,1916.94,No
CUST-00097,Female,0,Yes,No,38,Yes,Yes,Fiber optic,No,No,Yes,No,Yes,No,One year,No,Electronic check,42.83,1652.13,Yes
CUST-00098,Male,0,No,No,39,Yes,No,Fiber optic,No,No,Yes,No,No,Yes,Month-to-month,Yes,Mailed check,52.02,2037.33,No
CUST-00099,Male,1,Yes,No,11,Yes,No,DSL,Yes,Yes,No,Yes,Yes,Yes,Two year,Yes,Bank transfer (automatic),32.39,330.64,Yes
CUST-00100,Female,1,No,No,12,Yes,Yes,Fiber optic,No,No,No,No,Yes,No,Month-to-month,No,Electronic check,56.74,603.21,No
CUST-00101,Male,0,No,No,28,Yes,No,Fiber optic,No,No,Yes,No,No,Yes,One year,Yes,Electronic check,67.65,1863.02,Yes
CUST-00102,Female,0,No,No,28,No,No,Fiber optic,Yes,No,No,No,No,No,One year,No,Credit card (automatic),32.93,932.1,No
CUST-00103,Male,0,Yes,No,33,Yes,No,Fiber optic,No,Yes,Yes,Yes,No,Yes,Month-to-month,No,Electronic check,48.04,1556.24,Yes
CUST-00104,Female,0,No,Yes,10,No,No,No,No,Yes,No,No,Yes,Yes,Month-to-month,Yes,Electronic check,55.73,563.18,No
CUST-00105,Male,0,No,Yes,64,Yes,No,No,Yes,Yes,Yes,Yes,No,Yes,Month-to-month,No,Credit card (automatic),53.12,3400.01,Yes
CUST-00106,Male,0,No,No,26,Yes,Yes,DSL,Yes,Yes,Yes,No,No,Yes,Month-to-month,Yes,Credit card (automatic),50.48,1358.41,Yes
CUST-00107,Male,0,No,No,58,Yes,Yes,DSL,No,No,No,No,Yes,No,Month-to-month,Yes,Electronic check,48.47,2822.76,Yes
CUST-00108,Male,0,Yes,No,29,Yes,Yes,No,No,No,Yes,Yes,Yes,No,One year,Yes,Electronic check,37.95,1135.66,Yes
CUST-00109,Female,0,Yes,No,34,Yes,No,Fiber optic,No,No,Yes,No,No,Yes,Month-to-month,Yes,Electronic check,64.91,2198.13,Yes
CUST-00110,Male,0,No,No,8,Yes,No,No,No,No,Yes,No,Yes,No,Two year,Yes,Mailed check,35.44,349.3,Yes
CUST-00111,Female,1,No,No,49,No,Yes,Fiber optic,No,No,No,Yes,Yes,Yes,One year,No,Electronic check,54.33,2644.09,Yes
CUST-00112,Male,0,No,Yes,5,Yes,No,No,No,No,Yes,Yes,Yes,No,Month-to-month,No,Credit card (automatic),39.03,161.55,Yes
CUST-00113,Male,0,No,Yes,54,Yes,No,DSL,Yes,Yes,Yes,No,Yes,No,Month-to-month,Yes,Credit card (automatic),34.36,1909.1,Yes
CUST-00114,Female,0,Yes,No,63,Yes,Yes,Fiber optic,No,No,No,No,Yes,Yes,Month-to-month,Yes,Electronic check,40.98,2556.68,Yes
CUST-00115,Male,0,Yes,Yes,26,Yes,No,Fiber optic,Yes,Yes,Yes,Yes,Yes,Yes,One year,No,Credit card (automatic),38.24,950.76,No
CUST-00116,Male,0,No,No,64,Yes,No,DSL,No,No,No,No,Yes,Yes,Month-to-month,Yes,Electronic check,31.64,1980.27,Yes
CUST-00117,Female,0,Yes,No,50,Yes,No,DSL,Yes,Yes,No,Yes,Yes,Yes,Two year,No,Electronic check,37.16,1838.11,No
CUST-00118,Female,1,No,No,1,Yes,No,DSL,Yes,No,Yes,Yes,Yes,No,One year,Yes,Credit card (automatic),27.13,16.52,No
CUST-00119,Female,0,No,Yes,15,Yes,No,DSL,No,No,No,No,No,Yes,Month-to-month,Yes,Electronic check,34.55,534.91,Yes
CUST-00120,Female,1,No,No,46,Yes,No,No,Yes,Yes,No,Yes,No,Yes,One year,Yes,Electronic check,37.26,1744.86,Yes
CUST-00121,Female,1,Yes,No,50,Yes,No,No,Yes,Yes,No,No,Yes,No,Two year,Yes,Electronic check,43.27,2164.73,No
CUST-00122,Male,1,No,No,7,Yes,Yes,No,No,Yes,No,Yes,Yes,Yes,Two year,Yes,Electronic check,42.18,333.24,No
CUST-00123,Male,0,Yes,No,49,No,Yes,No,No,No,No,Yes,No,Yes,Two year,Yes,Credit card (automatic),35.74,1783.93,No
CUST-00124,Female,1,Yes,No,58,Yes,Yes,No,Yes,Yes,Yes,No,No,Yes,One year,Yes,Electronic check,43.69,2497.07,No
CUST-00125,Male,0,Yes,No,7,Yes,Yes,No,Yes,No,No,Yes,No,No,Month-to-month,Yes,Electronic check,55.1,346.69,Yes
CUST-00126,Male,0,Yes,No,63,No,No,DSL,No,No,Yes,No,No,No,One year,Yes,Credit card (automatic),46.74,2926.84,No
CUST-00127,Female,0,No,No,38,Yes,No,DSL,No,No,No,No,Yes,No,One year,Yes,Mailed check,28.49,996.71,No
CUST-00128,Male,0,No,Yes,44,Yes,No,No,Yes,No,No,No,Yes,Yes,Two year,Yes,Credit card (automatic),29.37,1295.55,No
CUST-00129,Male,0,Yes,Yes,4,Yes,No,Fiber optic,Yes,Yes,Yes,No,Yes,Yes,Two year,No,Mailed check,19.52,69.1,No
CUST-00130,Male,0,No,No,44,Yes,Yes,Fiber optic,No,Yes,No,No,Yes,No,Month-to-month,Yes,Mailed check,58.58,2642.77,Yes
CUST-00131,Male,0,Yes,No,33,Yes,No,Fiber optic,Yes,Yes,No,Yes,No,No,Month-to-month,Yes,Credit card (automatic),42.42,1443.89,No
CUST-00132,Male,0,No,No,27,Yes,Yes,DSL,No,No,Yes,No,Yes,Yes,Month-to-month,No,Credit card (automatic),42.09,1124.51,Yes
CUST-00133,Female,1,No,No,56,Yes,No,DSL,Yes,No,No,No,No,No,Two year,Yes,Electronic check,33.05,1889.96,No
CUST-00134,Male,0,No,No,18,Yes,No,Fiber optic,No,No,Yes,No,No,Yes,Month-to-month,Yes,Bank transfer (automatic),43.71,780.34,Yes
CUST-00135,Male,0,Yes,Yes,5,Yes,Yes,Fiber optic,No,No,No,No,No,Yes,Month-to-month,Yes,Mailed check,59.68,317.29,Yes
CUST-00136,Female,0,Yes,No,36,Yes,No,DSL,Yes,Yes,Yes,Yes,No,Yes,Month-to-month,Yes,Electronic check,49.68,1711.3,No
CUST-00137,Male,0,Yes,Yes,53,Yes,Yes,Fiber optic,No,Yes,No,No,Yes,No,One year,Yes,Electronic check,41.22,2162.4,Yes
CUST-00138,Female,0,No,No,10,Yes,Yes,Fiber optic,Yes,No,Yes,No,Yes,No,Two year,No,Mailed check,50.51,511.75,Yes
CUST-00139,Female,0,No,No,70,Yes,Yes,Fiber optic,No,Yes,No,No,No,Yes,Month-to-month,Yes,Electronic check,59.48,4153.02,Yes
CUST-00140,Female,0,Yes,No,48,Yes,Yes,Fiber optic,No,No,No,No,Yes,Yes,One year,Yes,Credit card (automatic),53.54,2621.76,No
CUST-00141,Male,0,Yes,No,67,Yes,No,Fiber optic,Yes,No,Yes,Yes,No,Yes,Month-to-month,No,Electronic check,28.21,1904.5,Yes
CUST-00142,Female,0,No,No,34,Yes,No,No,No,Yes,No,No,Yes,Yes,Month-to-month,Yes,Mailed check,39.12,1354.67,No
CUST-00143,Female,0,Yes,No,9,Yes,Yes,Fiber optic,No,No,No,No,No,Yes,Month-to-month,No,Bank transfer (automatic),57.43,525.56,No
CUST-00144,Female,1,No,Yes,13,Yes,No,No,No,No,Yes,No,Yes,Yes,One year,Yes,Mailed check,29.87,389.1,Yes
CUST-00145,Male,0,No,No,36,Yes,Yes,No,Yes,Yes,No,No,No,No,Two year,No,Electronic check,30.36,1129.89,No
CUST-00146,Male,1,Yes,No,42,Yes,No,No,No,Yes,Yes,No,No,No,One year,No,Bank transfer (automatic),24.44,1098.03,No
CUST-00147,Female,0,Yes,Yes,53,Yes,No,Fiber optic,Yes,No,No,No,Yes,No,One year,No,Electronic check,41.38,2109.6,No
CUST-00148,Female,0,Yes,No,57,Yes,No,Fiber optic,No,No,No,No,No,No,Month-to-month,Yes,Mailed check,43.46,2436.88,No
CUST-00149,Male,0,Yes,Yes,55,Yes,Yes,Fiber optic,Yes,Yes,No,Yes,No,No,Two year,Yes,Credit card (automatic),24.61,1355.95,No
CUST-00150,Female,0,No,No,42,No,No,Fiber optic,No,Yes,Yes,No,Yes,No,Two year,Yes,Credit card (automatic),49.09,2115.73,No
CUST-00151,Male,1,No,Yes,2,Yes,No,DSL,No,Yes,Yes,Yes,No,No,One year,Yes,Electronic check,50.93,133.39,Yes
CUST-00152,Female,0,Yes,No,38,Yes,No,DSL,Yes,No,No,No,No,Yes,One year,Yes,Credit card (automatic),37.27,1383.68,No
CUST-00153,Male,0,No,Yes,59,Yes,No,DSL,No,Yes,Yes,No,Yes,Yes,One year,Yes,Credit card (automatic),35.83,2098.37,No
CUST-00154,Female,0,Yes,No,61,Yes,No,Fiber optic,No,No,No,No,Yes,No,Month-to-month,Yes,Electronic check,58.09,3573.63,No
CUST-00155,Female,0,Yes,Yes,60,Yes,Yes,DSL,Yes,Yes,No,No,No,No,Month-to-month,Yes,Credit card (automatic),45.2,2688.07,Yes
CUST-00156,Male,1,No,No,1,Yes,No,Fiber optic,No,No,No,No,No,Yes,Two year,No,Mailed check,25.22,36.58,Yes
CUST-00157,Female,0,No,Yes,31,Yes,No,DSL,No,Yes,Yes,Yes,Yes,No,One year,Yes,Credit card (automatic),50.92,1551.32,No
CUST-00158,Male,0,No,No,44,Yes,No,DSL,Yes,Yes,No,No,Yes,No,One year,No,Mailed check,42.6,1893.95,No
CUST-00159,Male,0,Yes,No,18,Yes,No,Fiber optic,No,No,Yes,Yes,No,Yes,Month-to-month,Yes,Electronic check,48.95,906.57,Yes
CUST-00160,Male,0,No,Yes,30,Yes,Yes,No,No,No,Yes,Yes,Yes,Yes,Month-to-month,No,Electronic check,31.81,846.65,Yes
CUST-00161,Male,0,Yes,No,7,Yes,Yes,DSL,Yes,No,No,Yes,Yes,No,Month-to-month,Yes,Mailed check,36.43,326.97,Yes
CUST-00162,Male,0,No,No,14,Yes,Yes,No,No,No,No,No,Yes,Yes,Month-to-month,Yes,Electronic check,42.69,673.96,No
CUST-00163,Female,0,No,No,1,Yes,Yes,DSL,No,Yes,No,No,Yes,Yes,Two year,No,Bank transfer (automatic),36.54,-44.82,No
CUST-00164,Female,0,No,No,70,Yes,No,Fiber optic,Yes,No,No,No,No,No,Two year,Yes,Electronic check,35.39,2468.16,No
CUST-00165,Female,0,Yes,Yes,62,Yes,Yes,DSL,No,No,Yes,Yes,No,No,Two year,Yes,Electronic check,30.3,1813.33,No
CUST-00166,Male,0,Yes,No,29,Yes,No,DSL,No,No,Yes,Yes,No,Yes,Month-to-month,No,Bank transfer (automatic),43.71,1182.36,Yes
CUST-00167,Female,1,No,Yes,1,Yes,Yes,DSL,No,Yes,Yes,Yes,Yes,Yes,One year,Yes,Bank transfer (automatic),41.82,74.25,No
CUST-00168,Female,0,Yes,No,24,Yes,Yes,DSL,No,No,Yes,Yes,Yes,Yes,Month-to-month,No,Electronic check,52.89,1341.84,Yes
CUST-00169,Female,0,No,No,31,Yes,No,Fiber optic,Yes,No,Yes,No,No,No,Month-to-month,Yes,Electronic check,52.33,1621.31,Yes
CUST-00170,Female,0,Yes,No,12,Yes,No,Fiber optic,Yes,Yes,No,Yes,No,No,Month-to-month,Yes,Bank transfer (automatic),59.33,774.45,Yes
CUST-00171,Female,0,No,Yes,47,Yes,No,DSL,Yes,Yes,No,No,Yes,No,One year,Yes,Electronic check,55.73,2592.83,Yes
CUST-00172,Female,0,Yes,No,71,No,No,No,No,Yes,Yes,No,No,No,Month-to-month,Yes,Electronic check,48.72,3401.13,Yes
CUST-00173,Male,0,No,Yes,60,Yes,No,Fiber optic,No,Yes,No,No,Yes,Yes,Month-to-month,No,Credit card (automatic),40.28,2401.22,Yes
CUST-00174,Male,0,Yes,No,61,Yes,Yes,DSL,No,No,Yes,No,Yes,No,Month-to-month,No,Electronic check,43.8,2640.48,Yes
CUST-00175,Male,0,Yes,Yes,59,Yes,No,Fiber optic,No,Yes,Yes,Yes,No,No,Month-to-month,Yes,Credit card (automatic),53.3,3161.87,Yes
CUST-00176,Female,0,No,Yes,5,No,No,DSL,No,No,No,No,Yes,Yes,Two year,Yes,Mailed check,43.81,262.55,Yes
CUST-00177,Male,0,Yes,Yes,40,Yes,No,No,Yes,No,No,Yes,Yes,No,Month-to-month,Yes,Credit card (automatic),22.58,857.03,Yes
CUST-00178,Female,0,No,No,41,Yes,No,Fiber optic,No,Yes,No,No,No,Yes,One year,No,Mailed check,40.28,1597.32,Yes
CUST-00179,Male,0,No,Yes,8,Yes,No,DSL,Yes,No,Yes,No,Yes,No,Month-to-month,Yes,Bank transfer (automatic),42.72,376.92,Yes
CUST-00180,Male,0,No,No,11,Yes,No,DSL,Yes,No,No,Yes,No,No,Month-to-month,Yes,Credit card (automatic),46.04,492.44,No
CUST-00181,Male,0,No,No,41,Yes,No,DSL,Yes,No,No,Yes,Yes,Yes,Month-to-month,Yes,Electronic check,42.81,1786.37,Yes
CUST-00182,Female,1,No,No,51,Yes,No,Fiber optic,No,Yes,No,Yes,No,No,Two year,No,Electronic check,34.13,1707.71,No
CUST-00183,Female,0,Yes,Yes,15,Yes,No,Fiber optic,No,No,Yes,Yes,Yes,Yes,Two year,Yes,Mailed check,23.49,326.04,Yes
CUST-00184,Male,0,No,Yes,35,No,No,No,Yes,Yes,Yes,Yes,No,Yes,Two year,Yes,Bank transfer (automatic),18.0,671.01,No
CUST-00185,Female,0,Yes,Yes,6,Yes,Yes,DSL,No,Yes,No,Yes,Yes,Yes,Month-to-month,Yes,Mailed check,45.09,303.39,Yes
CUST-00186,Female,0,No,No,8,Yes,Yes,DSL,No,Yes,Yes,Yes,No,No,One year,Yes,Credit card (automatic),39.23,369.53,Yes
CUST-00187,Female,0,Yes,No,42,Yes,No,DSL,No,No,No,Yes,No,Yes,Two year,Yes,Electronic check,33.31,1390.65,Yes
CUST-00188,Female,0,No,Yes,40,Yes,Yes,DSL,Yes,Yes,No,Yes,Yes,No,Month-to-month,Yes,Electronic check,46.43,1908.98,Yes
CUST-00189,Female,0,Yes,Yes,54,Yes,Yes,Fiber optic,Yes,Yes,No,Yes,No,Yes,Month-to-month,Yes,Electronic check,42.76,2326.85,Yes
CUST-00190,Female,0,Yes,No,65,Yes,No,No,Yes,No,Yes,No,Yes,Yes,Month-to-month,Yes,Electronic check,33.65,2203.46,Yes
CUST-00191,Male,1,Yes,Yes,14,Yes,No,Fiber optic,No,No,No,No,Yes,Yes,Two year,Yes,Electronic check,54.23,725.06,No
CUST-00192,Male,0,Yes,No,25,Yes,No,DSL,No,No,Yes,Yes,Yes,Yes,Month-to-month,No,Electronic check,48.31,1234.17,Yes
CUST-00193,Male,1,Yes,No,61,Yes,No,No,Yes,Yes,Yes,Yes,No,No,Month-to-month,Yes,Electronic check,39.72,2412.75,Yes
CUST-00194,Female,1,Yes,Yes,4,Yes,Yes,No,Yes,No,Yes,No,Yes,Yes,One year,Yes,Electronic check,54.81,293.67,Yes
CUST-00195,Male,1,Yes,No,59,Yes,Yes,DSL,No,Yes,Yes,Yes,No,No,Month-to-month,No,Mailed check,31.8,1876.14,No
CUST-00196,Female,0,No,No,68,Yes,No,No,No,Yes,No,Yes,No,No,Month-to-month,No,Bank transfer (automatic),37.65,2552.93,No
CUST-00197,Female,0,Yes,No,8,Yes,No,Fiber optic,Yes,Yes,Yes,No,Yes,Yes,Month-to-month,Yes,Credit card (automatic),52.75,473.11,Yes
CUST-00198,Female,0,No,No,11,Yes,Yes,Fiber optic,No,Yes,No,Yes,Yes,Yes,One year,No,Electronic check,41.28,457.44,Yes
CUST-00199,Female,0,Yes,No,49,Yes,No,Fiber optic,No,Yes,No,No,No,Yes,Month-to-month,Yes,Bank transfer (automatic),50.83,2456.6,Yes
CUST-00200,Male,1,No,No,34,Yes,No,DSL,No,No,No,No,Yes,No,One year,Yes,Mailed check,29.98,958.06,Yes
CUST-00201,Female,0,Yes,No,71,Yes,No,Fiber optic,No,Yes,No,No,Yes,No,Month-to-month,No,Credit card (automatic),42.66,2993.06,No
CUST-00202,Male,0,No,No,39,Yes,Yes,Fiber optic,No,Yes,Yes,No,Yes,No,Month-to-month,Yes,Bank transfer (automatic),48.18,1805.97,Yes
CUST-00203,Female,0,No,No,47,No,Yes,No,No,Yes,No,Yes,Yes,Yes,One year,No,Electronic check,26.54,1243.62,Yes
CUST-00204,Male,0,No,No,17,Yes,Yes,DSL,No,Yes,Yes,Yes,No,No,One year,No,Electronic check,43.47,773.37,No
CUST-00205,Female,0,Yes,No,24,Yes,Yes,DSL,Yes,No,No,Yes,Yes,No,One year,Yes,Bank transfer (automatic),44.39,1042.61,Yes
CUST-00206,Female,0,Yes,No,13,Yes,No,Fiber optic,Yes,Yes,No,No,No,Yes,Month-to-month,Yes,Bank transfer (automatic),47.41,717.61,Yes
CUST-00207,Male,1,Yes,Yes,11,No,No,Fiber optic,Yes,No,No,No,No,Yes,Two year,No,Electronic check,44.06,427.96,No
CUST-00208,Male,0,Yes,Yes,9,Yes,Yes,Fiber optic,Yes,Yes,Yes,No,No,Yes,One year,No,Bank transfer (automatic),39.16,373.64,No
CUST-00209,Female,0,Yes,No,64,Yes,Yes,Fiber optic,No,Yes,Yes,Yes,No,No,Month-to-month,Yes,Electronic check,50.65,3259.01,Yes
CUST-00210,Male,0,No,Yes,5,Yes,No,Fiber optic,Yes,Yes,No,No,Yes,No,Month-to-month,Yes,Credit card (automatic),46.8,217.07,Yes
CUST-00211,Female,1,Yes,No,37,No,No,Fiber optic,No,Yes,No,Yes,Yes,No,Month-to-month,Yes,Credit card (automatic),47.45,1749.42,Yes
CUST-00212,Male,0,No,Yes,37,Yes,Yes,DSL,No,No,No,No,Yes,No,One year,Yes,Credit card (automatic),34.3,1335.61,No
CUST-00213,Male,0,Yes,No,4,Yes,No,Fiber optic,No,Yes,Yes,Yes,No,No,Month-to-month,Yes,Credit card (automatic),63.94,298.68,Yes
CUST-00214,Female,0,Yes,No,60,No,No,Fiber optic,Yes,No,Yes,No,No,Yes,One year,No,Credit card (automatic),32.03,1959.23,No
CUST-00215,Male,1,Yes,Yes,36,Yes,No,Fiber optic,Yes,No,No,No,Yes,Yes,Two year,Yes,Electronic check,36.68,1283.07,Yes
CUST-00216,Female,0,Yes,Yes,9,Yes,No,Fiber optic,Yes,Yes,Yes,No,No,Yes,One year,No,Mailed check,25.95,253.38,Yes
CUST-00217,Female,0,No,No,10,No,Yes,Fiber optic,No,No,No,No,Yes,No,Month-to-month,Yes,Electronic check,67.32,705.87,No
CUST-00218,Female,1,No,No,50,Yes,Yes,DSL,Yes,Yes,Yes,No,No,Yes,Two year,No,Mailed check,40.3,2049.62,No
CUST-00219,Female,0,No,No,44,Yes,No,DSL,Yes,No,No,No,Yes,No,One year,Yes,Electronic check,28.38,1192.85,Yes
CUST-00220,Male,0,Yes,Yes,30,No,No,DSL,Yes,Yes,Yes,No,Yes,Yes,Month-to-month,Yes,Bank transfer (automatic),47.64,1442.83,Yes
CUST-00221,Female,0,Yes,Yes,29,Yes,No,Fiber optic,No,No,Yes,Yes,Yes,No,Month-to-month,Yes,Electronic check,56.98,1665.67,No
CUST-00222,Female,0,No,Yes,3,Yes,No,Fiber optic,No,Yes,Yes,No,No,No,Month-to-month,No,Credit card (automatic),48.86,191.37,No
CUST-00223,Male,0,Yes,Yes,3,Yes,No,No,No,No,No,No,No,Yes,Month-to-month,No,Credit card (automatic),34.8,93.85,Yes
CUST-00224,Female,0,Yes,No,39,Yes,No,Fiber optic,Yes,Yes,No,Yes,Yes,No,Month-to-month,Yes,Credit card (automatic),46.79,1778.66,No
CUST-00225,Male,0,No,Yes,26,Yes,Yes,Fiber optic,Yes,No,No,Yes,Yes,No,Two year,Yes,Electronic check,51.78,1308.34,No
CUST-00226,Female,0,Yes,Yes,18,Yes,Yes,Fiber optic,No,No,No,Yes,Yes,Yes,Month-to-month,Yes,Credit card (automatic),60.49,1103.35,Yes
CUST-00227,Male,0,Yes,No,27,Yes,No,Fiber optic,Yes,Yes,Yes,Yes,Yes,Yes,One year,Yes,Electronic check,47.9,1339.78,Yes
CUST-00228,Male,0,Yes,No,43,Yes,Yes,Fiber optic,Yes,No,No,No,No,No,One year,No,Electronic check,47.22,2015.82,No
CUST-00229,Male,0,No,No,21,Yes,Yes,Fiber optic,No,No,Yes,No,Yes,No,Two year,Yes,Bank transfer (automatic),25.74,552.25,Yes
CUST-00230,Female,1,Yes,No,25,Yes,No,Fiber optic,No,No,Yes,Yes,No,Yes,Month-to-month,Yes,Electronic check,60.12,1421.05,Yes
CUST-00231,Female,0,No,No,21,Yes,Yes,No,Yes,No,No,No,Yes,Yes,Month-to-month,Yes,Credit card (automatic),49.24,948.82,Yes
CUST-00232,Male,0,Yes,Yes,48,Yes,No,Fiber optic,No,No,No,Yes,No,Yes,Two year,Yes,Credit card (automatic),31.18,1515.68,No
CUST-00233,Female,0,Yes,Yes,4,Yes,No,DSL,Yes,No,No,No,Yes,Yes,Two year,No,Mailed check,31.52,144.41,Yes
CUST-00234,Male,0,Yes,No,66,Yes,No,Fiber optic,Yes,Yes,Yes,No,Yes,No,One year,No,Mailed check,29.59,1981.54,No
CUST-00235,Female,0,No,No,40,Yes,No,No,Yes,No,No,Yes,Yes,No,Month-to-month,No,Credit card (automatic),21.4,772.38,Yes
CUST-00236,Male,0,Yes,No,18,Yes,Yes,DSL,Yes,No,No,Yes,No,No,Two year,No,Bank transfer (automatic),32.24,638.51,No
CUST-00237,Male,0,No,No,54,Yes,Yes,No,Yes,No,No,No,No,No,One year,Yes,Electronic check,54.45,2917.89,No
CUST-00238,Female,0,Yes,No,67,No,No,No,No,No,No,No,Yes,Yes,Month-to-month,No,Mailed check,30.86,2043.38,Yes
CUST-00239,Female,0,Yes,No,5,Yes,No,Fiber optic,No,No,Yes,Yes,Yes,Yes,Two year,Yes,Mailed check,40.45,228.93,No
CUST-00240,Male,0,Yes,No,15,Yes,Yes,DSL,No,Yes,Yes,No,No,Yes,Month-to-month,Yes,Credit card (automatic),35.73,539.23,Yes
CUST-00241,Female,0,Yes,No,11,Yes,Yes,DSL,No,No,No,Yes,Yes,No,Month-to-month,No,Credit card (automatic),45.18,564.69,No
CUST-00242,Male,0,Yes,Yes,6,Yes,Yes,DSL,Yes,No,Yes,No,Yes,No,One year,Yes,Mailed check,35.27,240.4,Yes
CUST-00243,Female,0,No,Yes,53,Yes,No,Fiber optic,Yes,Yes,No,No,Yes,No,One year,Yes,Electronic check,41.74,2273.9,Yes
CUST-00244,Male,0,No,No,14,Yes,No,Fiber optic,Yes,Yes,No,Yes,Yes,Yes,Two year,Yes,Bank transfer (automatic),42.81,582.66,No
CUST-00245,Male,0,No,No,28,Yes,No,No,No,Yes,No,No,No,No,Month-to-month,No,Mailed check,43.24,1259.78,Yes
CUST-00246,Female,0,No,Yes,58,Yes,Yes,DSL,Yes,No,No,No,Yes,No,Month-to-month,Yes,Mailed check,40.45,2257.26,No
CUST-00247,Male,0,No,No,44,Yes,Yes,Fiber optic,Yes,No,Yes,Yes,Yes,Yes,One year,Yes,Credit card (automatic),29.96,1314.87,No
CUST-00248,Female,0,No,No,49,Yes,Yes,Fiber optic,No,No,No,No,Yes,No,One year,No,Credit card (automatic),42.97,2051.77,No
CUST-00249,Male,0,Yes,No,7,Yes,No,Fiber optic,Yes,Yes,Yes,No,Yes,Yes,Two year,No,Mailed check,27.01,194.33,Yes
CUST-00250,Female,0,No,No,69,Yes,Yes,Fiber optic,No,Yes,Yes,Yes,No,No,Month-to-month,Yes,Credit card (automatic),57.06,3944.51,No
CUST-00251,Female,0,No,No,6,Yes,Yes,No,Yes,Yes,Yes,No,Yes,No,Month-to-month,Yes,Electronic check,53.34,358.32,Yes
CUST-00252,Female,0,Yes,Yes,51,No,Yes,Fiber optic,No,No,Yes,No,No,No,Month-to-month,No,Electronic check,41.21,2111.96,Yes
CUST-00253,Female,0,No,No,46,Yes,Yes,DSL,No,No,Yes,Yes,No,No,Month-to-month,No,Bank transfer (automatic),25.37,1137.85,No
CUST-00254,Female,0,No,Yes,30,Yes,No,Fiber optic,Yes,No,Yes,No,Yes,No,One year,Yes,Mailed check,38.34,1131.96,No
CUST-00255,Male,1,Yes,No,60,Yes,No,DSL,Yes,Yes,No,No,No,No,Month-to-month,No,Bank transfer (automatic),35.61,2144.86,Yes
CUST-00256,Female,0,No,No,64,Yes,No,No,No,No,Yes,No,Yes,Yes,One year,No,Electronic check,39.64,2511.26,Yes
CUST-00257,Male,1,Yes,Yes,5,Yes,No,No,No,No,Yes,Yes,Yes,No,One year,Yes,Mailed check,33.28,214.19,Yes
CUST-00258,Female,0,Yes,Yes,69,Yes,No,DSL,Yes,No,No,No,No,Yes,Month-to-month,Yes,Bank transfer (automatic),46.29,3179.18,Yes
CUST-00259,Female,0,Yes,No,18,Yes,Yes,Fiber optic,Yes,No,Yes,No,Yes,Yes,Two year,No,Mailed check,18.0,365.14,No
CUST-00260,Male,0,No,No,57,No,No,Fiber optic,Yes,No,No,No,No,No,Month-to-month,No,Electronic check,46.65,2632.09,Yes
CUST-00261,Male,0,Yes,No,59,Yes,No,Fiber optic,Yes,No,No,Yes,No,Yes,Month-to-month,No,Mailed check,33.21,1984.46,Yes
CUST-00262,Female,1,No,No,40,Yes,No,Fiber optic,No,Yes,No,No,No,Yes,Month-to-month,No,Bank transfer (automatic),46.24,1841.27,No
CUST-00263,Female,0,Yes,No,62,Yes,Yes,No,Yes,No,Yes,Yes,No,No,Month-to-month,Yes,Mailed check,49.14,3093.39,No
CUST-00264,Male,0,Yes,No,59,Yes,Yes,DSL,No,No,Yes,No,No,Yes,Two year,No,Mailed check,35.73,2184.68,No
CUST-00265,Male,0,No,No,38,Yes,No,Fiber optic,No,No,No,Yes,No,No,Two year,Yes,Mailed check,36.67,1401.83,No
CUST-00266,Male,1,Yes,Yes,13,No,Yes,DSL,No,Yes,No,No,Yes,Yes,Month-to-month,Yes,Electronic check,64.63,916.29,Yes
CUST-00267,Female,0,No,Yes,31,Yes,Yes,DSL,Yes,No,No,No,Yes,Yes,Month-to-month,Yes,Electronic check,60.45,1867.88,Yes
CUST-00268,Female,0,Yes,No,64,Yes,Yes,No,No,Yes,Yes,No,No,No,Month-to-month,No,Electronic check,56.79,3642.58,No
CUST-00269,Male,0,No,No,15,Yes,Yes,Fiber optic,No,No,No,Yes,Yes,No,Month-to-month,Yes,Mailed check,44.63,665.22,Yes
CUST-00270,Male,1,No,Yes,71,Yes,Yes,Fiber optic,Yes,No,No,No,No,No,Month-to-month,Yes,Credit card (automatic),54.96,3862.05,Yes
CUST-00271,Female,0,Yes,No,13,Yes,Yes,DSL,Yes,Yes,Yes,Yes,Yes,Yes,Month-to-month,Yes,Credit card (automatic),48.63,690.77,Yes
CUST-00272,Female,0,Yes,Yes,48,Yes,No,No,No,No,No,No,No,Yes,Two year,Yes,Mailed check,31.07,1497.65,No
CUST-00273,Female,1,Yes,No,46,Yes,Yes,DSL,No,No,No,No,Yes,Yes,One year,Yes,Bank transfer (automatic),47.26,2157.2,Yes
CUST-00274,Male,0,No,Yes,14,Yes,No,Fiber optic,Yes,No,Yes,No,Yes,No,Two year,No,Credit card (automatic),33.29,437.48,No
CUST-00275,Female,0,No,No,34,Yes,No,DSL,No,Yes,Yes,No,No,No,Month-to-month,No,Credit card (automatic),29.08,1064.48,Yes
CUST-00276,Female,0,Yes,Yes,11,Yes,Yes,Fiber optic,Yes,No,Yes,Yes,No,Yes,Month-to-month,No,Credit card (automatic),56.66,617.54,Yes
CUST-00277,Female,0,Yes,No,26,Yes,Yes,Fiber optic,Yes,No,No,No,No,Yes,One year,Yes,Electronic check,42.6,1101.47,No
CUST-00278,Male,0,No,Yes,69,Yes,Yes,DSL,Yes,No,No,Yes,Yes,No,Two year,Yes,Bank transfer (automatic),18.0,1283.08,No
CUST-00279,Female,0,Yes,No,4,Yes,Yes,Fiber optic,Yes,Yes,No,Yes,Yes,No,Month-to-month,No,Bank transfer (automatic),72.02,350.0,No
CUST-00280,Female,0,No,No,62,Yes,Yes,Fiber optic,No,No,No,No,No,No,Month-to-month,Yes,Electronic check,44.84,2759.5,Yes
CUST-00281,Female,0,No,Yes,49,Yes,No,Fiber optic,Yes,Yes,Yes,No,Yes,No,One year,Yes,Electronic check,48.11,2382.41,Yes
CUST-00282,Female,0,Yes,No,54,Yes,Yes,Fiber optic,Yes,No,Yes,Yes,Yes,No,Month-to-month,Yes,Electronic check,41.03,2240.56,Yes
CUST-00283,Male,0,Yes,No,21,Yes,No,No,No,Yes,Yes,No,Yes,Yes,One year,No,Mailed check,30.61,635.83,No
CUST-00284,Female,0,Yes,No,68,Yes,No,DSL,No,Yes,No,Yes,Yes,No,Two year,No,Mailed check,19.41,1304.58,No
CUST-00285,Female,0,Yes,No,18,Yes,No,DSL,No,Yes,No,Yes,No,Yes,Two year,No,Electronic check,25.03,426.23,No
CUST-00286,Male,0,No,No,36,Yes,No,DSL,Yes,No,Yes,No,Yes,Yes,Month-to-month,No,Mailed check,45.94,1695.44,No
CUST-00287,Female,0,No,No,3,Yes,Yes,DSL,Yes,No,No,Yes,No,Yes,One year,Yes,Electronic check,61.67,195.13,Yes
CUST-00288,Male,0,No,No,64,Yes,Yes,Fiber optic,No,No,Yes,Yes,Yes,No,Month-to-month,No,Credit card (automatic),42.55,2726.39,No
CUST-00289,Male,1,No,No,51,Yes,No,DSL,Yes,Yes,No,Yes,Yes,No,One year,Yes,Electronic check,24.29,1210.24,No
CUST-00290,Female,0,Yes,Yes,12,Yes,Yes,DSL,Yes,Yes,Yes,No,No,Yes,One year,Yes,Mailed check,29.14,391.32,No
CUST-00291,Male,0,No,No,48,Yes,Yes,DSL,No,Yes,Yes,Yes,Yes,Yes,Month-to-month,Yes,Electronic check,39.82,1924.06,No
CUST-00292,Female,0,Yes,Yes,13,Yes,Yes,Fiber optic,No,No,No,Yes,Yes,No,Month-to-month,Yes,Mailed check,50.31,619.28,Yes
CUST-00293,Male,0,Yes,No,32,Yes,No,Fiber optic,No,Yes,No,No,Yes,No,One year,No,Mailed check,35.67,1127.58,No
CUST-00294,Female,1,Yes,Yes,37,Yes,Yes,Fiber optic,Yes,No,Yes,No,Yes,Yes,Month-to-month,Yes,Credit card (automatic),65.92,2469.5,Yes
CUST-00295,Male,0,No,Yes,67,Yes,Yes,No,No,Yes,Yes,Yes,No,No,Month-to-month,Yes,Bank transfer (automatic),40.72,2657.82,No
CUST-00296,Male,0,No,No,24,Yes,No,DSL,Yes,No,No,No,No,Yes,Month-to-month,No,Electronic check,50.46,1209.65,No
CUST-00297,Male,0,Yes,No,1,Yes,No,Fiber optic,No,Yes,No,No,Yes,No,Two year,Yes,Credit card (automatic),40.63,74.07,Yes
CUST-00298,Female,0,No,Yes,31,No,No,DSL,Yes,Yes,Yes,No,Yes,No,Two year,No,Mailed check,27.67,867.7,No
CUST-00299,Female,0,Yes,No,66,No,No,No,No,Yes,Yes,Yes,No,No,One year,Yes,Electronic check,35.13,2348.12,No
CUST-00300,Female,0,Yes,No,57,Yes,No,DSL,No,Yes,No,Yes,Yes,Yes,Month-to-month,Yes,Mailed check,39.96,2194.25,Yes
CUST-00301,Female,1,Yes,No,5,No,Yes,No,No,Yes,Yes,Yes,Yes,Yes,Month-to-month,Yes,Electronic check,51.03,203.14,No
CUST-00302,Male,0,No,No,4,Yes,No,Fiber optic,No,No,Yes,No,No,Yes,Two year,No,Mailed check,38.3,189.06,Yes
CUST-00303,Female,0,Yes,Yes,54,Yes,Yes,Fiber optic,Yes,No,Yes,Yes,No,Yes,Month-to-month,No,Electronic check,41.05,2232.84,Yes
CUST-00304,Male,0,Yes,Yes,52,No,No,Fiber optic,No,Yes,No,No,Yes,No,One year,Yes,Electronic check,63.15,3273.19,Yes
CUST-00305,Male,0,Yes,No,40,Yes,No,DSL,Yes,No,No,Yes,Yes,Yes,Month-to-month,Yes,Bank transfer (automatic),41.14,1656.7,No
CUST-00306,Female,0,No,Yes,7,Yes,Yes,DSL,No,Yes,No,No,No,Yes,Month-to-month,Yes,Electronic check,59.13,438.07,No
CUST-00307,Female,0,No,No,20,Yes,Yes,No,Yes,No,No,Yes,No,No,Month-to-month,No,Bank transfer (automatic),37.14,723.38,Yes
CUST-00308,Male,0,Yes,No,61,Yes,Yes,Fiber optic,Yes,Yes,No,Yes,Yes,Yes,One year,Yes,Credit card (automatic),25.7,1540.01,No
CUST-00309,Female,0,No,No,10,No,Yes,DSL,Yes,Yes,Yes,No,No,Yes,One year,No,Electronic check,30.7,253.67,No
CUST-00310,Female,0,Yes,Yes,15,Yes,Yes,DSL,No,No,No,No,No,Yes,One year,No,Electronic check,39.11,644.86,No
CUST-00311,Male,0,Yes,No,33,Yes,Yes,DSL,Yes,Yes,Yes,No,Yes,No,Month-to-month,No,Electronic check,43.84,1449.66,No
CUST-00312,Male,1,No,No,53,Yes,Yes,Fiber optic,No,Yes,No,Yes,No,No,Two year,Yes,Mailed check,41.13,2240.79,No
CUST-00313,Female,0,No,Yes,59,Yes,No,Fiber optic,Yes,No,Yes,No,No,Yes,One year,Yes,Credit card (automatic),39.48,2275.75,No
CUST-00314,Female,0,Yes,Yes,43,Yes,No,Fiber optic,Yes,No,No,Yes,No,Yes,One year,Yes,Electronic check,37.24,1606.54,No
CUST-00315,Female,0,No,Yes,35,No,Yes,DSL,No,No,No,No,No,No,Month-to-month,Yes,Electronic check,72.7,2496.91,Yes
CUST-00316,Male,0,Yes,No,28,Yes,No,No,Yes,No,No,Yes,Yes,No,One year,Yes,Bank transfer (automatic),36.78,1100.2,No
CUST-00317,Male,0,No,No,4,Yes,No,DSL,No,Yes,No,No,No,Yes,One year,Yes,Bank transfer (automatic),37.47,258.88,No
CUST-00318,Male,0,No,No,19,Yes,No,DSL,No,No,No,No,Yes,Yes,Month-to-month,Yes,Electronic check,46.99,942.96,Yes
CUST-00319,Male,0,No,Yes,16,Yes,Yes,No,No,No,No,Yes,Yes,Yes,Month-to-month,No,Electronic check,51.27,775.56,Yes
CUST-00320,Male,1,Yes,No,5,Yes,No,Fiber optic,Yes,Yes,Yes,Yes,No,Yes,One year,Yes,Electronic check,47.7,192.25,Yes
CUST-00321,Female,0,No,Yes,53,Yes,Yes,Fiber optic,Yes,Yes,No,No,No,Yes,One year,Yes,Electronic check,52.12,2758.48,No
CUST-00322,Female,0,No,Yes,26,Yes,Yes,No,No,No,Yes,No,Yes,Yes,Month-to-month,Yes,Mailed check,45.81,1196.63,Yes
CUST-00323,Male,0,Yes,Yes,37,Yes,Yes,DSL,No,No,No,No,Yes,Yes,Two year,Yes,Electronic check,34.42,1294.33,Yes
CUST-00324,Male,1,Yes,No,15,Yes,No,DSL,No,Yes,Yes,Yes,Yes,Yes,Two year,Yes,Electronic check,28.0,438.99,Yes
CUST-00325,Male,1,No,No,42,No,Yes,DSL,Yes,No,No,Yes,No,Yes,One year,No,Credit card (automatic),39.31,1651.72,No
CUST-00326,Female,0,Yes,No,10,Yes,Yes,DSL,Yes,Yes,No,No,No,Yes,Month-to-month,Yes,Electronic check,43.81,428.99,Yes
CUST-00327,Female,0,No,No,49,Yes,No,Fiber optic,No,Yes,Yes,No,Yes,Yes,Month-to-month,Yes,Credit card (automatic),53.0,2564.16,No
CUST-00328,Female,0,Yes,Yes,53,Yes,Yes,Fiber optic,Yes,No,No,No,Yes,No,Two year,Yes,Mailed check,30.72,1655.28,No
CUST-00329,Female,0,No,No,23,Yes,No,Fiber optic,Yes,Yes,No,Yes,No,Yes,Month-to-month,Yes,Mailed check,52.88,1121.09,Yes
CUST-00330,Male,0,Yes,Yes,16,Yes,Yes,Fiber optic,No,Yes,No,Yes,No,No,Month-to-month,No,Credit card (automatic),55.77,896.3,Yes
CUST-00331,Male,0,No,No,56,Yes,Yes,DSL,Yes,No,Yes,Yes,No,No,Month-to-month,Yes,Mailed check,33.47,1883.42,No
CUST-00332,Female,0,No,No,16,Yes,No,DSL,No,Yes,No,No,No,No,Month-to-month,Yes,Electronic check,43.28,683.62,Yes
CUST-00333,Female,0,Yes,Yes,13,Yes,Yes,Fiber optic,Yes,No,Yes,No,Yes,No,One year,Yes,Credit card (automatic),60.25,815.83,Yes
CUST-00334,Male,0,No,Yes,25,Yes,No,Fiber optic,No,No,No,Yes,Yes,Yes,Two year,Yes,Mailed check,40.67,1056.15,Yes
CUST-00335,Female,0,No,Yes,69,Yes,Yes,Fiber optic,No,No,No,Yes,Yes,No,Month-to-month,Yes,Bank transfer (automatic),52.28,3615.5,No
CUST-00336,Male,0,Yes,Yes,33,Yes,Yes,No,No,No,Yes,No,Yes,No,One year,No,Electronic check,29.68,1071.98,No
CUST-00337,Male,0,Yes,No,19,Yes,No,No,No,No,Yes,No,No,Yes,One year,Yes,Electronic check,34.86,634.51,Yes
CUST-00338,Female,0,No,Yes,37,Yes,Yes,Fiber optic,Yes,No,Yes,No,No,Yes,One year,No,Credit card (automatic),37.19,1357.5,Yes
CUST-00339,Female,0,No,No,25,Yes,Yes,Fiber optic,Yes,No,Yes,No,No,Yes,Month-to-month,Yes,Mailed check,46.46,1144.88,No
CUST-00340,Male,0,Yes,No,48,Yes,No,Fiber optic,Yes,Yes,Yes,Yes,Yes,No,One year,Yes,Mailed check,27.96,1387.24,No
CUST-00341,Male,0,No,No,32,Yes,Yes,No,No,No,No,No,No,No,One year,Yes,Bank transfer (automatic),41.73,1349.9,No
CUST-00342,Female,0,Yes,No,42,Yes,No,Fiber optic,Yes,Yes,No,Yes,No,Yes,Month-to-month,Yes,Mailed check,29.33,1154.95,No
CUST-00343,Male,0,Yes,No,31,No,No,DSL,No,Yes,No,No,Yes,No,Two year,No,Bank transfer (automatic),32.43,992.17,No
CUST-00344,Male,0,No,Yes,35,Yes,No,DSL,No,No,No,No,Yes,No,Month-to-month,Yes,Electronic check,42.8,1474.02,Yes
CUST-00345,Male,0,Yes,Yes,32,Yes,No,No,Yes,Yes,No,No,No,No,One year,No,Credit card (automatic),37.67,1273.15,No
CUST-00346,Female,0,Yes,No,28,No,No,DSL,No,Yes,Yes,No,Yes,Yes,One year,Yes,Electronic check,43.81,1194.34,Yes
CUST-00347,Male,0,Yes,No,69,Yes,No,Fiber optic,No,No,No,Yes,No,Yes,One year,Yes,Mailed check,42.22,2912.52,No
CUST-00348,Male,0,Yes,No,19,No,Yes,No,No,Yes,No,No,Yes,No,Month-to-month,No,Credit card (automatic),53.22,948.21,Yes
CUST-00349,Female,0,Yes,Yes,58,Yes,No,Fiber optic,Yes,No,Yes,Yes,Yes,No,One year,Yes,Bank transfer (automatic),30.66,1784.58,No
CUST-00350,Female,0,No,No,51,Yes,Yes,DSL,Yes,No,Yes,Yes,No,No,Month-to-month,Yes,Mailed check,31.67,1690.45,No
CUST-00351,Male,0,No,No,38,Yes,No,DSL,No,No,No,No,Yes,No,Month-to-month,No,Credit card (automatic),47.61,1775.86,Yes
CUST-00352,Female,0,No,No,23,Yes,No,Fiber optic,Yes,Yes,Yes,No,Yes,Yes,Month-to-month,Yes,Electronic check,66.54,1567.69,Yes
CUST-00353,Female,0,No,Yes,35,Yes,Yes,Fiber optic,No,No,Yes,Yes,Yes,No,One year,No,Mailed check,48.75,1698.01,Yes
CUST-00354,Female,0,Yes,Yes,61,Yes,No,DSL,No,Yes,Yes,Yes,Yes,Yes,One year,No,Credit card (automatic),18.0,1097.22,No
CUST-00355,Male,0,Yes,No,13,Yes,No,Fiber optic,No,No,No,No,Yes,No,Month-to-month,Yes,Bank transfer (automatic),54.82,737.47,Yes
CUST-00356,Male,1,No,No,42,Yes,Yes,Fiber optic,Yes,Yes,No,No,No,Yes,Month-to-month,Yes,Electronic check,46.53,1904.0,Yes
CUST-00357,Female,0,Yes,Yes,55,Yes,No,DSL,Yes,Yes,No,No,Yes,Yes,Two year,No,Credit card (automatic),32.17,1738.68,No
CUST-00358,Male,0,Yes,Yes,46,No,No,DSL,No,Yes,Yes,Yes,Yes,Yes,Month-to-month,No,Bank transfer (automatic),33.98,1526.85,Yes
CUST-00359,Female,0,No,No,11,Yes,Yes,DSL,Yes,No,No,No,Yes,No,Month-to-month,Yes,Credit card (automatic),44.81,560.55,Yes
CUST-00360,Male,0,No,No,37,Yes,No,No,Yes,Yes,Yes,No,No,No,Two year,No,Bank transfer (automatic),21.86,850.99,No
CUST-00361,Male,0,No,No,13,Yes,Yes,DSL,No,Yes,No,Yes,Yes,No,Month-to-month,No,Electronic check,40.7,568.61,Yes
CUST-00362,Male,0,Yes,No,66,Yes,No,DSL,No,Yes,No,No,No,Yes,Month-to-month,Yes,Credit card (automatic),31.77,2137.23,Yes
CUST-00363,Female,0,Yes,Yes,25,No,No,Fiber optic,Yes,No,No,Yes,No,No,Month-to-month,Yes,Credit card (automatic),42.94,1105.85,Yes
CUST-00364,Male,0,Yes,Yes,30,Yes,No,Fiber optic,No,No,No,Yes,Yes,No,One year,Yes,Mailed check,42.05,1196.58,No
CUST-00365,Female,0,No,No,61,Yes,No,Fiber optic,No,Yes,No,No,Yes,Yes,One year,Yes,Electronic check,56.96,3450.7,No
CUST-00366,Male,0,Yes,No,31,Yes,Yes,Fiber optic,Yes,Yes,Yes,No,No,Yes,Month-to-month,Yes,Credit card (automatic),53.6,1652.91,Yes
CUST-00367,Female,0,Yes,Yes,14,Yes,Yes,Fiber optic,Yes,Yes,Yes,No,Yes,Yes,One year,Yes,Bank transfer (automatic),40.18,567.8,No
CUST-00368,Female,0,Yes,No,64,Yes,Yes,Fiber optic,No,No,No,No,No,Yes,Month-to-month,Yes,Electronic check,50.59,3197.08,Yes
CUST-00369,Female,1,No,Yes,47,No,No,No,Yes,No,Yes,No,No,Yes,Month-to-month,Yes,Mailed check,18.61,819.25,Yes
CUST-00370,Male,0,No,Yes,43,Yes,Yes,Fiber optic,No,No,Yes,No,No,Yes,One year,Yes,Credit card (automatic),38.36,1607.35,No
CUST-00371,Female,0,Yes,No,6,Yes,Yes,Fiber optic,Yes,No,Yes,Yes,Yes,No,Two year,Yes,Bank transfer (automatic),40.57,213.08,Yes
CUST-00372,Male,0,Yes,Yes,32,Yes,No,DSL,No,Yes,No,Yes,Yes,No,One year,No,Bank transfer (automatic),27.11,852.81,No
CUST-00373,Female,0,Yes,Yes,33,Yes,No,Fiber optic,No,No,No,Yes,Yes,No,One year,No,Bank transfer (automatic),32.79,1099.11,Yes
CUST-00374,Female,0,Yes,No,19,Yes,No,No,No,No,Yes,No,Yes,Yes,One year,No,Mailed check,18.0,335.84,No
CUST-00375,Male,0,No,No,41,Yes,No,DSL,Yes,No,No,Yes,No,Yes,Month-to-month,Yes,Bank transfer (automatic),26.88,1150.82,Yes
CUST-00376,Female,0,Yes,No,18,Yes,No,DSL,No,Yes,Yes,Yes,Yes,Yes,One year,Yes,Electronic check,32.2,604.44,Yes
CUST-00377,Male,0,No,No,34,Yes,No,Fiber optic,No,No,No,No,No,No,One year,No,Electronic check,38.21,1286.69,Yes
CUST-00378,Male,0,No,Yes,57,Yes,Yes,No,Yes,No,Yes,No,No,Yes,One year,Yes,Credit card (automatic),18.0,1043.97,No
CUST-00379,Female,0,No,No,53,Yes,No,DSL,Yes,Yes,No,No,Yes,No,One year,Yes,Electronic check,36.48,1929.3,Yes
CUST-00380,Female,0,No,No,20,Yes,No,No,Yes,Yes,No,No,No,Yes,Month-to-month,No,Mailed check,38.28,742.02,No
CUST-00381,Female,0,Yes,Yes,15,Yes,Yes,DSL,Yes,No,No,Yes,No,No,One year,Yes,Electronic check,43.79,659.19,Yes
CUST-00382,Male,0,Yes,No,1,Yes,No,No,Yes,No,No,Yes,Yes,Yes,One year,No,Credit card (automatic),29.56,46.16,Yes
CUST-00383,Male,0,Yes,No,25,Yes,No,No,No,Yes,Yes,No,No,Yes,Month-to-month,Yes,Electronic check,56.6,1455.14,Yes
CUST-00384,Female,0,No,No,2,Yes,No,Fiber optic,No,No,Yes,No,Yes,No,Month-to-month,Yes,Bank transfer (automatic),67.28,222.77,Yes
CUST-00385,Female,0,Yes,No,10,Yes,Yes,No,No,Yes,Yes,No,No,Yes,Month-to-month,Yes,Mailed check,38.24,433.32,Yes
CUST-00386,Female,0,Yes,No,70,No,No,No,Yes,Yes,No,No,No,Yes,Month-to-month,Yes,Electronic check,35.02,2411.49,Yes
CUST-00387,Female,0,Yes,No,61,No,Yes,No,No,Yes,No,Yes,No,No,One year,Yes,Electronic check,42.18,2509.16,No
CUST-00388,Male,1,Yes,Yes,40,Yes,Yes,Fiber optic,Yes,No,Yes,Yes,Yes,Yes,Month-to-month,Yes,Credit card (automatic),51.69,2119.35,No
CUST-00389,Male,0,No,No,55,Yes,Yes,Fiber optic,Yes,Yes,No,No,Yes,No,One year,No,Electronic check,30.75,1686.28,No
CUST-00390,Female,0,No,No,35,Yes,Yes,DSL,No,No,No,No,No,No,Two year,Yes,Mailed check,48.99,1686.48,Yes
CUST-00391,Male,0,No,No,43,Yes,Yes,DSL,Yes,Yes,No,Yes,No,No,Month-to-month,No,Electronic check,32.96,1482.54,Yes
CUST-00392,Female,1,No,No,66,Yes,Yes,Fiber optic,Yes,Yes,No,No,Yes,No,One year,No,Bank transfer (automatic),36.04,2371.12,No
CUST-00393,Female,0,Yes,Yes,6,Yes,No,DSL,No,Yes,No,No,No,Yes,Month-to-month,Yes,Electronic check,58.34,345.62,Yes
CUST-00394,Male,0,Yes,Yes,25,Yes,No,No,No,Yes,No,Yes,Yes,No,Month-to-month,Yes,Bank transfer (automatic),54.48,1336.45,Yes
CUST-00395,Male,1,Yes,No,9,No,No,DSL,No,Yes,Yes,Yes,No,No,One year,No,Mailed check,29.54,184.5,No
CUST-00396,Male,0,No,No,57,No,No,DSL,Yes,Yes,No,Yes,Yes,Yes,Month-to-month,Yes,Bank transfer (automatic),43.93,2467.11,No
CUST-00397,Female,1,No,Yes,59,Yes,No,DSL,No,No,No,Yes,Yes,No,One year,No,Electronic check,35.62,2076.14,No
CUST-00398,Female,0,Yes,No,52,No,Yes,DSL,Yes,No,Yes,No,Yes,Yes,One year,No,Bank transfer (automatic),18.76,909.92,No
CUST-00399,Female,0,No,No,44,Yes,No,DSL,Yes,No,No,No,Yes,No,Month-to-month,Yes,Electronic check,40.1,1767.59,Yes
CUST-00400,Female,0,Yes,No,34,Yes,No,Fiber optic,No,No,No,Yes,No,Yes,Month-to-month,No,Credit card (automatic),34.36,1178.91,Yes
CUST-00401,Male,0,Yes,Yes,2,Yes,No,DSL,No,Yes,No,No,No,Yes,Two year,Yes,Credit card (automatic),42.46,121.31,No
CUST-00402,Male,1,No,No,55,Yes,Yes,No,No,No,No,No,No,Yes,Two year,Yes,Electronic check,28.61,1543.28,No
CUST-00403,Female,0,No,No,64,Yes,No,Fiber optic,No,Yes,Yes,No,Yes,Yes,Month-to-month,Yes,Mailed check,50.49,3156.46,Yes
CUST-00404,Male,1,No,No,69,Yes,Yes,Fiber optic,Yes,No,No,No,No,No,Two year,Yes,Credit card (automatic),37.87,2599.93,No
CUST-00405,Female,0,No,Yes,25,Yes,Yes,Fiber optic,No,Yes,Yes,No,No,No,Two year,No,Electronic check,44.15,1053.71,Yes
CUST-00406,Male,0,Yes,No,15,No,No,DSL,Yes,No,No,Yes,No,Yes,Month-to-month,Yes,Electronic check,45.95,688.19,Yes
CUST-00407,Female,1,No,No,47,Yes,Yes,DSL,No,No,Yes,No,No,Yes,Month-to-month,Yes,Mailed check,38.94,1864.89,No
CUST-00408,Female,0,No,No,2,Yes,Yes,No,No,No,No,No,Yes,No,Month-to-month,Yes,Electronic check,57.51,93.8,No
CUST-00409,Male,1,Yes,No,5,Yes,Yes,Fiber optic,No,No,No,No,No,No,Month-to-month,Yes,Bank transfer (automatic),57.99,287.08,Yes
CUST-00410,Female,0,Yes,Yes,59,Yes,Yes,DSL,No,Yes,No,No,Yes,Yes,Month-to-month,Yes,Credit card (automatic),39.33,2238.51,Yes
CUST-00411,Female,0,No,No,68,Yes,No,Fiber optic,No,Yes,Yes,No,No,No,Month-to-month,Yes,Mailed check,67.45,4571.04,Yes
CUST-00412,Female,0,Yes,Yes,29,Yes,Yes,DSL,Yes,Yes,No,Yes,Yes,Yes,One year,Yes,Credit card (automatic),25.99,817.89,No
CUST-00413,Female,0,Yes,Yes,37,Yes,Yes,DSL,No,No,Yes,No,Yes,Yes,Month-to-month,Yes,Electronic check,52.5,1964.82,No
CUST-00414,Female,0,No,No,39,No,Yes,DSL,No,No,No,Yes,Yes,Yes,Month-to-month,Yes,Credit card (automatic),46.2,1770.55,Yes
CUST-00415,Female,0,No,Yes,10,Yes,Yes,Fiber optic,Yes,Yes,No,No,No,No,Two year,No,Electronic check,40.15,356.6,Yes
CUST-00416,Male,0,No,No,16,Yes,Yes,Fiber optic,Yes,No,No,No,No,Yes,One year,Yes,Credit card (automatic),44.45,710.18,Yes
CUST-00417,Male,0,No,No,22,Yes,No,Fiber optic,Yes,Yes,Yes,No,Yes,Yes,One year,Yes,Credit card (automatic),44.53,1000.01,Yes
CUST-00418,Female,1,Yes,No,60,No,No,DSL,Yes,Yes,Yes,Yes,No,No,Month-to-month,Yes,Electronic check,44.87,2661.5,Yes
CUST-00419,Female,0,No,Yes,32,Yes,No,DSL,No,No,Yes,No,Yes,Yes,One year,Yes,Electronic check,38.5,1224.24,Yes
CUST-00420,Male,0,Yes,No,52,No,Yes,DSL,No,Yes,No,Yes,No,Yes,Month-to-month,Yes,Electronic check,45.83,2305.93,Yes
CUST-00421,Male,1,No,No,14,Yes,No,Fiber optic,No,Yes,No,Yes,No,Yes,Month-to-month,No,Mailed check,41.62,615.19,Yes
CUST-00422,Male,0,Yes,No,68,Yes,Yes,No,Yes,No,No,No,No,Yes,One year,Yes,Credit card (automatic),45.44,3055.67,No
CUST-00423,Male,0,No,Yes,63,Yes,No,Fiber optic,Yes,Yes,No,No,Yes,No,Month-to-month,Yes,Bank transfer (automatic),51.97,3299.47,Yes
CUST-00424,Male,0,No,Yes,34,Yes,No,DSL,Yes,Yes,Yes,Yes,No,No,Month-to-month,Yes,Bank transfer (automatic),41.58,1427.66,No
CUST-00425,Female,0,No,No,17,Yes,No,DSL,Yes,Yes,Yes,No,No,Yes,One year,No,Bank transfer (automatic),26.02,460.82,Yes
CUST-00426,Female,0,Yes,Yes,70,Yes,No,DSL,No,No,No,No,Yes,Yes,Month-to-month,Yes,Mailed check,39.43,2749.75,No
CUST-00427,Male,0,Yes,No,58,Yes,Yes,No,No,No,Yes,Yes,No,No,Month-to-month,No,Bank transfer (automatic),32.75,1965.31,No
CUST-00428,Male,0,Yes,Yes,37,Yes,No,Fiber optic,No,No,Yes,No,Yes,No,Month-to-month,Yes,Electronic check,51.18,1867.63,Yes
CUST-00429,Female,0,Yes,Yes,19,Yes,No,No,Yes,No,Yes,Yes,Yes,Yes,Two year,Yes,Bank transfer (automatic),18.0,408.42,No
CUST-00430,Male,0,No,No,45,Yes,No,DSL,No,No,No,No,No,No,Two year,Yes,Bank transfer (automatic),26.5,1202.65,No
CUST-00431,Female,0,Yes,No,27,Yes,No,Fiber optic,Yes,No,Yes,No,No,No,Month-to-month,Yes,Bank transfer (automatic),39.18,1062.81,Yes
CUST-00432,Male,0,No,No,48,Yes,No,Fiber optic,Yes,No,No,Yes,No,Yes,Month-to-month,No,Electronic check,38.34,1831.1,Yes
CUST-00433,Male,0,Yes,No,60,Yes,No,Fiber optic,Yes,Yes,No,Yes,No,No,Month-to-month,Yes,Mailed check,57.59,3459.89,No
CUST-00434,Female,1,Yes,No,35,No,Yes,Fiber optic,Yes,Yes,No,Yes,No,No,One year,Yes,Electronic check,45.37,1588.34,Yes
CUST-00435,Female,0,No,No,4,Yes,Yes,DSL,No,Yes,Yes,No,Yes,Yes,Month-to-month,Yes,Electronic check,56.01,293.76,Yes
CUST-00436,Female,0,Yes,Yes,40,Yes,Yes,Fiber optic,No,No,Yes,No,Yes,No,Two year,Yes,Credit card (automatic),35.67,1378.23,Yes
CUST-00437,Male,0,Yes,No,61,Yes,No,No,No,No,No,No,Yes,No,Month-to-month,Yes,Mailed check,46.99,2858.62,Yes
CUST-00438,Male,0,Yes,No,16,Yes,No,DSL,Yes,No,Yes,No,No,Yes,Month-to-month,No,Electronic check,40.85,615.74,Yes
CUST-00439,Female,0,Yes,No,69,Yes,No,Fiber optic,No,Yes,No,No,Yes,No,Month-to-month,Yes,Credit card (automatic),42.57,2914.32,Yes
CUST-00440,Female,0,No,No,26,Yes,Yes,No,No,Yes,Yes,No,Yes,Yes,Month-to-month,No,Electronic check,41.99,1092.44,No
CUST-00441,Male,1,Yes,No,49,Yes,No,Fiber optic,No,No,No,Yes,No,Yes,Month-to-month,No,Mailed check,37.54,1899.65,Yes
CUST-00442,Female,0,Yes,No,50,Yes,No,Fiber optic,Yes,Yes,No,No,No,No,Month-to-month,Yes,Mailed check,57.01,2869.81,Yes
CUST-00443,Female,0,No,No,13,Yes,No,DSL,No,No,No,No,Yes,No,Two year,No,Mailed check,33.04,391.26,Yes
CUST-00444,Female,0,Yes,No,3,Yes,No,Fiber optic,No,Yes,No,Yes,No,Yes,One year,No,Electronic check,40.06,108.44,Yes
CUST-00445,Male,0,No,No,68,Yes,No,No,No,No,Yes,Yes,Yes,No,One year,Yes,Electronic check,44.71,3086.38,No
CUST-00446,Male,0,Yes,No,50,Yes,Yes,No,Yes,Yes,Yes,Yes,No,Yes,Month-to-month,No,Electronic check,49.68,2460.62,Yes
CUST-00447,Female,0,No,Yes,45,Yes,Yes,DSL,Yes,No,Yes,No,Yes,Yes,Month-to-month,Yes,Electronic check,40.79,1840.96,Yes
CUST-00448,Male,0,Yes,No,22,Yes,No,No,No,Yes,No,Yes,No,Yes,Two year,Yes,Electronic check,34.65,778.65,Yes
CUST-00449,Male,1,Yes,Yes,8,Yes,No,DSL,Yes,Yes,Yes,Yes,Yes,No,Month-to-month,Yes,Credit card (automatic),46.56,363.71,Yes
CUST-00450,Female,1,No,No,20,Yes,No,Fiber optic,No,No,No,No,No,Yes,One year,No,Electronic check,40.34,770.28,No
CUST-00451,Male,0,No,No,39,Yes,No,DSL,No,Yes,Yes,No,No,Yes,Two year,Yes,Electronic check,32.04,1259.62,No
CUST-00452,Male,0,No,Yes,50,Yes,No,DSL,No,Yes,Yes,Yes,Yes,No,One year,No,Bank transfer (automatic),25.05,1344.7,No
CUST-00453,Female,0,No,Yes,23,Yes,No,Fiber optic,Yes,No,No,No,No,No,Month-to-month,No,Electronic check,47.82,1081.22,Yes
CUST-00454,Female,1,Yes,No,16,Yes,No,Fiber optic,No,Yes,Yes,No,No,Yes,Month-to-month,Yes,Mailed check,76.98,1210.26,Yes
CUST-00455,Male,0,No,No,18,Yes,No,No,Yes,Yes,Yes,Yes,Yes,No,Month-to-month,Yes,Mailed check,33.78,637.7,Yes
CUST-00456,Male,0,No,Yes,69,Yes,Yes,DSL,No,Yes,Yes,Yes,Yes,Yes,Month-to-month,No,Credit card (automatic),25.73,1870.7,Yes
CUST-00457,Female,0,Yes,Yes,45,No,Yes,No,No,No,No,Yes,Yes,Yes,One year,Yes,Electronic check,47.33,2095.84,Yes
CUST-00458,Male,0,Yes,No,71,Yes,No,Fiber optic,Yes,Yes,Yes,Yes,No,No,Two year,No,Electronic check,34.47,2400.09,No
CUST-00459,Male,0,Yes,No,1,Yes,No,DSL,Yes,No,Yes,No,No,Yes,One year,Yes,Electronic check,41.54,73.39,Yes
CUST-00460,Female,1,No,No,33,Yes,Yes,DSL,No,No,Yes,No,Yes,No,Month-to-month,No,Mailed check,51.93,1746.46,Yes
CUST-00461,Male,0,Yes,Yes,33,Yes,No,Fiber optic,No,Yes,No,No,Yes,No,Month-to-month,Yes,Electronic check,45.21,1452.88,Yes
CUST-00462,Female,1,Yes,No,29,Yes,Yes,No,Yes,No,No,Yes,No,No,Month-to-month,No,Bank transfer (automatic),43.52,1250.19,Yes
CUST-00463,Male,0,No,No,28,Yes,No,DSL,Yes,No,Yes,Yes,No,Yes,Two year,No,Credit card (automatic),24.49,639.39,No
CUST-00464,Female,0,No,No,6,Yes,Yes,Fiber optic,No,No,No,No,Yes,Yes,Month-to-month,Yes,Mailed check,54.78,314.01,Yes
CUST-00465,Female,0,Yes,No,3,Yes,No,Fiber optic,Yes,Yes,Yes,No,Yes,Yes,Month-to-month,Yes,Electronic check,56.4,157.66,Yes
CUST-00466,Male,0,No,No,56,Yes,No,Fiber optic,Yes,No,No,No,No,Yes,Two year,Yes,Mailed check,53.07,3009.98,No
CUST-00467,Female,0,Yes,No,32,Yes,Yes,Fiber optic,No,Yes,No,No,No,No,Two year,No,Electronic check,37.47,1248.01,Yes
CUST-00468,Male,0,No,Yes,12,Yes,Yes,No,Yes,No,No,Yes,No,Yes,Month-to-month,Yes,Credit card (automatic),35.76,425.28,Yes
CUST-00469,Female,0,Yes,Yes,25,No,No,DSL,Yes,Yes,Yes,No,No,Yes,Two year,No,Electronic check,37.29,992.35,No
CUST-00470,Male,0,Yes,No,67,Yes,Yes,DSL,No,No,No,Yes,Yes,Yes,Month-to-month,Yes,Credit card (automatic),49.67,3366.26,Yes
CUST-00471,Male,0,No,Yes,34,Yes,Yes,DSL,No,Yes,No,No,No,Yes,Two year,Yes,Credit card (automatic),24.69,786.67,Yes
CUST-00472,Male,0,Yes,No,71,No,No,No,No,No,Yes,No,No,Yes,Month-to-month,Yes,Electronic check,50.12,3603.82,Yes
CUST-00473,Female,0,No,No,12,Yes,No,Fiber optic,Yes,No,No,No,No,No,Month-to-month,Yes,Credit card (automatic),38.66,496.27,Yes
CUST-00474,Female,1,Yes,No,9,No,No,DSL,No,Yes,Yes,No,No,Yes,One year,No,Credit card (automatic),28.66,334.81,Yes
CUST-00475,Male,0,No,Yes,41,Yes,Yes,Fiber optic,Yes,Yes,No,Yes,No,Yes,Month-to-month,Yes,Bank transfer (automatic),42.72,1762.19,Yes
CUST-00476,Male,0,No,Yes,49,Yes,No,Fiber optic,No,Yes,No,Yes,Yes,No,Two year,No,Credit card (automatic),24.69,1280.73,Yes
CUST-00477,Male,0,No,No,70,No,No,DSL,Yes,No,No,No,Yes,No,Month-to-month,No,Mailed check,25.69,1728.98,No
CUST-00478,Female,0,No,No,34,Yes,No,DSL,Yes,No,No,No,Yes,No,Month-to-month,Yes,Bank transfer (automatic),36.19,1212.73,Yes
CUST-00479,Male,0,No,Yes,15,Yes,No,Fiber optic,No,Yes,No,No,No,No,One year,Yes,Mailed check,38.84,503.35,No
CUST-00480,Female,1,Yes,No,39,Yes,No,Fiber optic,Yes,No,Yes,No,No,Yes,One year,Yes,Credit card (automatic),45.46,1760.62,Yes
CUST-00481,Female,0,Yes,Yes,22,Yes,No,DSL,No,Yes,No,No,No,Yes,Month-to-month,Yes,Mailed check,37.15,823.94,Yes
CUST-00482,Male,0,No,Yes,13,Yes,No,DSL,No,No,No,No,Yes,No,One year,Yes,Electronic check,43.58,565.52,Yes
CUST-00483,Female,0,No,No,7,Yes,No,DSL,Yes,Yes,Yes,No,Yes,No,Month-to-month,Yes,Bank transfer (automatic),31.25,255.99,Yes
CUST-00484,Male,0,No,No,52,Yes,No,Fiber optic,No,No,Yes,Yes,Yes,No,Month-to-month,Yes,Bank transfer (automatic),43.24,2347.61,Yes
CUST-00485,Female,0,No,No,46,Yes,No,DSL,No,No,Yes,Yes,No,Yes,Month-to-month,Yes,Credit card (automatic),45.87,2095.66,Yes
CUST-00486,Female,0,Yes,No,12,No,No,DSL,Yes,Yes,Yes,Yes,Yes,No,Month-to-month,No,Electronic check,38.17,508.92,Yes
CUST-00487,Female,0,No,No,40,No,Yes,DSL,Yes,No,No,Yes,No,No,Month-to-month,Yes,Bank transfer (automatic),43.78,1779.63,No
CUST-00488,Male,0,No,Yes,63,Yes,No,No,No,No,Yes,No,Yes,Yes,One year,Yes,Mailed check,19.66,1253.49,No
CUST-00489,Male,0,No,No,59,Yes,No,Fiber optic,Yes,Yes,No,No,Yes,Yes,Month-to-month,Yes,Bank transfer (automatic),36.07,2162.39,Yes
CUST-00490,Male,0,No,Yes,33,Yes,No,DSL,No,Yes,No,No,Yes,Yes,Month-to-month,Yes,Mailed check,49.5,1619.86,Yes
CUST-00491,Male,0,No,No,5,Yes,Yes,Fiber optic,No,Yes,No,No,Yes,Yes,Month-to-month,No,Electronic check,60.55,345.02,Yes
CUST-00492,Male,0,No,No,46,Yes,Yes,Fiber optic,Yes,Yes,No,No,No,Yes,Two year,No,Electronic check,51.45,2309.0,Yes
CUST-00493,Male,0,Yes,No,37,Yes,Yes,No,No,No,No,No,Yes,Yes,Two year,Yes,Electronic check,43.14,1602.53,No
CUST-00494,Male,0,No,Yes,66,No,No,No,No,No,No,Yes,No,No,One year,Yes,Bank transfer (automatic),42.27,2777.6,No
CUST-00495,Female,0,Yes,No,40,Yes,No,Fiber optic,Yes,Yes,No,Yes,Yes,Yes,One year,Yes,Electronic check,33.33,1432.76,Yes
CUST-00496,Female,0,Yes,No,53,Yes,No,Fiber optic,Yes,Yes,Yes,No,No,No,Month-to-month,No,Credit card (automatic),40.96,2127.83,No
CUST-00497,Female,0,Yes,No,38,No,No,DSL,Yes,No,No,Yes,Yes,Yes,Month-to-month,Yes,Mailed check,26.96,1044.24,No
CUST-00498,Female,0,Yes,No,39,Yes,Yes,Fiber optic,No,No,No,Yes,No,No,One year,Yes,Electronic check,53.19,2125.0,No
CUST-00499,Male,1,Yes,No,23,Yes,No,Fiber optic,No,No,No,No,No,Yes,Month-to-month,Yes,Credit card (automatic),50.18,1131.74,Yes
CUST-00500,Female,0,No,No,29,Yes,Yes,DSL,No,No,Yes,No,No,Yes,Two year,Yes,Electronic check,44.38,1288.57,Yes
CUST-00501,Female,0,No,No,22,No,Yes,Fiber optic,No,Yes,No,Yes,No,No,One year,Yes,Electronic check,29.12,620.38,Yes
CUST-00502,Male,0,No,No,33,Yes,Yes,DSL,No,No,No,No,No,Yes,Month-to-month,Yes,Electronic check,31.35,1017.23,Yes
CUST-00503,Male,0,Yes,No,68,Yes,No,Fiber optic,Yes,No,No,No,No,Yes,Two year,Yes,Mailed check,48.1,3338.38,No
CUST-00504,Male,0,Yes,No,25,No,Yes,DSL,No,No,Yes,No,No,Yes,Two year,Yes,Electronic check,68.15,1628.33,Yes
CUST-00505,Female,0,No,No,33,Yes,No,DSL,Yes,Yes,No,No,No,No,Month-to-month,No,Credit card (automatic),41.83,1391.51,No
CUST-00506,Female,0,No,No,68,Yes,No,DSL,Yes,No,Yes,Yes,No,No,One year,No,Mailed check,39.39,2595.18,No
CUST-00507,Male,0,No,No,11,Yes,No,DSL,Yes,Yes,No,No,No,Yes,Two year,Yes,Electronic check,34.11,413.42,Yes
CUST-00508,Female,0,No,No,18,Yes,Yes,DSL,Yes,Yes,Yes,No,No,No,One year,Yes,Bank transfer (automatic),24.9,432.94,Yes
CUST-00509,Female,0,No,No,36,Yes,Yes,Fiber optic,No,Yes,No,No,Yes,Yes,Two year,No,Credit card (automatic),49.71,1720.66,No
CUST-00510,Female,0,No,No,30,Yes,No,Fiber optic,No,No,No,No,No,No,Month-to-month,Yes,Credit card (automatic),48.93,1462.13,Yes
CUST-00511,Male,0,No,No,25,Yes,Yes,Fiber optic,No,No,Yes,No,Yes,No,Two year,Yes,Electronic check,43.8,1046.82,No
CUST-00512,Male,1,No,No,56,Yes,No,Fiber optic,Yes,Yes,Yes,No,Yes,Yes,One year,Yes,Credit card (automatic),53.81,3053.22,No
CUST-00513,Male,0,No,No,36,Yes,Yes,No,Yes,Yes,No,No,No,No,Month-to-month,No,Electronic check,42.74,1580.4,Yes
CUST-00514,Male,0,Yes,Yes,26,Yes,No,No,No,Yes,No,Yes,Yes,No,Month-to-month,No,Mailed check,29.57,723.26,No
CUST-00515,Male,0,Yes,Yes,35,Yes,No,Fiber optic,No,No,No,No,Yes,No,One year,No,Mailed check,27.9,998.46,Yes
CUST-00516,Female,0,Yes,Yes,63,Yes,No,Fiber optic,No,No,No,Yes,No,No,Month-to-month,Yes,Bank transfer (automatic),44.97,2807.44,Yes
CUST-00517,Male,1,No,No,70,Yes,Yes,Fiber optic,Yes,No,No,Yes,Yes,No,Month-to-month,Yes,Mailed check,53.98,3767.21,No
CUST-00518,Female,0,No,No,18,No,Yes,Fiber optic,Yes,No,Yes,Yes,Yes,No,Month-to-month,Yes,Bank transfer (automatic),45.2,893.49,Yes
CUST-00519,Female,0,Yes,No,3,No,No,DSL,No,No,Yes,No,Yes,Yes,Month-to-month,Yes,Electronic check,52.09,141.44,Yes
CUST-00520,Male,0,No,Yes,3,Yes,No,Fiber optic,Yes,Yes,Yes,Yes,No,No,Month-to-month,Yes,Electronic check,47.78,202.15,Yes
CUST-00521,Female,0,Yes,No,32,No,No,DSL,Yes,No,Yes,No,Yes,Yes,Month-to-month,No,Credit card (automatic),34.86,1186.45,Yes
CUST-00522,Female,0,Yes,No,45,Yes,Yes,No,No,Yes,No,Yes,No,No,Month-to-month,Yes,Mailed check,54.07,2420.8,Yes
CUST-00523,Female,0,No,No,4,Yes,No,Fiber optic,No,No,Yes,Yes,Yes,No,Month-to-month,Yes,Bank transfer (automatic),49.9,211.29,Yes
CUST-00524,Male,0,Yes,Yes,37,Yes,No,No,Yes,No,No,Yes,Yes,Yes,One year,Yes,Electronic check,29.8,1084.14,No
CUST-00525,Female,0,Yes,Yes,29,Yes,No,DSL,No,No,Yes,Yes,Yes,No,Month-to-month,No,Electronic check,57.15,1658.5,Yes
CUST-00526,Female,0,Yes,Yes,67,Yes,No,Fiber optic,Yes,Yes,Yes,Yes,Yes,No,Two year,Yes,Electronic check,34.74,2354.47,No
CUST-00527,Male,0,Yes,No,43,Yes,Yes,Fiber optic,No,No,Yes,No,No,No,Two year,Yes,Bank transfer (automatic),36.08,1548.64,Yes
CUST-00528,Female,1,No,No,31,Yes,No,No,Yes,No,Yes,No,No,Yes,Two year,Yes,Electronic check,37.42,1176.34,Yes
CUST-00529,Male,0,No,Yes,42,Yes,No,No,No,No,Yes,No,Yes,No,Month-to-month,Yes,Bank transfer (automatic),28.95,1188.74,No
CUST-00530,Male,0,No,No,10,No,No,DSL,No,Yes,No,Yes,No,Yes,Two year,Yes,Electronic check,36.58,330.57,No
CUST-00531,Male,0,No,Yes,34,Yes,No,No,No,No,Yes,Yes,Yes,No,One year,Yes,Electronic check,42.59,1434.02,No
CUST-00532,Female,0,Yes,No,24,Yes,No,No,No,Yes,No,No,No,Yes,Month-to-month,Yes,Bank transfer (automatic),41.51,1002.63,Yes
CUST-00533,Female,0,No,Yes,13,Yes,No,No,No,No,No,No,No,Yes,Two year,Yes,Mailed check,41.78,595.49,Yes
CUST-00534,Female,0,Yes,Yes,28,Yes,Yes,Fiber optic,No,No,Yes,Yes,No,No,Month-to-month,Yes,Credit card (automatic),41.4,1152.6,Yes
CUST-00535,Male,1,Yes,Yes,46,Yes,No,No,No,No,No,Yes,No,Yes,One year,Yes,Bank transfer (automatic),37.67,1749.98,Yes
CUST-00536,Female,0,No,No,42,Yes,No,DSL,Yes,No,No,No,No,Yes,Month-to-month,No,Electronic check,36.75,1506.58,Yes
CUST-00537,Female,0,Yes,No,69,Yes,No,DSL,No,No,Yes,Yes,Yes,No,Month-to-month,No,Electronic check,48.38,3373.32,No
CUST-00538,Female,0,Yes,No,20,Yes,No,DSL,Yes,No,Yes,No,Yes,Yes,Two year,Yes,Bank transfer (automatic),44.13,867.74,No
CUST-00539,Male,0,Yes,Yes,50,Yes,No,Fiber optic,No,Yes,No,No,No,Yes,One year,Yes,Electronic check,54.66,2724.84,Yes
CUST-00540,Female,0,No,No,40,Yes,Yes,No,No,No,Yes,No,Yes,No,One year,Yes,Electronic check,41.97,1681.96,No
CUST-00541,Male,0,Yes,No,63,Yes,No,Fiber optic,No,No,Yes,No,Yes,Yes,Month-to-month,Yes,Bank transfer (automatic),46.61,2915.41,No
CUST-00542,Female,1,Yes,No,65,Yes,Yes,Fiber optic,No,Yes,Yes,No,No,Yes,Two year,Yes,Bank transfer (automatic),39.07,2495.86,Yes
CUST-00543,Female,0,No,Yes,51,Yes,No,Fiber optic,No,No,Yes,No,Yes,Yes,Month-to-month,Yes,Electronic check,43.27,2225.7,Yes
CUST-00544,Female,0,Yes,No,31,Yes,No,Fiber optic,No,Yes,No,No,Yes,Yes,Month-to-month,Yes,Bank transfer (automatic),57.08,1806.49,Yes
CUST-00545,Male,0,No,No,38,Yes,No,Fiber optic,No,No,No,Yes,No,No,Month-to-month,Yes,Electronic check,32.88,1196.77,Yes
CUST-00546,Female,1,Yes,No,47,Yes,Yes,Fiber optic,No,No,No,No,Yes,Yes,Month-to-month,No,Bank transfer (automatic),43.7,2064.57,Yes
CUST-00547,Female,0,No,No,58,Yes,No,Fiber optic,No,No,Yes,No,No,No,One year,Yes,Electronic check,57.79,3361.89,No
CUST-00548,Male,0,No,No,17,Yes,Yes,Fiber optic,No,Yes,No,Yes,Yes,Yes,Month-to-month,No,Bank transfer (automatic),32.31,535.54,Yes
CUST-00549,Male,1,No,No,62,Yes,No,No,No,No,No,No,No,No,Month-to-month,Yes,Mailed check,48.2,2974.48,No
CUST-00550,Male,0,No,Yes,57,No,Yes,Fiber optic,Yes,No,No,No,No,Yes,Month-to-month,Yes,Electronic check,57.44,3317.57,Yes
CUST-00551,Male,1,Yes,Yes,7,Yes,No,Fiber optic,Yes,No,No,No,Yes,No,Month-to-month,Yes,Electronic check,53.79,463.94,Yes
CUST-00552,Female,0,No,No,20,Yes,No,Fiber optic,No,No,No,No,No,No,Month-to-month,Yes,Credit card (automatic),41.49,882.44,Yes
CUST-00553,Male,0,No,Yes,17,Yes,Yes,No,No,No,Yes,No,No,Yes,Two year,No,Credit card (automatic),18.0,328.3,Yes
CUST-00554,Female,0,No,No,42,Yes,No,Fiber optic,Yes,No,No,Yes,No,Yes,Two year,Yes,Electronic check,33.08,1437.27,No
CUST-00555,Male,0,No,Yes,15,Yes,No,No,No,Yes,No,Yes,Yes,No,Two year,No,Bank transfer (automatic),21.55,342.78,No
CUST-00556,Male,0,No,Yes,22,Yes,No,Fiber optic,Yes,Yes,Yes,Yes,No,Yes,One year,No,Credit card (automatic),23.27,485.1,No
CUST-00557,Male,0,No,Yes,14,Yes,Yes,DSL,No,Yes,Yes,No,No,Yes,Two year,Yes,Electronic check,48.27,690.89,No
CUST-00558,Male,0,Yes,No,5,Yes,Yes,Fiber optic,No,No,No,Yes,No,No,Month-to-month,No,Mailed check,41.39,153.72,Yes
CUST-00559,Male,0,No,No,33,Yes,No,DSL,No,Yes,No,Yes,No,No,Month-to-month,Yes,Mailed check,46.46,1503.94,Yes
CUST-00560,Male,0,No,No,23,Yes,No,DSL,No,No,No,No,Yes,No,Two year,No,Electronic check,27.88,679.32,No
CUST-00561,Male,0,No,Yes,36,No,No,DSL,No,No,No,No,No,No,One year,Yes,Electronic check,47.1,1688.42,Yes
CUST-00562,Female,0,Yes,No,16,Yes,No,Fiber optic,Yes,Yes,No,No,No,No,Month-to-month,Yes,Credit card (automatic),49.48,758.9,Yes
CUST-00563,Female,0,No,No,21,Yes,No,Fiber optic,No,Yes,Yes,No,Yes,No,Month-to-month,No,Bank transfer (automatic),54.11,1112.52,Yes
CUST-00564,Female,1,No,No,64,No,No,Fiber optic,Yes,Yes,No,No,No,No,Month-to-month,No,Bank transfer (automatic),30.54,1905.99,Yes
CUST-00565,Male,0,No,No,58,Yes,No,Fiber optic,Yes,Yes,Yes,Yes,Yes,Yes,Month-to-month,No,Bank transfer (automatic),32.71,1910.35,Yes
CUST-00566,Female,0,Yes,Yes,19,Yes,No,Fiber optic,Yes,Yes,No,No,No,Yes,Two year,Yes,Mailed check,44.2,822.93,Yes
CUST-00567,Female,0,Yes,No,12,Yes,No,No,No,No,Yes,Yes,No,No,Month-to-month,Yes,Credit card (automatic),37.63,441.9,Yes
CUST-00568,Female,0,Yes,No,70,Yes,No,No,No,No,No,Yes,No,No,Month-to-month,No,Bank transfer (automatic),32.7,2305.69,No
CUST-00569,Male,0,Yes,Yes,49,Yes,No,Fiber optic,No,Yes,Yes,No,No,Yes,Month-to-month,Yes,Mailed check,51.19,2522.04,Yes
CUST-00570,Male,0,No,No,35,No,No,DSL,No,Yes,No,Yes,No,No,One year,No,Electronic check,34.44,1158.04,No
CUST-00571,Male,0,Yes,No,50,Yes,Yes,No,No,No,Yes,Yes,Yes,Yes,One year,No,Electronic check,36.21,1764.46,No
CUST-00572,Female,1,No,Yes,16,Yes,No,No,No,No,Yes,Yes,No,No,Month-to-month,No,Credit card (automatic),40.36,642.99,Yes
CUST-00573,Female,0,Yes,No,31,Yes,No,DSL,No,No,No,No,Yes,Yes,Month-to-month,No,Bank transfer (automatic),38.12,1207.76,Yes
CUST-00574,Female,0,Yes,Yes,28,Yes,Yes,DSL,Yes,No,Yes,Yes,No,No,Month-to-month,Yes,Mailed check,31.31,849.95,Yes
CUST-00575,Female,1,No,Yes,52,Yes,No,DSL,No,Yes,Yes,No,Yes,No,One year,Yes,Electronic check,38.59,1985.51,Yes
CUST-00576,Female,1,Yes,No,14,Yes,No,Fiber optic,Yes,No,No,Yes,No,No,Month-to-month,No,Bank transfer (automatic),48.65,686.75,Yes
CUST-00577,Male,0,Yes,No,35,Yes,Yes,Fiber optic,Yes,Yes,Yes,Yes,Yes,No,One year,No,Electronic check,38.77,1361.89,No
CUST-00578,Male,0,Yes,No,60,Yes,Yes,DSL,Yes,Yes,Yes,No,No,Yes,Month-to-month,Yes,Bank transfer (automatic),45.27,2714.16,Yes
CUST-00579,Male,0,No,No,14,Yes,Yes,DSL,Yes,No,Yes,No,No,Yes,Two year,No,Bank transfer (automatic),26.71,389.31,No
CUST-00580,Female,0,No,No,9,Yes,Yes,Fiber optic,No,No,Yes,No,No,No,Two year,Yes,Credit card (automatic),47.2,388.54,No
CUST-00581,Female,0,Yes,No,59,Yes,Yes,Fiber optic,No,No,Yes,Yes,Yes,No,One year,Yes,Electronic check,39.39,2384.58,Yes
CUST-00582,Male,0,No,No,63,Yes,No,Fiber optic,No,No,Yes,No,No,No,Month-to-month,Yes,Bank transfer (automatic),37.5,2350.51,Yes
CUST-00583,Female,0,Yes,Yes,31,Yes,No,DSL,No,No,No,No,No,No,Month-to-month,Yes,Credit card (automatic),51.77,1672.1,Yes
CUST-00584,Female,0,No,No,4,Yes,No,Fiber optic,No,Yes,No,No,Yes,Yes,Month-to-month,Yes,Electronic check,49.03,109.06,No
CUST-00585,Female,0,Yes,No,39,Yes,No,No,Yes,Yes,Yes,No,No,No,Month-to-month,Yes,Bank transfer (automatic),34.28,1269.16,Yes
CUST-00586,Male,0,No,No,22,Yes,Yes,DSL,No,No,No,Yes,No,Yes,Month-to-month,No,Electronic check,45.4,995.48,Yes
CUST-00587,Male,0,No,No,42,Yes,No,Fiber optic,Yes,No,Yes,No,Yes,No,One year,Yes,Bank transfer (automatic),23.4,1022.84,No
CUST-00588,Female,0,Yes,Yes,10,Yes,Yes,DSL,No,Yes,Yes,Yes,Yes,No,Two year,Yes,Bank transfer (automatic),31.74,326.74,No
CUST-00589,Male,0,Yes,No,58,Yes,No,DSL,No,Yes,No,No,No,No,Month-to-month,Yes,Credit card (automatic),36.56,2116.17,Yes
CUST-00590,Male,1,Yes,No,49,Yes,No,No,No,No,No,No,Yes,Yes,Two year,Yes,Credit card (automatic),31.15,1537.76,No
CUST-00591,Male,1,Yes,No,46,Yes,Yes,No,No,No,Yes,Yes,No,No,Month-to-month,Yes,Credit card (automatic),41.91,1927.02,Yes
CUST-00592,Male,1,Yes,No,37,Yes,No,DSL,Yes,No,Yes,Yes,No,No,Month-to-month,No,Bank transfer (automatic),32.53,1282.11,No
CUST-00593,Female,1,Yes,No,16,Yes,No,DSL,No,No,No,Yes,Yes,No,Month-to-month,Yes,Bank transfer (automatic),43.93,682.29,Yes
CUST-00594,Male,1,No,No,67,No,No,DSL,Yes,No,Yes,Yes,No,Yes,Month-to-month,No,Bank transfer (automatic),48.0,3266.98,No
CUST-00595,Female,0,Yes,No,19,Yes,No,Fiber optic,Yes,Yes,No,No,Yes,Yes,One year,Yes,Bank transfer (automatic),59.59,1102.6,Yes
CUST-00596,Male,0,No,No,26,Yes,No,DSL,Yes,No,No,No,Yes,No,Month-to-month,Yes,Credit card (automatic),46.84,1206.08,Yes
CUST-00597,Male,0,Yes,Yes,66,No,Yes,Fiber optic,No,No,Yes,Yes,Yes,No,Month-to-month,Yes,Electronic check,48.72,3176.68,Yes
CUST-00598,Male,0,No,Yes,3,Yes,Yes,DSL,No,No,No,Yes,No,Yes,One year,Yes,Bank transfer (automatic),33.09,133.38,No
CUST-00599,Male,0,Yes,No,9,Yes,Yes,Fiber optic,No,Yes,No,No,Yes,Yes,Month-to-month,Yes,Electronic check,53.41,529.2,Yes
CUST-00600,Male,0,No,No,55,Yes,Yes,No,No,No,No,Yes,Yes,Yes,Month-to-month,No,Electronic check,40.42,2216.14,No
CUST-00601,Male,1,Yes,Yes,27,Yes,Yes,DSL,No,No,Yes,No,Yes,No,Two year,Yes,Credit card (automatic),46.87,1287.31,No
CUST-00602,Male,0,Yes,Yes,42,No,No,Fiber optic,Yes,Yes,No,Yes,No,Yes,Month-to-month,Yes,Bank transfer (automatic),34.58,1457.47,No
CUST-00603,Male,1,No,No,42,Yes,Yes,No,No,No,Yes,No,Yes,Yes,One year,Yes,Mailed check,41.67,1773.91,No
CUST-00604,Female,0,No,No,59,No,Yes,DSL,Yes,Yes,Yes,No,Yes,Yes,One year,No,Mailed check,26.12,1588.38,No
CUST-00605,Male,0,No,No,45,Yes,No,No,No,No,Yes,Yes,No,Yes,One year,Yes,Electronic check,45.48,2000.89,Yes
CUST-00606,Male,0,Yes,No,31,Yes,No,Fiber optic,No,Yes,Yes,Yes,No,Yes,Month-to-month,Yes,Bank transfer (automatic),44.78,1345.94,No
CUST-00607,Female,0,Yes,No,39,Yes,Yes,Fiber optic,Yes,No,Yes,Yes,No,No,Two year,Yes,Electronic check,32.21,1234.15,Yes
CUST-00608,Male,0,No,No,53,Yes,Yes,Fiber optic,Yes,No,Yes,Yes,No,No,Month-to-month,No,Bank transfer (automatic),34.74,1823.61,Yes
CUST-00609,Male,0,No,No,27,Yes,Yes,DSL,Yes,No,No,Yes,No,Yes,Month-to-month,No,Mailed check,52.16,1416.72,Yes
CUST-00610,Male,1,No,Yes,13,No,No,DSL,No,Yes,No,No,No,No,One year,Yes,Bank transfer (automatic),39.88,518.9,No
CUST-00611,Male,0,Yes,No,35,Yes,Yes,Fiber optic,Yes,No,No,No,No,No,Two year,No,Electronic check,47.99,1671.64,Yes
CUST-00612,Female,0,Yes,Yes,71,Yes,No,Fiber optic,No,No,No,Yes,No,No,One year,No,Electronic check,41.54,2946.38,Yes
CUST-00613,Male,0,No,Yes,8,Yes,Yes,No,Yes,No,Yes,No,Yes,Yes,One year,Yes,Mailed check,45.1,369.68,No
CUST-00614,Female,0,No,Yes,13,Yes,Yes,Fiber optic,No,Yes,No,Yes,No,No,Two year,Yes,Bank transfer (automatic),35.24,427.45,Yes
CUST-00615,Male,0,Yes,Yes,71,Yes,Yes,DSL,No,No,No,Yes,No,No,Month-to-month,No,Credit card (automatic),36.34,2495.47,Yes
CUST-00616,Male,0,No,No,59,Yes,Yes,DSL,Yes,No,Yes,Yes,No,No,Month-to-month,Yes,Bank transfer (automatic),30.76,1778.61,No
CUST-00617,Female,0,No,No,9,Yes,No,No,No,No,No,Yes,Yes,No,One year,No,Credit card (automatic),26.68,284.46,No
CUST-00618,Female,0,Yes,No,16,No,Yes,DSL,Yes,Yes,No,Yes,Yes,Yes,Month-to-month,No,Bank transfer (automatic),36.33,477.7,Yes
CUST-00619,Female,0,Yes,No,50,Yes,Yes,No,Yes,No,No,Yes,No,Yes,Month-to-month,No,Electronic check,37.5,1920.36,Yes
CUST-00620,Female,0,No,No,56,Yes,No,DSL,No,Yes,No,Yes,Yes,No,One year,No,Mailed check,27.55,1520.11,No
CUST-00621,Female,0,Yes,Yes,53,Yes,No,DSL,Yes,No,No,No,Yes,Yes,Month-to-month,No,Bank transfer (automatic),41.88,2253.7,Yes
CUST-00622,Female,0,No,No,62,Yes,Yes,DSL,No,No,No,No,Yes,Yes,Two year,Yes,Mailed check,47.05,2876.25,No
CUST-00623,Female,0,No,No,36,Yes,No,Fiber optic,No,Yes,No,No,Yes,No,One year,Yes,Credit card (automatic),34.78,1151.8,Yes
CUST-00624,Female,0,Yes,No,63,Yes,No,DSL,No,Yes,Yes,Yes,Yes,No,One year,Yes,Mailed check,35.73,2216.65,No
CUST-00625,Male,0,No,No,43,Yes,No,No,Yes,No,Yes,No,No,No,Month-to-month,Yes,Mailed check,34.98,1498.86,No
CUST-00626,Female,0,Yes,Yes,34,Yes,No,Fiber optic,No,Yes,Yes,Yes,Yes,No,Two year,Yes,Electronic check,28.44,982.44,Yes
CUST-00627,Female,0,Yes,No,46,Yes,No,DSL,No,No,No,Yes,Yes,Yes,Two year,Yes,Electronic check,52.57,2361.68,Yes
CUST-00628,Female,0,No,No,31,No,Yes,Fiber optic,Yes,Yes,Yes,Yes,No,No,One year,Yes,Electronic check,44.61,1398.0,No
CUST-00629,Male,0,No,No,44,Yes,No,Fiber optic,No,Yes,Yes,No,No,No,Month-to-month,No,Electronic check,44.65,1965.7,Yes
CUST-00630,Female,1,Yes,Yes,60,No,Yes,Fiber optic,No,No,Yes,Yes,No,Yes,Month-to-month,Yes,Bank transfer (automatic),55.81,3323.91,Yes
CUST-00631,Male,0,No,No,69,Yes,No,Fiber optic,No,No,No,No,No,No,Month-to-month,Yes,Electronic check,70.93,4898.84,Yes
CUST-00632,Female,1,No,No,42,Yes,Yes,No,No,No,No,No,Yes,Yes,Month-to-month,No,Electronic check,49.13,2067.04,No
CUST-00633,Female,0,No,No,1,Yes,No,Fiber optic,Yes,Yes,No,Yes,Yes,No,Month-to-month,No,Bank transfer (automatic),65.0,86.07,Yes
CUST-00634,Female,0,No,No,45,No,Yes,DSL,No,No,Yes,No,Yes,No,Month-to-month,Yes,Credit card (automatic),43.07,1946.18,No
CUST-00635,Female,0,Yes,Yes,18,Yes,Yes,Fiber optic,No,No,No,Yes,Yes,No,Two year,Yes,Electronic check,51.36,928.7,Yes
CUST-00636,Male,0,Yes,No,17,Yes,Yes,Fiber optic,No,No,No,Yes,No,Yes,One year,Yes,Mailed check,35.75,686.87,No
CUST-00637,Female,0,No,Yes,63,Yes,No,Fiber optic,Yes,No,No,Yes,Yes,Yes,One year,No,Electronic check,30.35,1834.24,Yes
CUST-00638,Female,0,Yes,Yes,32,Yes,No,DSL,Yes,Yes,No,Yes,Yes,No,One year,Yes,Credit card (automatic),36.22,1106.92,No
CUST-00639,Male,0,No,Yes,57,Yes,No,DSL,Yes,No,No,Yes,Yes,Yes,Month-to-month,No,Mailed check,44.36,2572.12,No
CUST-00640,Male,0,Yes,No,27,Yes,No,No,Yes,No,No,Yes,Yes,Yes,Two year,No,Bank transfer (automatic),21.79,529.68,No
CUST-00641,Male,0,Yes,No,44,Yes,No,No,No,No,No,Yes,No,Yes,One year,Yes,Mailed check,40.26,1807.3,No
CUST-00642,Male,0,Yes,Yes,48,No,Yes,DSL,No,Yes,No,No,No,No,Month-to-month,No,Credit card (automatic),42.35,2045.58,Yes
CUST-00643,Male,1,Yes,Yes,64,Yes,No,No,No,Yes,No,No,No,No,One year,Yes,Mailed check,35.14,2196.66,No
CUST-00644,Female,0,Yes,No,14,Yes,No,Fiber optic,Yes,No,Yes,No,Yes,Yes,One year,Yes,Credit card (automatic),46.66,692.86,Yes
CUST-00645,Male,0,No,No,40,Yes,No,DSL,No,No,Yes,Yes,Yes,No,One year,No,Electronic check,27.55,1149.54,Yes
CUST-00646,Female,0,No,Yes,29,Yes,No,No,No,No,Yes,Yes,No,No,Month-to-month,Yes,Bank transfer (automatic),51.14,1484.31,Yes
CUST-00647,Female,0,Yes,No,33,Yes,Yes,No,No,Yes,No,No,Yes,No,One year,No,Electronic check,38.59,1269.52,Yes
CUST-00648,Male,0,Yes,Yes,61,Yes,No,Fiber optic,No,No,No,No,Yes,Yes,Month-to-month,No,Electronic check,53.76,3331.26,Yes
CUST-00649,Male,1,No,No,10,Yes,No,Fiber optic,No,No,Yes,Yes,No,No,One year,Yes,Mailed check,48.16,413.66,Yes
CUST-00650,Male,0,Yes,Yes,39,Yes,No,DSL,No,Yes,No,No,Yes,No,One year,Yes,Electronic check,40.71,1615.49,Yes
CUST-00651,Female,0,Yes,No,28,Yes,Yes,Fiber optic,No,Yes,No,No,Yes,Yes,One year,Yes,Electronic check,22.4,569.53,No
CUST-00652,Male,0,No,No,64,Yes,Yes,Fiber optic,Yes,Yes,Yes,Yes,No,No,One year,Yes,Electronic check,37.95,2452.02,No
CUST-00653,Female,0,No,No,16,No,No,Fiber optic,Yes,No,No,No,No,No,Two year,Yes,Electronic check,34.03,539.31,Yes
CUST-00654,Male,0,No,No,17,Yes,No,DSL,No,Yes,No,Yes,Yes,Yes,Month-to-month,No,Bank transfer (automatic),43.41,736.61,Yes
CUST-00655,Male,0,No,No,7,Yes,Yes,Fiber optic,No,No,Yes,No,No,No,Month-to-month,Yes,Electronic check,57.65,469.41,Yes
CUST-00656,Male,0,No,No,32,Yes,Yes,No,No,Yes,No,Yes,Yes,Yes,One year,No,Credit card (automatic),20.12,581.21,No
CUST-00657,Male,0,No,No,1,Yes,No,No,Yes,Yes,No,No,No,Yes,One year,No,Electronic check,44.52,73.27,Yes
CUST-00658,Male,0,Yes,No,36,Yes,No,DSL,Yes,No,No,Yes,Yes,No,One year,No,Credit card (automatic),28.67,1029.27,Yes
CUST-00659,Female,1,Yes,No,16,Yes,No,Fiber optic,No,No,Yes,No,No,Yes,Two year,Yes,Mailed check,41.03,660.48,Yes
CUST-00660,Female,0,Yes,Yes,29,Yes,Yes,DSL,No,Yes,Yes,Yes,No,No,Month-to-month,Yes,Bank transfer (automatic),48.18,1431.56,Yes
CUST-00661,Female,1,Yes,Yes,43,Yes,No,Fiber optic,No,No,Yes,No,Yes,No,One year,No,Bank transfer (automatic),40.52,1774.67,No
CUST-00662,Male,1,No,Yes,49,Yes,Yes,DSL,No,Yes,No,No,Yes,Yes,Month-to-month,Yes,Electronic check,67.11,3313.31,Yes
CUST-00663,Female,0,Yes,No,5,Yes,Yes,No,No,No,Yes,Yes,Yes,Yes,One year,Yes,Mailed check,47.79,204.13,Yes
CUST-00664,Female,0,Yes,Yes,11,Yes,Yes,Fiber optic,No,Yes,No,No,Yes,Yes,Month-to-month,No,Electronic check,56.06,641.37,Yes
CUST-00665,Male,0,Yes,Yes,23,No,Yes,Fiber optic,Yes,No,No,No,Yes,No,Month-to-month,Yes,Credit card (automatic),52.14,1229.65,Yes
CUST-00666,Male,0,No,No,37,Yes,No,Fiber optic,No,Yes,No,No,Yes,Yes,Two year,Yes,Credit card (automatic),34.27,1288.12,Yes
CUST-00667,Male,0,No,Yes,63,No,Yes,DSL,No,No,No,No,No,No,One year,Yes,Electronic check,37.61,2394.71,No
CUST-00668,Male,0,No,Yes,10,No,Yes,DSL,No,No,Yes,Yes,No,No,One year,Yes,Mailed check,47.56,479.47,Yes
CUST-00669,Male,0,Yes,No,5,Yes,Yes,DSL,No,Yes,Yes,No,Yes,No,Month-to-month,Yes,Electronic check,67.42,290.63,Yes
CUST-00670,Female,0,Yes,Yes,45,Yes,No,Fiber optic,Yes,No,Yes,No,Yes,No,Month-to-month,Yes,Electronic check,48.68,2174.41,Yes
CUST-00671,Male,1,No,No,70,Yes,No,No,Yes,Yes,No,No,Yes,No,Month-to-month,Yes,Electronic check,51.86,3611.54,Yes
CUST-00672,Male,0,No,Yes,59,Yes,Yes,DSL,No,No,No,Yes,Yes,Yes,Month-to-month,Yes,Bank transfer (automatic),34.24,2021.33,Yes
CUST-00673,Male,0,No,No,41,No,No,Fiber optic,No,No,Yes,No,Yes,Yes,One year,Yes,Bank transfer (automatic),45.18,1836.47,Yes
CUST-00674,Female,1,No,No,2,Yes,Yes,DSL,Yes,Yes,No,No,Yes,Yes,One year,Yes,Electronic check,40.6,153.45,Yes
CUST-00675,Male,0,Yes,Yes,41,Yes,No,DSL,No,Yes,Yes,No,Yes,No,Month-to-month,Yes,Mailed check,43.64,1807.46,No
CUST-00676,Male,0,No,Yes,33,Yes,No,Fiber optic,Yes,No,No,No,Yes,No,Month-to-month,No,Electronic check,52.57,1732.5,No
CUST-00677,Male,1,No,No,32,No,Yes,No,No,Yes,No,Yes,Yes,Yes,Two year,Yes,Bank transfer (automatic),46.57,1501.58,Yes
CUST-00678,Female,0,No,No,35,Yes,Yes,No,No,No,Yes,Yes,No,Yes,Month-to-month,Yes,Electronic check,33.05,1173.76,Yes
CUST-00679,Male,0,No,Yes,40,Yes,No,Fiber optic,No,Yes,No,Yes,No,Yes,Month-to-month,Yes,Electronic check,62.85,2600.83,Yes
CUST-00680,Male,0,Yes,No,52,Yes,No,Fiber optic,Yes,Yes,No,No,Yes,Yes,Month-to-month,Yes,Electronic check,59.73,3124.05,Yes
CUST-00681,Male,1,Yes,No,14,Yes,No,DSL,Yes,Yes,No,No,No,Yes,Month-to-month,Yes,Mailed check,49.75,680.45,Yes
CUST-00682,Female,0,No,No,6,Yes,No,DSL,Yes,No,No,No,No,No,Month-to-month,No,Bank transfer (automatic),39.55,196.38,No
CUST-00683,Male,0,Yes,Yes,4,Yes,No,No,Yes,No,Yes,No,Yes,No,Month-to-month,Yes,Electronic check,59.56,247.44,Yes
CUST-00684,Male,0,Yes,Yes,29,Yes,No,Fiber optic,Yes,Yes,Yes,No,No,No,Two year,Yes,Electronic check,57.12,1738.59,No
CUST-00685,Female,0,Yes,No,37,Yes,No,DSL,No,No,No,Yes,Yes,Yes,Month-to-month,No,Bank transfer (automatic),33.89,1247.75,No
CUST-00686,Male,0,No,Yes,56,Yes,No,DSL,No,Yes,Yes,Yes,Yes,Yes,Month-to-month,Yes,Bank transfer (automatic),51.67,2856.23,Yes
CUST-00687,Female,0,Yes,Yes,31,No,Yes,DSL,Yes,Yes,No,No,No,Yes,One year,No,Electronic check,46.44,1479.39,Yes
CUST-00688,Male,1,Yes,Yes,38,Yes,Yes,Fiber optic,No,Yes,No,Yes,Yes,Yes,Month-to-month,No,Credit card (automatic),55.03,2096.01,No
CUST-00689,Female,0,No,Yes,70,Yes,No,Fiber optic,Yes,No,Yes,No,Yes,Yes,One year,No,Bank transfer (automatic),40.31,2756.48,No
CUST-00690,Male,0,No,No,54,Yes,Yes,No,No,No,Yes,No,No,No,Month-to-month,Yes,Credit card (automatic),43.7,2368.19,Yes
CUST-00691,Male,0,No,Yes,50,No,No,Fiber optic,No,Yes,No,No,Yes,No,Month-to-month,Yes,Credit card (automatic),37.6,1925.66,Yes
CUST-00692,Male,0,No,No,26,Yes,No,No,No,No,Yes,Yes,No,No,Month-to-month,Yes,Bank transfer (automatic),39.19,934.95,No
CUST-00693,Male,0,Yes,Yes,11,Yes,No,DSL,Yes,Yes,No,No,Yes,No,Two year,Yes,Electronic check,45.54,529.69,Yes
CUST-00694,Male,0,No,No,66,Yes,Yes,DSL,No,No,Yes,Yes,No,No,Month-to-month,Yes,Bank transfer (automatic),39.98,2588.64,No
CUST-00695,Female,0,No,No,40,Yes,No,DSL,No,Yes,Yes,No,Yes,No,Two year,Yes,Mailed check,18.0,711.87,No
CUST-00696,Female,0,Yes,No,6,Yes,No,DSL,No,No,No,No,No,Yes,Month-to-month,Yes,Electronic check,48.32,270.98,No
CUST-00697,Male,0,No,No,35,Yes,Yes,No,Yes,Yes,Yes,No,Yes,Yes,One year,No,Electronic check,29.68,1083.27,No
CUST-00698,Male,0,Yes,No,7,Yes,Yes,No,No,No,No,No,No,No,One year,Yes,Electronic check,49.61,387.2,Yes
CUST-00699,Female,0,Yes,Yes,70,No,Yes,DSL,No,No,Yes,Yes,No,No,Two year,Yes,Mailed check,37.46,2568.05,No
CUST-00700,Female,1,Yes,No,38,Yes,Yes,Fiber optic,No,No,Yes,No,Yes,No,Month-to-month,Yes,Bank transfer (automatic),52.82,1927.54,Yes
CUST-00701,Male,0,Yes,No,56,No,Yes,Fiber optic,No,Yes,No,No,No,No,Month-to-month,No,Credit card (automatic),32.69,1770.07,No
CUST-00702,Male,1,No,Yes,34,No,No,Fiber optic,No,No,No,Yes,No,No,Two year,Yes,Bank transfer (automatic),36.51,1258.36,Yes
CUST-00703,Female,1,Yes,No,2,Yes,Yes,DSL,Yes,Yes,Yes,No,No,Yes,Month-to-month,Yes,Electronic check,46.71,2.13,Yes
CUST-00704,Female,0,No,Yes,46,Yes,No,DSL,Yes,Yes,No,Yes,No,Yes,One year,No,Credit card (automatic),25.97,1168.86,No
CUST-00705,Female,1,Yes,No,47,Yes,No,DSL,No,No,Yes,No,Yes,Yes,Two year,Yes,Credit card (automatic),39.7,1903.12,No
CUST-00706,Male,0,Yes,No,17,Yes,Yes,No,Yes,No,No,No,Yes,Yes,Two year,Yes,Mailed check,34.39,608.58,No
CUST-00707,Female,0,Yes,No,51,Yes,No,Fiber optic,No,Yes,No,Yes,Yes,No,One year,Yes,Credit card (automatic),38.38,1889.51,No
CUST-00708,Male,0,Yes,No,17,Yes,No,Fiber optic,Yes,No,No,No,Yes,Yes,Month-to-month,Yes,Bank transfer (automatic),60.75,1040.68,Yes
CUST-00709,Female,0,No,No,50,No,No,No,Yes,No,No,No,Yes,No,One year,No,Electronic check,26.98,1310.7,No
CUST-00710,Female,0,No,No,54,Yes,Yes,DSL,Yes,No,No,No,Yes,No,One year,Yes,Electronic check,48.59,2598.03,Yes
CUST-00711,Male,0,Yes,No,10,Yes,Yes,DSL,No,No,No,No,No,No,Month-to-month,No,Bank transfer (automatic),43.26,409.71,Yes
CUST-00712,Male,0,No,No,21,Yes,No,DSL,Yes,Yes,No,No,Yes,No,One year,No,Credit card (automatic),52.21,1078.23,Yes
CUST-00713,Male,0,No,No,12,Yes,No,Fiber optic,Yes,Yes,No,No,Yes,No,Two year,No,Electronic check,40.38,481.11,Yes
CUST-00714,Male,0,No,No,52,Yes,Yes,Fiber optic,Yes,Yes,Yes,Yes,No,No,One year,Yes,Credit card (automatic),23.23,1178.48,No
CUST-00715,Male,0,Yes,No,17,Yes,Yes,DSL,Yes,No,No,No,Yes,No,Month-to-month,Yes,Electronic check,46.61,764.48,Yes
CUST-00716,Male,0,Yes,Yes,46,Yes,No,DSL,Yes,Yes,No,No,Yes,Yes,One year,No,Mailed check,18.95,907.4,No
CUST-00717,Male,0,No,No,30,Yes,No,Fiber optic,No,No,No,No,No,No,Month-to-month,Yes,Mailed check,67.19,2015.88,Yes
CUST-00718,Female,0,No,No,6,Yes,No,Fiber optic,No,No,No,No,Yes,No,One year,No,Electronic check,41.41,204.84,No
CUST-00719,Female,0,Yes,No,63,No,No,DSL,Yes,Yes,Yes,Yes,Yes,Yes,Month-to-month,No,Electronic check,49.11,3097.98,No
CUST-00720,Male,0,No,No,51,Yes,Yes,Fiber optic,Yes,No,Yes,No,No,Yes,One year,No,Electronic check,48.22,2399.76,Yes
CUST-00721,Female,0,Yes,No,19,Yes,No,DSL,Yes,No,Yes,No,No,Yes,Month-to-month,No,Mailed check,29.77,570.2,No
CUST-00722,Male,0,No,No,63,Yes,Yes,DSL,Yes,No,No,Yes,No,Yes,Month-to-month,No,Electronic check,28.41,1812.24,No
CUST-00723,Male,0,Yes,No,51,Yes,Yes,DSL,Yes,No,No,No,No,No,Month-to-month,No,Bank transfer (automatic),45.48,2351.75,Yes
CUST-00724,Female,0,No,Yes,58,Yes,Yes,Fiber optic,No,Yes,Yes,No,No,No,One year,Yes,Mailed check,38.84,2269.6,No
CUST-00725,Male,0,Yes,No,13,Yes,Yes,Fiber optic,Yes,No,Yes,No,Yes,Yes,Two year,Yes,Electronic check,43.66,524.3,Yes
CUST-00726,Female,0,Yes,No,1,Yes,No,Fiber optic,Yes,No,Yes,Yes,Yes,Yes,Month-to-month,Yes,Electronic check,55.36,32.73,Yes
CUST-00727,Male,0,No,No,5,Yes,No,DSL,No,No,No,Yes,No,No,One year,Yes,Bank transfer (automatic),18.0,135.58,Yes
CUST-00728,Female,0,Yes,No,39,Yes,No,Fiber optic,Yes,No,Yes,Yes,Yes,No,One year,Yes,Credit card (automatic),35.44,1369.58,Yes
CUST-00729,Female,0,No,Yes,56,No,Yes,Fiber optic,No,Yes,Yes,Yes,No,Yes,One year,Yes,Bank transfer (automatic),48.69,2723.17,No
CUST-00730,Male,0,No,No,65,Yes,Yes,Fiber optic,No,No,No,No,No,No,Two year,Yes,Mailed check,23.43,1550.06,Yes
CUST-00731,Male,0,Yes,No,69,Yes,No,Fiber optic,Yes,Yes,Yes,No,Yes,Yes,Two year,Yes,Electronic check,45.54,3202.57,No
CUST-00732,Female,0,Yes,No,43,Yes,Yes,Fiber optic,No,Yes,No,No,Yes,Yes,Two year,No,Credit card (automatic),31.76,1362.64,Yes
CUST-00733,Male,0,No,No,45,Yes,No,DSL,Yes,Yes,No,No,No,Yes,Month-to-month,Yes,Mailed check,30.9,1374.89,Yes
CUST-00734,Male,0,No,No,21,Yes,No,DSL,Yes,No,Yes,No,No,Yes,Month-to-month,No,Electronic check,46.77,1057.97,No
CUST-00735,Female,0,No,No,1,Yes,No,DSL,No,No,No,No,Yes,Yes,Month-to-month,No,Bank transfer (automatic),43.86,122.52,No
CUST-00736,Male,0,Yes,Yes,14,Yes,Yes,Fiber optic,No,No,No,No,No,Yes,Month-to-month,Yes,Electronic check,67.4,945.1,Yes
CUST-00737,Male,1,No,Yes,4,Yes,No,Fiber optic,Yes,No,Yes,No,Yes,Yes,Month-to-month,Yes,Electronic check,54.03,216.89,Yes
CUST-00738,Female,0,No,No,49,Yes,No,Fiber optic,Yes,No,Yes,Yes,No,No,Two year,Yes,Bank transfer (automatic),42.31,2109.49,No
CUST-00739,Male,0,No,Yes,36,Yes,Yes,DSL,No,No,Yes,No,Yes,No,Two year,No,Electronic check,36.2,1320.72,Yes
CUST-00740,Male,0,Yes,Yes,55,Yes,No,DSL,No,No,Yes,No,No,No,One year,Yes,Electronic check,43.46,2391.44,Yes
CUST-00741,Male,1,Yes,Yes,11,Yes,No,DSL,No,Yes,Yes,No,No,Yes,One year,Yes,Bank transfer (automatic),40.69,477.1,No
CUST-00742,Male,0,No,No,65,No,No,DSL,No,No,No,No,Yes,Yes,Month-to-month,No,Electronic check,35.31,2269.27,Yes
CUST-00743,Male,1,No,No,52,Yes,No,Fiber optic,No,No,Yes,Yes,No,Yes,Two year,Yes,Electronic check,49.05,2595.14,Yes
CUST-00744,Female,0,Yes,Yes,65,Yes,No,DSL,No,Yes,No,No,No,Yes,Month-to-month,No,Electronic check,42.63,2797.49,No
CUST-00745,Male,0,No,Yes,47,Yes,No,DSL,Yes,Yes,No,Yes,Yes,No,Month-to-month,Yes,Mailed check,35.37,1680.53,No
CUST-00746,Female,0,Yes,No,25,No,Yes,DSL,Yes,Yes,No,Yes,Yes,No,Two year,Yes,Credit card (automatic),39.46,982.19,No
CUST-00747,Male,0,Yes,No,45,Yes,Yes,DSL,No,Yes,No,No,No,Yes,Two year,No,Mailed check,40.48,1796.75,No
CUST-00748,Female,0,Yes,Yes,43,Yes,Yes,No,No,No,No,No,Yes,Yes,Month-to-month,No,Credit card (automatic),35.25,1445.14,Yes
CUST-00749,Female,1,Yes,No,13,Yes,No,No,No,No,No,No,Yes,No,One year,Yes,Credit card (automatic),53.64,626.81,Yes
CUST-00750,Female,0,Yes,Yes,8,Yes,No,Fiber optic,No,No,Yes,No,Yes,No,One year,Yes,Credit card (automatic),39.75,251.1,Yes
CUST-00751,Male,1,Yes,No,47,Yes,No,DSL,No,No,Yes,No,Yes,No,Two year,Yes,Mailed check,35.2,1703.32,Yes
CUST-00752,Female,0,Yes,Yes,7,No,No,Fiber optic,Yes,No,Yes,Yes,No,Yes,Month-to-month,No,Mailed check,51.89,336.93,Yes
CUST-00753,Female,0,No,No,8,Yes,Yes,Fiber optic,No,No,Yes,Yes,Yes,No,Month-to-month,No,Bank transfer (automatic),20.97,119.38,Yes
CUST-00754,Male,0,No,Yes,6,Yes,No,Fiber optic,No,No,Yes,No,Yes,No,One year,No,Electronic check,39.18,231.46,Yes
CUST-00755,Male,0,No,No,45,Yes,Yes,DSL,No,Yes,No,Yes,No,No,Two year,No,Electronic check,28.06,1224.68,Yes
CUST-00756,Female,0,Yes,Yes,66,Yes,Yes,DSL,No,Yes,Yes,Yes,Yes,Yes,Month-to-month,Yes,Credit card (automatic),43.63,2863.87,Yes
CUST-00757,Male,0,No,No,36,No,No,DSL,No,Yes,No,No,Yes,No,One year,Yes,Mailed check,38.0,1390.22,No
CUST-00758,Female,0,Yes,No,11,Yes,Yes,DSL,Yes,No,No,Yes,No,Yes,Month-to-month,No,Credit card (automatic),21.73,225.86,Yes
CUST-00759,Female,0,No,Yes,37,Yes,No,Fiber optic,No,Yes,Yes,Yes,No,Yes,Month-to-month,Yes,Electronic check,46.84,1719.95,Yes
CUST-00760,Male,0,No,No,35,Yes,Yes,No,No,No,Yes,No,No,No,One year,Yes,Electronic check,31.94,1117.08,Yes
CUST-00761,Female,0,Yes,No,43,Yes,Yes,DSL,No,No,No,No,Yes,No,One year,Yes,Electronic check,36.51,1513.99,Yes
CUST-00762,Male,0,Yes,Yes,31,No,No,Fiber optic,No,No,Yes,Yes,No,No,Two year,No,Bank transfer (automatic),30.18,947.14,Yes
CUST-00763,Male,0,No,Yes,38,Yes,No,DSL,Yes,Yes,Yes,No,No,No,Month-to-month,No,Electronic check,42.64,1677.37,Yes
CUST-00764,Male,0,No,No,24,No,No,DSL,Yes,No,Yes,No,No,No,One year,Yes,Credit card (automatic),32.33,761.26,No
CUST-00765,Female,0,No,Yes,65,Yes,Yes,Fiber optic,Yes,No,Yes,No,Yes,Yes,Month-to-month,Yes,Bank transfer (automatic),46.66,3036.84,No
CUST-00766,Male,0,No,No,39,No,No,DSL,Yes,No,No,No,Yes,No,Month-to-month,Yes,Electronic check,40.57,1548.76,No
CUST-00767,Male,0,No,No,23,Yes,Yes,No,Yes,No,Yes,No,No,Yes,Month-to-month,Yes,Electronic check,52.07,1168.75,No
CUST-00768,Female,0,Yes,No,1,Yes,No,No,Yes,Yes,Yes,No,No,No,Month-to-month,Yes,Mailed check,35.47,74.81,No
CUST-00769,Female,1,No,No,49,Yes,Yes,DSL,Yes,No,No,Yes,Yes,No,Month-to-month,Yes,Credit card (automatic),41.35,2032.59,No
CUST-00770,Female,0,Yes,No,27,Yes,No,DSL,No,Yes,No,No,No,No,Month-to-month,Yes,Credit card (automatic),35.75,991.76,Yes
CUST-00771,Male,1,Yes,Yes,18,Yes,Yes,DSL,No,Yes,Yes,Yes,Yes,No,Month-to-month,No,Mailed check,39.68,724.93,Yes
CUST-00772,Male,0,Yes,No,35,Yes,Yes,No,No,Yes,Yes,No,No,Yes,Month-to-month,Yes,Bank transfer (automatic),48.05,1675.48,Yes
CUST-00773,Female,0,No,No,35,Yes,No,DSL,Yes,Yes,Yes,No,Yes,No,One year,No,Credit card (automatic),24.7,913.01,Yes
CUST-00774,Male,0,No,Yes,58,No,No,Fiber optic,No,Yes,No,No,Yes,Yes,Month-to-month,Yes,Mailed check,45.85,2587.88,No
CUST-00775,Male,0,Yes,No,39,Yes,No,DSL,Yes,Yes,Yes,No,No,Yes,Month-to-month,Yes,Electronic check,42.03,1606.84,Yes
CUST-00776,Male,0,Yes,No,50,Yes,Yes,Fiber optic,No,Yes,No,No,Yes,Yes,Two year,Yes,Electronic check,58.81,2925.31,Yes
CUST-00777,Female,0,Yes,No,46,Yes,Yes,DSL,No,Yes,Yes,Yes,Yes,Yes,One year,No,Electronic check,38.18,1758.09,Yes
CUST-00778,Female,0,No,No,61,Yes,No,No,No,No,No,No,Yes,No,Month-to-month,Yes,Electronic check,50.85,3089.93,Yes
CUST-00779,Female,0,No,No,1,Yes,Yes,Fiber optic,No,No,Yes,No,No,Yes,Month-to-month,Yes,Credit card (automatic),47.34,55.71,Yes
CUST-00780,Male,0,Yes,No,27,Yes,Yes,DSL,Yes,No,Yes,Yes,No,No,Month-to-month,No,Mailed check,18.28,548.33,Yes
CUST-00781,Male,0,Yes,No,51,Yes,Yes,DSL,No,No,No,Yes,No,Yes,Two year,No,Bank transfer (automatic),21.46,1048.42,No
CUST-00782,Male,0,No,Yes,11,Yes,No,Fiber optic,No,No,No,Yes,No,Yes,One year,No,Credit card (automatic),26.82,355.97,Yes
CUST-00783,Female,0,Yes,No,32,No,No,Fiber optic,No,Yes,No,No,No,No,One year,No,Mailed check,40.57,1289.53,No
CUST-00784,Female,0,Yes,Yes,29,Yes,Yes,No,Yes,No,Yes,Yes,No,Yes,Month-to-month,Yes,Credit card (automatic),44.49,1297.95,Yes
CUST-00785,Female,0,Yes,No,58,Yes,Yes,Fiber optic,No,Yes,No,No,Yes,Yes,Month-to-month,Yes,Bank transfer (automatic),49.94,2897.49,Yes
CUST-00786,Male,0,Yes,No,69,Yes,Yes,No,No,Yes,No,No,Yes,Yes,Two year,Yes,Electronic check,36.69,2542.77,No
CUST-00787,Female,0,Yes,No,8,Yes,Yes,DSL,No,No,Yes,Yes,No,Yes,Month-to-month,Yes,Electronic check,45.17,409.48,Yes
CUST-00788,Male,0,No,No,16,Yes,No,No,No,Yes,Yes,Yes,No,No,Month-to-month,No,Electronic check,37.93,560.94,Yes
CUST-00789,Male,0,Yes,No,55,No,Yes,No,No,Yes,No,No,No,Yes,Month-to-month,No,Credit card (automatic),42.58,2313.16,Yes
CUST-00790,Female,0,Yes,No,13,Yes,Yes,Fiber optic,Yes,No,No,No,Yes,No,One year,Yes,Credit card (automatic),58.2,781.69,Yes
CUST-00791,Female,0,No,No,36,Yes,Yes,No,No,No,No,Yes,No,No,Month-to-month,Yes,Mailed check,46.22,1631.86,Yes
CUST-00792,Female,0,No,No,68,Yes,Yes,Fiber optic,No,Yes,Yes,Yes,Yes,No,Month-to-month,Yes,Mailed check,49.21,3271.52,No
CUST-00793,Male,0,Yes,No,70,Yes,No,Fiber optic,No,No,No,No,No,No,Month-to-month,Yes,Electronic check,66.99,4715.14,Yes
CUST-00794,Male,0,Yes,Yes,68,Yes,No,DSL,Yes,No,No,No,No,Yes,Month-to-month,Yes,Bank transfer (automatic),39.65,2665.36,No
CUST-00795,Female,0,No,Yes,10,Yes,Yes,DSL,No,No,No,No,Yes,No,Two year,No,Electronic check,31.78,352.99,Yes
CUST-00796,Female,1,Yes,Yes,11,Yes,Yes,Fiber optic,Yes,Yes,Yes,No,No,Yes,Month-to-month,No,Electronic check,58.81,628.97,Yes
CUST-00797,Male,0,No,No,13,Yes,No,No,No,No,Yes,Yes,Yes,No,One year,Yes,Credit card (automatic),49.05,683.28,No
CUST-00798,Female,0,Yes,Yes,55,Yes,Yes,No,No,No,No,No,No,Yes,Month-to-month,No,Electronic check,51.5,2842.68,No
CUST-00799,Female,0,Yes,No,13,Yes,No,Fiber optic,Yes,No,No,Yes,Yes,No,One year,No,Mailed check,36.56,447.35,No
CUST-00800,Female,0,Yes,No,31,Yes,No,No,No,Yes,No,No,No,No,Month-to-month,No,Mailed check,25.57,743.67,Yes
CUST-00801,Female,1,No,No,59,Yes,Yes,Fiber optic,Yes,No,Yes,No,Yes,Yes,Month-to-month,Yes,Electronic check,41.61,2445.68,No
CUST-00802,Female,0,Yes,No,35,No,Yes,Fiber optic,No,Yes,No,Yes,Yes,No,One year,Yes,Bank transfer (automatic),45.16,1582.83,Yes
CUST-00803,Male,0,Yes,No,67,No,Yes,DSL,No,No,Yes,No,Yes,Yes,Month-to-month,Yes,Credit card (automatic),40.68,2699.9,Yes
CUST-00804,Male,1,Yes,No,36,Yes,Yes,Fiber optic,Yes,No,No,Yes,Yes,No,One year,No,Mailed check,38.23,1324.57,No
CUST-00805,Male,0,No,No,27,Yes,No,Fiber optic,Yes,No,No,Yes,Yes,No,One year,Yes,Electronic check,51.79,1389.18,No
CUST-00806,Male,0,Yes,Yes,69,No,No,Fiber optic,No,Yes,No,Yes,Yes,Yes,Month-to-month,Yes,Credit card (automatic),34.94,2472.32,No
CUST-00807,Male,0,No,No,39,Yes,Yes,Fiber optic,Yes,Yes,Yes,No,No,No,Month-to-month,No,Electronic check,42.5,1667.42,Yes
CUST-00808,Female,0,No,Yes,14,No,No,No,Yes,No,Yes,No,Yes,No,Month-to-month,Yes,Credit card (automatic),52.6,710.51,Yes
CUST-00809,Female,0,Yes,Yes,46,Yes,No,No,No,No,No,Yes,No,Yes,Month-to-month,Yes,Credit card (automatic),29.97,1384.48,Yes
CUST-00810,Male,0,No,No,55,Yes,No,Fiber optic,Yes,No,No,Yes,No,No,Month-to-month,Yes,Credit card (automatic),52.29,2901.13,Yes
CUST-00811,Female,1,No,No,60,Yes,No,Fiber optic,Yes,Yes,No,Yes,No,Yes,One year,Yes,Bank transfer (automatic),41.32,2442.14,Yes
CUST-00812,Male,1,Yes,No,1,No,No,Fiber optic,No,Yes,No,No,Yes,Yes,One year,Yes,Credit card (automatic),47.49,37.19,Yes
CUST-00813,Male,0,Yes,Yes,8,Yes,Yes,Fiber optic,No,Yes,Yes,Yes,Yes,Yes,Two year,Yes,Credit card (automatic),42.67,335.47,No
CUST-00814,Female,0,Yes,No,45,Yes,Yes,Fiber optic,Yes,No,No,No,Yes,No,Month-to-month,Yes,Credit card (automatic),49.45,2209.18,Yes
CUST-00815,Male,0,Yes,Yes,53,Yes,No,No,No,No,Yes,No,Yes,Yes,Month-to-month,Yes,Mailed check,47.26,2455.46,Yes
CUST-00816,Male,0,No,Yes,47,No,No,No,Yes,Yes,Yes,No,No,No,One year,No,Electronic check,18.0,872.45,No
CUST-00817,Female,0,No,No,28,Yes,No,Fiber optic,No,Yes,Yes,Yes,No,No,Month-to-month,No,Credit card (automatic),54.13,1431.4,Yes
CUST-00818,Female,0,No,No,54,No,Yes,DSL,No,No,No,No,No,No,One year,Yes,Electronic check,43.46,2320.47,No
CUST-00819,Male,0,Yes,No,42,Yes,No,Fiber optic,No,No,Yes,No,No,Yes,Month-to-month,No,Bank transfer (automatic),52.21,2163.76,Yes
CUST-00820,Male,0,Yes,Yes,66,Yes,No,No,No,Yes,No,No,No,Yes,Month-to-month,Yes,Bank transfer (automatic),45.58,2985.91,No
CUST-00821,Female,0,Yes,Yes,27,Yes,Yes,No,No,No,No,No,Yes,Yes,Month-to-month,Yes,Electronic check,68.97,1920.58,Yes
CUST-00822,Male,0,No,Yes,54,Yes,No,No,No,No,No,No,No,No,Month-to-month,Yes,Electronic check,41.3,2217.84,Yes
CUST-00823,Female,0,Yes,No,11,Yes,Yes,Fiber optic,No,Yes,No,No,Yes,Yes,Month-to-month,No,Electronic check,68.44,795.46,Yes
CUST-00824,Male,0,No,No,52,Yes,Yes,Fiber optic,Yes,Yes,Yes,Yes,No,Yes,One year,No,Electronic check,31.6,1648.54,Yes
CUST-00825,Male,0,No,No,52,Yes,No,DSL,Yes,Yes,No,No,No,Yes,Month-to-month,Yes,Credit card (automatic),44.36,2324.63,No
CUST-00826,Female,0,Yes,No,19,Yes,No,Fiber optic,Yes,No,Yes,Yes,No,Yes,One year,Yes,Mailed check,47.49,890.48,Yes
CUST-00827,Male,0,No,No,5,Yes,No,DSL,No,Yes,No,No,No,Yes,One year,Yes,Electronic check,46.15,259.68,Yes
CUST-00828,Male,0,No,Yes,71,Yes,Yes,No,No,No,Yes,No,No,Yes,Month-to-month,No,Electronic check,28.91,2027.97,Yes
CUST-00829,Male,0,No,Yes,6,Yes,Yes,DSL,Yes,No,No,No,No,No,Month-to-month,Yes,Electronic check,53.57,303.62,Yes
CUST-00830,Female,0,Yes,No,34,No,Yes,No,Yes,No,No,Yes,No,No,Two year,No,Mailed check,23.73,786.02,No
CUST-00831,Female,1,Yes,Yes,1,Yes,Yes,Fiber optic,No,No,No,No,Yes,Yes,Month-to-month,Yes,Electronic check,69.22,27.39,Yes
CUST-00832,Female,0,No,No,30,Yes,Yes,DSL,Yes,Yes,No,Yes,No,No,Month-to-month,Yes,Electronic check,40.39,1210.85,Yes
CUST-00833,Female,0,Yes,No,59,Yes,No,Fiber optic,No,No,Yes,No,Yes,Yes,One year,Yes,Credit card (automatic),35.64,2137.48,No
CUST-00834,Female,0,No,No,36,Yes,No,Fiber optic,No,Yes,Yes,Yes,Yes,No,Month-to-month,Yes,Bank transfer (automatic),42.61,1520.43,No
CUST-00835,Male,0,Yes,No,18,Yes,Yes,Fiber optic,No,Yes,Yes,No,Yes,Yes,Month-to-month,Yes,Electronic check,54.0,940.05,No
CUST-00836,Male,0,No,No,28,Yes,Yes,Fiber optic,Yes,No,No,Yes,Yes,No,Month-to-month,Yes,Bank transfer (automatic),48.18,1427.04,Yes
CUST-00837,Male,0,No,Yes,7,Yes,No,Fiber optic,No,Yes,No,Yes,Yes,Yes,Month-to-month,Yes,Electronic check,60.57,408.4,Yes
CUST-00838,Female,1,Yes,No,43,Yes,No,DSL,Yes,No,Yes,No,Yes,No,One year,Yes,Electronic check,44.45,1940.6,No
CUST-00839,Female,0,Yes,No,1,No,No,No,No,No,Yes,Yes,No,Yes,Month-to-month,Yes,Electronic check,40.77,40.96,No
CUST-00840,Male,0,No,Yes,25,No,No,No,Yes,No,No,No,No,No,Month-to-month,Yes,Bank transfer (automatic),36.07,944.79,Yes
CUST-00841,Female,0,Yes,Yes,5,Yes,Yes,Fiber optic,No,No,No,No,Yes,Yes,Two year,No,Electronic check,39.81,196.99,Yes
CUST-00842,Male,0,No,Yes,18,Yes,Yes,DSL,No,No,No,No,No,No,Month-to-month,No,Bank transfer (automatic),39.7,712.66,Yes
CUST-00843,Male,0,No,Yes,5,Yes,Yes,Fiber optic,No,Yes,Yes,No,No,No,One year,Yes,Mailed check,40.57,200.54,Yes
CUST-00844,Female,0,Yes,Yes,66,Yes,No,DSL,Yes,No,No,No,Yes,Yes,Two year,Yes,Electronic check,28.0,1837.8,No
CUST-00845,Female,0,No,Yes,55,Yes,Yes,No,Yes,Yes,Yes,No,Yes,Yes,Month-to-month,No,Mailed check,47.88,2635.88,Yes
CUST-00846,Female,0,Yes,No,66,Yes,No,DSL,No,Yes,No,Yes,No,No,One year,No,Mailed check,31.47,2046.21,No
CUST-00847,Female,0,No,No,49,Yes,No,DSL,Yes,Yes,No,Yes,Yes,Yes,One year,No,Credit card (automatic),18.16,909.67,No
CUST-00848,Female,0,Yes,No,36,Yes,Yes,DSL,Yes,Yes,Yes,Yes,No,Yes,Month-to-month,Yes,Bank transfer (automatic),45.7,1753.72,Yes
CUST-00849,Male,0,Yes,No,13,Yes,Yes,Fiber optic,Yes,Yes,No,No,No,No,Two year,Yes,Electronic check,40.2,485.21,Yes
CUST-00850,Male,0,Yes,No,69,Yes,Yes,Fiber optic,No,No,Yes,Yes,Yes,No,Month-to-month,Yes,Credit card (automatic),61.28,4240.96,Yes
CUST-00851,Male,0,No,No,66,Yes,No,Fiber optic,No,No,No,Yes,Yes,Yes,Month-to-month,No,Mailed check,35.96,2374.0,Yes
CUST-00852,Male,0,No,No,30,Yes,No,DSL,No,No,Yes,Yes,No,Yes,One year,Yes,Electronic check,37.04,1065.92,No
CUST-00853,Male,0,No,No,17,Yes,Yes,No,No,No,Yes,Yes,Yes,Yes,One year,Yes,Electronic check,40.13,713.45,Yes
CUST-00854,Female,0,Yes,No,28,Yes,Yes,Fiber optic,No,No,Yes,Yes,Yes,No,Month-to-month,Yes,Mailed check,40.66,1120.74,Yes
CUST-00855,Female,0,No,No,28,Yes,No,DSL,No,No,Yes,No,Yes,Yes,One year,No,Electronic check,42.71,1168.37,No
CUST-00856,Male,0,No,No,66,Yes,No,Fiber optic,Yes,No,No,No,No,Yes,One year,Yes,Credit card (automatic),38.37,2587.12,No
CUST-00857,Female,0,No,Yes,5,Yes,No,Fiber optic,No,Yes,No,No,No,No,Month-to-month,Yes,Electronic check,60.72,289.95,Yes
CUST-00858,Female,0,Yes,Yes,45,Yes,No,Fiber optic,No,Yes,No,No,No,No,Month-to-month,Yes,Electronic check,52.23,2397.04,Yes
CUST-00859,Male,0,No,No,55,Yes,No,Fiber optic,Yes,Yes,Yes,No,Yes,Yes,Month-to-month,No,Mailed check,42.47,2357.46,Yes
CUST-00860,Male,0,Yes,Yes,55,Yes,Yes,Fiber optic,No,Yes,No,No,No,Yes,One year,No,Credit card (automatic),50.48,2780.2,No
CUST-00861,Male,0,Yes,Yes,14,Yes,No,DSL,Yes,No,No,Yes,No,No,Two year,Yes,Electronic check,39.4,577.06,No
CUST-00862,Male,0,No,Yes,30,Yes,Yes,Fiber optic,No,No,No,No,Yes,No,Month-to-month,Yes,Bank transfer (automatic),37.14,1145.64,Yes
CUST-00863,Female,0,Yes,Yes,25,Yes,Yes,Fiber optic,No,No,No,No,No,No,Month-to-month,Yes,Mailed check,54.0,1342.99,Yes
CUST-00864,Male,0,Yes,No,29,Yes,No,Fiber optic,No,Yes,No,No,Yes,Yes,Two year,Yes,Mailed check,48.33,1386.85,No
CUST-00865,Male,0,No,No,7,Yes,No,DSL,Yes,No,No,Yes,Yes,No,Month-to-month,Yes,Electronic check,30.47,247.59,Yes
CUST-00866,Male,0,No,Yes,6,Yes,Yes,DSL,Yes,Yes,Yes,No,Yes,No,One year,Yes,Electronic check,36.19,328.27,No
CUST-00867,Male,0,Yes,No,2,Yes,No,DSL,No,Yes,Yes,Yes,No,No,Month-to-month,No,Credit card (automatic),46.81,28.77,Yes
CUST-00868,Male,0,No,Yes,69,Yes,Yes,Fiber optic,No,No,Yes,Yes,No,Yes,One year,No,Bank transfer (automatic),43.27,2941.03,No
CUST-00869,Female,0,Yes,No,30,Yes,No,DSL,No,Yes,No,No,No,Yes,Month-to-month,Yes,Electronic check,51.38,1502.87,Yes
CUST-00870,Female,0,Yes,No,17,No,No,Fiber optic,Yes,No,No,No,No,No,One year,Yes,Mailed check,44.5,743.52,Yes
CUST-00871,Female,1,Yes,Yes,57,Yes,Yes,DSL,No,Yes,Yes,No,No,Yes,Month-to-month,No,Electronic check,57.96,3264.73,Yes
CUST-00872,Female,0,No,No,36,Yes,No,Fiber optic,No,No,No,No,No,Yes,Month-to-month,Yes,Electronic check,50.89,1856.52,Yes
CUST-00873,Female,1,Yes,Yes,26,Yes,No,Fiber optic,Yes,No,Yes,No,No,Yes,One year,Yes,Mailed check,35.96,877.05,Yes
CUST-00874,Female,0,Yes,No,9,Yes,Yes,DSL,Yes,No,No,No,No,Yes,Two year,No,Electronic check,35.49,302.31,Yes
CUST-00875,Male,0,No,No,28,Yes,No,Fiber optic,No,No,Yes,No,Yes,No,One year,Yes,Mailed check,44.4,1223.38,Yes
CUST-00876,Male,0,No,No,46,Yes,No,Fiber optic,No,No,Yes,No,Yes,Yes,Month-to-month,Yes,Electronic check,54.52,2547.7,Yes
CUST-00877,Male,0,No,Yes,45,No,Yes,Fiber optic,Yes,No,No,Yes,No,Yes,Month-to-month,Yes,Electronic check,55.68,2503.65,Yes
CUST-00878,Male,1,No,No,28,No,No,Fiber optic,No,No,Yes,No,Yes,No,Month-to-month,Yes,Electronic check,70.82,1929.4,No
CUST-00879,Male,0,Yes,No,44,Yes,Yes,DSL,No,No,No,No,No,No,Two year,Yes,Electronic check,38.98,1726.98,Yes
CUST-00880,Male,1,Yes,No,55,Yes,Yes,DSL,No,Yes,No,Yes,Yes,No,Month-to-month,Yes,Bank transfer (automatic),33.98,1831.85,No
CUST-00881,Female,0,Yes,Yes,67,Yes,Yes,Fiber optic,No,No,No,No,Yes,Yes,One year,Yes,Mailed check,35.33,2319.41,Yes
CUST-00882,Male,1,No,No,38,Yes,No,No,Yes,Yes,No,No,Yes,No,One year,Yes,Bank transfer (automatic),36.6,1435.15,Yes
CUST-00883,Female,1,Yes,Yes,17,Yes,No,DSL,Yes,Yes,Yes,No,Yes,Yes,One year,No,Credit card (automatic),46.13,766.96,Yes
CUST-00884,Female,0,Yes,Yes,10,Yes,Yes,DSL,No,No,Yes,Yes,No,No,One year,No,Electronic check,46.73,486.92,Yes
CUST-00885,Male,0,Yes,No,12,Yes,Yes,Fiber optic,No,No,No,No,No,Yes,Month-to-month,Yes,Mailed check,44.38,513.51,Yes
CUST-00886,Male,0,Yes,No,1,Yes,No,Fiber optic,Yes,No,No,No,No,No,Month-to-month,Yes,Bank transfer (automatic),45.79,55.65,Yes
CUST-00887,Female,0,No,Yes,40,Yes,No,No,No,No,Yes,No,No,Yes,Month-to-month,Yes,Electronic check,44.66,1842.35,Yes
CUST-00888,Female,1,No,No,16,Yes,No,DSL,Yes,No,No,Yes,Yes,No,Month-to-month,Yes,Mailed check,44.09,712.98,Yes
CUST-00889,Female,0,Yes,No,17,Yes,No,No,Yes,No,No,No,Yes,Yes,Month-to-month,Yes,Mailed check,40.82,679.52,Yes
CUST-00890,Female,0,No,No,52,Yes,Yes,Fiber optic,Yes,No,No,No,Yes,Yes,Two year,No,Electronic check,29.5,1481.29,No
CUST-00891,Female,0,No,No,23,Yes,Yes,Fiber optic,No,Yes,No,Yes,No,No,Month-to-month,Yes,Mailed check,43.48,1035.62,No
CUST-00892,Male,0,Yes,No,59,Yes,No,DSL,No,No,Yes,Yes,No,Yes,Month-to-month,No,Electronic check,40.41,2403.43,No
CUST-00893,Male,1,Yes,No,10,Yes,Yes,DSL,No,Yes,No,No,Yes,Yes,Month-to-month,No,Electronic check,54.68,559.79,Yes
CUST-00894,Male,0,No,Yes,25,Yes,Yes,DSL,Yes,No,Yes,No,No,Yes,Month-to-month,No,Credit card (automatic),32.72,814.8,No
CUST-00895,Male,0,Yes,Yes,4,Yes,Yes,Fiber optic,No,Yes,No,No,Yes,Yes,Month-to-month,Yes,Credit card (automatic),57.07,273.22,Yes
CUST-00896,Male,1,No,No,39,Yes,Yes,DSL,Yes,Yes,Yes,No,No,Yes,One year,Yes,Credit card (automatic),51.52,1991.76,No
CUST-00897,Male,0,No,Yes,9,Yes,No,DSL,Yes,No,No,No,Yes,Yes,One year,Yes,Bank transfer (automatic),40.65,387.89,Yes
CUST-00898,Female,0,No,No,18,Yes,Yes,DSL,No,Yes,No,No,No,No,One year,Yes,Electronic check,46.68,912.93,Yes
CUST-00899,Female,0,No,No,53,Yes,No,No,No,Yes,No,Yes,No,No,Two year,No,Mailed check,18.0,957.22,No
CUST-00900,Male,0,No,Yes,63,Yes,No,DSL,Yes,Yes,Yes,No,No,No,Month-to-month,Yes,Credit card (automatic),45.9,2878.22,No
CUST-00901,Female,0,Yes,Yes,39,Yes,No,Fiber optic,Yes,No,Yes,No,No,Yes,One year,No,Credit card (automatic),29.37,1123.22,No
CUST-00902,Female,0,Yes,No,69,Yes,No,Fiber optic,No,Yes,No,No,No,Yes,One year,Yes,Credit card (automatic),48.56,3327.92,Yes
CUST-00903,Female,0,No,No,54,Yes,Yes,No,Yes,No,Yes,No,Yes,No,One year,Yes,Bank transfer (automatic),48.91,2642.6,No
CUST-00904,Male,1,No,No,54,Yes,No,Fiber optic,No,No,No,Yes,Yes,No,Month-to-month,Yes,Mailed check,42.08,2338.5,Yes
CUST-00905,Female,1,No,Yes,71,Yes,No,Fiber optic,No,No,No,Yes,Yes,Yes,Month-to-month,Yes,Mailed check,42.33,3022.74,Yes
CUST-00906,Male,0,No,No,7,Yes,No,DSL,No,No,No,No,No,No,Month-to-month,Yes,Bank transfer (automatic),52.26,373.99,Yes
CUST-00907,Female,0,Yes,Yes,17,Yes,No,DSL,No,No,Yes,Yes,No,No,Month-to-month,Yes,Mailed check,32.84,564.09,Yes
CUST-00908,Female,0,No,No,32,Yes,No,DSL,No,Yes,Yes,Yes,No,No,One year,Yes,Mailed check,36.79,1115.25,No
CUST-00909,Female,0,No,Yes,44,Yes,No,Fiber optic,No,No,Yes,No,Yes,Yes,Month-to-month,No,Bank transfer (automatic),40.69,1786.48,Yes
CUST-00910,Female,0,No,Yes,71,Yes,Yes,DSL,No,No,No,Yes,Yes,No,Two year,Yes,Credit card (automatic),29.86,2083.0,No
CUST-00911,Male,0,No,No,8,Yes,Yes,Fiber optic,Yes,Yes,Yes,Yes,Yes,Yes,Two year,Yes,Electronic check,28.34,286.93,No
CUST-00912,Female,0,Yes,Yes,17,Yes,No,Fiber optic,No,Yes,No,No,Yes,Yes,Month-to-month,Yes,Electronic check,59.05,968.96,Yes
CUST-00913,Female,0,No,No,22,Yes,Yes,Fiber optic,No,No,No,No,No,Yes,Two year,Yes,Electronic check,65.16,1380.13,Yes
CUST-00914,Male,0,Yes,Yes,48,Yes,Yes,DSL,Yes,Yes,No,Yes,Yes,No,Month-to-month,Yes,Bank transfer (automatic),36.19,1668.23,No
CUST-00915,Male,0,Yes,Yes,68,Yes,No,No,Yes,Yes,No,No,No,No,Month-to-month,Yes,Credit card (automatic),28.48,1905.67,No
CUST-00916,Female,0,No,Yes,67,Yes,No,No,Yes,Yes,No,Yes,Yes,Yes,Two year,Yes,Bank transfer (automatic),33.4,2121.62,No
CUST-00917,Male,0,No,No,54,Yes,No,DSL,Yes,Yes,Yes,Yes,Yes,Yes,Month-to-month,No,Mailed check,27.05,1468.16,Yes
CUST-00918,Male,0,No,No,55,Yes,No,Fiber optic,No,No,No,No,No,No,Month-to-month,Yes,Mailed check,47.24,2607.6,Yes
CUST-00919,Female,0,Yes,Yes,30,Yes,Yes,No,Yes,Yes,No,No,No,No,Month-to-month,Yes,Electronic check,43.82,1271.03,Yes
CUST-00920,Male,1,Yes,No,44,Yes,No,No,Yes,Yes,No,Yes,Yes,No,One year,Yes,Mailed check,22.07,1005.58,No
CUST-00921,Male,1,Yes,No,13,Yes,No,Fiber optic,No,Yes,Yes,No,No,No,Month-to-month,Yes,Bank transfer (automatic),54.99,708.17,Yes
CUST-00922,Male,0,No,No,36,Yes,No,DSL,Yes,No,No,No,Yes,Yes,One year,Yes,Credit card (automatic),30.48,1091.15,No
CUST-00923,Female,0,No,No,21,Yes,Yes,No,No,No,No,No,No,Yes,Two year,Yes,Bank transfer (automatic),22.71,511.61,Yes
CUST-00924,Female,0,No,No,66,Yes,Yes,Fiber optic,No,No,No,No,No,Yes,Two year,Yes,Credit card (automatic),39.84,2674.69,No
CUST-00925,Female,0,Yes,No,27,Yes,No,Fiber optic,Yes,No,Yes,No,Yes,No,Two year,Yes,Electronic check,64.98,1713.74,Yes
CUST-00926,Male,0,No,No,29,No,No,DSL,Yes,No,No,Yes,Yes,No,Month-to-month,Yes,Electronic check,54.14,1512.51,Yes
CUST-00927,Male,0,No,No,29,Yes,Yes,No,Yes,Yes,Yes,Yes,Yes,Yes,One year,Yes,Mailed check,35.19,1005.32,No
CUST-00928,Female,1,Yes,No,64,Yes,No,Fiber optic,No,Yes,Yes,Yes,Yes,Yes,Two year,No,Credit card (automatic),56.76,3694.64,No
CUST-00929,Female,1,No,Yes,67,Yes,No,Fiber optic,Yes,No,No,No,Yes,Yes,Month-to-month,Yes,Credit card (automatic),33.44,2209.53,Yes
CUST-00930,Male,0,No,No,31,Yes,Yes,Fiber optic,No,No,No,No,No,No,Two year,No,Credit card (automatic),41.1,1312.83,No
CUST-00931,Male,0,Yes,No,71,Yes,No,DSL,No,Yes,Yes,Yes,Yes,Yes,One year,Yes,Bank transfer (automatic),47.66,3344.9,No
CUST-00932,Male,0,Yes,No,54,Yes,No,Fiber optic,No,No,No,Yes,Yes,No,Two year,No,Credit card (automatic),21.85,1173.75,No
CUST-00933,Female,1,No,No,61,Yes,No,Fiber optic,No,No,No,No,Yes,Yes,Month-to-month,Yes,Mailed check,51.91,3143.52,Yes
CUST-00934,Male,0,No,No,66,No,No,Fiber optic,Yes,No,No,Yes,No,Yes,Month-to-month,No,Mailed check,33.96,2257.84,No
CUST-00935,Female,0,No,No,24,Yes,Yes,No,No,No,No,No,Yes,Yes,Two year,Yes,Bank transfer (automatic),32.78,792.64,No
CUST-00936,Male,0,No,No,40,Yes,No,Fiber optic,No,No,No,No,No,Yes,Month-to-month,Yes,Mailed check,50.28,1975.42,Yes
CUST-00937,Female,0,Yes,No,21,Yes,No,DSL,No,Yes,Yes,No,Yes,Yes,Two year,No,Bank transfer (automatic),18.0,358.68,No
CUST-00938,Female,0,No,Yes,23,No,Yes,DSL,No,Yes,No,No,Yes,Yes,Month-to-month,No,Electronic check,39.45,864.7,No
CUST-00939,Female,0,No,No,33,Yes,Yes,Fiber optic,Yes,No,No,No,No,No,Month-to-month,Yes,Credit card (automatic),49.81,1652.93,Yes
CUST-00940,Male,0,Yes,Yes,4,Yes,No,DSL,No,No,No,No,No,No,One year,No,Credit card (automatic),22.96,51.15,Yes
CUST-00941,Male,0,No,No,16,Yes,Yes,Fiber optic,No,No,Yes,No,No,No,Two year,No,Credit card (automatic),33.55,540.62,No
CUST-00942,Female,0,Yes,Yes,58,Yes,Yes,Fiber optic,No,Yes,Yes,Yes,No,Yes,Month-to-month,No,Electronic check,35.33,2065.03,Yes
CUST-00943,Male,0,Yes,No,12,No,No,DSL,No,Yes,No,Yes,No,Yes,One year,No,Electronic check,25.29,329.87,No
CUST-00944,Female,0,Yes,No,45,Yes,No,DSL,No,No,No,No,No,No,Month-to-month,No,Credit card (automatic),45.37,2068.58,Yes
CUST-00945,Female,1,No,No,55,Yes,Yes,Fiber optic,No,Yes,No,Yes,Yes,Yes,Month-to-month,No,Credit card (automatic),45.79,2531.89,Yes
CUST-00946,Female,0,Yes,Yes,19,Yes,No,DSL,Yes,No,No,No,Yes,No,One year,No,Electronic check,35.26,626.67,Yes
CUST-00947,Male,0,Yes,No,33,Yes,No,Fiber optic,Yes,Yes,Yes,Yes,No,No,One year,Yes,Bank transfer (automatic),35.48,1136.15,Yes
CUST-00948,Female,0,No,Yes,63,Yes,No,DSL,Yes,No,No,No,No,Yes,Two year,No,Electronic check,32.52,2013.89,No
CUST-00949,Male,0,Yes,No,60,Yes,No,No,Yes,Yes,Yes,No,No,Yes,Month-to-month,No,Credit card (automatic),32.18,1928.2,No
CUST-00950,Female,0,No,Yes,66,Yes,No,Fiber optic,No,No,Yes,Yes,Yes,Yes,Month-to-month,Yes,Mailed check,38.97,2615.66,No
CUST-00951,Female,0,No,No,45,No,No,Fiber optic,Yes,Yes,Yes,Yes,No,Yes,One year,Yes,Mailed check,44.37,1968.75,No
CUST-00952,Female,0,Yes,No,63,No,Yes,No,No,No,Yes,No,No,Yes,Month-to-month,Yes,Electronic check,43.57,2732.55,Yes
CUST-00953,Male,0,Yes,No,29,No,Yes,No,No,Yes,Yes,Yes,Yes,No,One year,Yes,Electronic check,53.23,1591.69,Yes
CUST-00954,Female,0,No,No,43,Yes,No,No,No,No,Yes,Yes,Yes,Yes,Month-to-month,Yes,Credit card (automatic),35.56,1474.27,No
CUST-00955,Male,1,Yes,Yes,48,Yes,No,DSL,No,No,No,Yes,Yes,Yes,Two year,No,Bank transfer (automatic),33.5,1668.84,Yes
CUST-00956,Male,0,Yes,No,70,No,Yes,DSL,No,Yes,No,No,No,Yes,Month-to-month,Yes,Electronic check,50.55,3563.38,Yes
CUST-00957,Female,1,No,Yes,27,Yes,Yes,Fiber optic,No,Yes,Yes,No,Yes,Yes,One year,Yes,Electronic check,56.49,1497.21,Yes
CUST-00958,Male,1,No,No,63,Yes,Yes,Fiber optic,No,No,Yes,No,No,No,Month-to-month,No,Bank transfer (automatic),49.32,3093.52,No
CUST-00959,Male,0,No,No,37,Yes,No,Fiber optic,Yes,No,Yes,Yes,No,Yes,Month-to-month,No,Credit card (automatic),44.71,1722.17,No
CUST-00960,Female,0,No,No,8,Yes,No,Fiber optic,No,Yes,No,No,No,No,Month-to-month,Yes,Mailed check,64.64,497.11,Yes
CUST-00961,Female,0,No,Yes,47,Yes,No,DSL,Yes,Yes,Yes,No,No,No,Month-to-month,Yes,Bank transfer (automatic),32.96,1577.79,No
CUST-00962,Female,0,No,No,70,Yes,Yes,DSL,Yes,No,No,No,Yes,No,Month-to-month,Yes,Credit card (automatic),53.41,3820.29,No
CUST-00963,Male,0,No,No,33,Yes,Yes,Fiber optic,Yes,No,Yes,No,No,Yes,Month-to-month,No,Mailed check,43.12,1421.28,No
CUST-00964,Female,0,No,Yes,39,Yes,No,Fiber optic,No,No,No,No,No,Yes,Month-to-month,Yes,Credit card (automatic),32.51,1267.51,No
CUST-00965,Male,0,No,No,66,Yes,Yes,No,Yes,No,No,Yes,Yes,No,Month-to-month,Yes,Electronic check,49.97,3386.42,Yes
CUST-00966,Male,0,Yes,Yes,66,Yes,Yes,Fiber optic,No,Yes,Yes,No,Yes,Yes,Month-to-month,Yes,Electronic check,60.14,3925.7,No
CUST-00967,Male,0,Yes,Yes,29,Yes,Yes,DSL,No,Yes,No,No,No,Yes,Month-to-month,Yes,Credit card (automatic),50.52,1464.34,Yes
CUST-00968,Female,0,Yes,No,54,Yes,No,DSL,Yes,Yes,No,Yes,No,Yes,One year,No,Credit card (automatic),24.29,1328.7,No
CUST-00969,Male,0,No,Yes,45,Yes,No,Fiber optic,Yes,No,Yes,Yes,Yes,No,Month-to-month,No,Electronic check,36.49,1580.33,No
CUST-00970,Female,1,Yes,Yes,46,Yes,Yes,DSL,No,Yes,No,Yes,Yes,No,Month-to-month,Yes,Bank transfer (automatic),39.77,1782.94,No
CUST-00971,Female,0,Yes,No,52,No,No,Fiber optic,No,No,Yes,Yes,No,No,Month-to-month,No,Bank transfer (automatic),42.33,2178.32,Yes
CUST-00972,Female,0,No,No,24,Yes,No,Fiber optic,No,Yes,No,Yes,Yes,No,Month-to-month,No,Credit card (automatic),41.8,1019.53,No
CUST-00973,Female,0,Yes,Yes,22,Yes,No,No,No,Yes,Yes,No,No,No,One year,No,Bank transfer (automatic),25.65,544.91,No
CUST-00974,Female,0,Yes,Yes,2,Yes,No,Fiber optic,Yes,No,No,No,Yes,No,One year,Yes,Credit card (automatic),41.92,80.35,Yes
CUST-00975,Female,0,Yes,No,61,No,No,DSL,Yes,No,No,Yes,Yes,Yes,Month-to-month,Yes,Bank transfer (automatic),31.35,1943.61,No
CUST-00976,Female,0,Yes,No,20,Yes,No,Fiber optic,No,No,No,No,Yes,Yes,Month-to-month,No,Mailed check,40.63,836.66,No
CUST-00977,Female,0,No,No,48,Yes,Yes,DSL,No,Yes,Yes,No,Yes,No,Month-to-month,No,Electronic check,50.32,2333.37,No
CUST-00978,Male,1,Yes,No,49,Yes,No,DSL,Yes,No,Yes,No,Yes,No,Two year,Yes,Credit card (automatic),21.99,1084.8,No
CUST-00979,Female,1,Yes,No,50,Yes,Yes,Fiber optic,Yes,No,No,No,No,No,Month-to-month,No,Credit card (automatic),47.63,2403.44,No
CUST-00980,Male,0,No,No,62,Yes,Yes,Fiber optic,No,No,No,No,Yes,Yes,Month-to-month,Yes,Electronic check,49.17,3045.27,Yes
CUST-00981,Male,0,Yes,No,62,No,Yes,DSL,No,Yes,No,Yes,No,Yes,One year,No,Bank transfer (automatic),32.66,2045.94,Yes
CUST-00982,Male,0,Yes,Yes,1,Yes,Yes,Fiber optic,Yes,No,No,Yes,Yes,No,Month-to-month,No,Electronic check,44.09,74.87,No
CUST-00983,Male,0,No,Yes,60,Yes,Yes,Fiber optic,No,No,No,No,Yes,Yes,Month-to-month,Yes,Bank transfer (automatic),46.73,2816.78,Yes
CUST-00984,Male,0,No,Yes,15,Yes,No,DSL,No,No,No,No,No,No,One year,No,Electronic check,32.11,477.8,Yes
CUST-00985,Male,0,No,No,46,Yes,No,Fiber optic,No,Yes,No,Yes,Yes,Yes,Month-to-month,Yes,Credit card (automatic),47.32,2186.78,Yes
CUST-00986,Male,0,No,No,48,Yes,Yes,DSL,Yes,No,Yes,No,No,No,Month-to-month,Yes,Bank transfer (automatic),26.87,1196.68,Yes
CUST-00987,Male,0,No,No,4,Yes,No,Fiber optic,No,No,No,No,Yes,Yes,Month-to-month,Yes,Bank transfer (automatic),52.21,265.28,Yes
CUST-00988,Female,0,Yes,Yes,21,Yes,Yes,Fiber optic,Yes,No,Yes,No,No,No,One year,Yes,Electronic check,36.9,827.82,Yes
CUST-00989,Female,0,No,No,65,Yes,No,Fiber optic,Yes,Yes,No,No,Yes,No,Month-to-month,Yes,Electronic check,44.71,2956.23,Yes
CUST-00990,Male,0,No,No,11,Yes,No,Fiber optic,Yes,No,Yes,Yes,Yes,No,Month-to-month,Yes,Mailed check,46.25,513.88,Yes
CUST-00991,Female,0,Yes,Yes,17,Yes,Yes,Fiber optic,Yes,No,No,Yes,No,Yes,Month-to-month,Yes,Electronic check,58.15,1011.41,Yes
CUST-00992,Male,0,No,No,6,Yes,Yes,DSL,Yes,Yes,No,Yes,Yes,Yes,Month-to-month,No,Electronic check,32.91,203.07,Yes
CUST-00993,Female,1,Yes,No,12,Yes,No,Fiber optic,No,No,No,Yes,No,Yes,Month-to-month,Yes,Credit card (automatic),35.43,438.06,Yes
CUST-00994,Female,0,No,No,46,Yes,Yes,DSL,Yes,Yes,Yes,No,Yes,No,Month-to-month,Yes,Mailed check,50.38,2372.2,No
CUST-00995,Male,0,No,No,60,Yes,No,DSL,Yes,Yes,No,No,Yes,Yes,One year,No,Electronic check,31.14,1797.59,No
CUST-00996,Male,0,No,No,43,Yes,No,Fiber optic,No,No,Yes,No,Yes,No,One year,No,Credit card (automatic),21.95,961.42,Yes
CUST-00997,Male,0,Yes,Yes,21,No,Yes,DSL,Yes,Yes,Yes,No,Yes,Yes,Month-to-month,No,Bank transfer (automatic),37.03,744.29,Yes
CUST-00998,Female,0,No,No,61,Yes,No,Fiber optic,Yes,Yes,No,No,No,No,Month-to-month,No,Mailed check,37.07,2215.19,No
CUST-00999,Male,0,No,Yes,27,Yes,No,Fiber optic,No,No,Yes,Yes,No,Yes,One year,Yes,Bank transfer (automatic),36.27,974.21,Yes
CUST-01000,Male,1,Yes,No,23,Yes,No,Fiber optic,No,No,Yes,No,No,No,Month-to-month,Yes,Electronic check,59.2,1311.49,Yes
CUST-01001,Male,0,Yes,No,36,Yes,No,No,No,No,No,No,Yes,Yes,One year,Yes,Electronic check,29.3,1004.61,Yes
CUST-01002,Male,0,No,Yes,10,Yes,Yes,Fiber optic,Yes,Yes,No,No,No,No,Month-to-month,No,Electronic check,53.7,470.54,Yes
CUST-01003,Male,0,Yes,No,26,Yes,No,No,No,No,Yes,No,No,No,One year,No,Electronic check,35.1,893.32,Yes
CUST-01004,Male,0,No,Yes,57,Yes,Yes,Fiber optic,Yes,Yes,No,No,No,Yes,Month-to-month,Yes,Credit card (automatic),45.82,2633.01,No
CUST-01005,Female,0,No,Yes,44,Yes,Yes,Fiber optic,Yes,Yes,No,Yes,Yes,No,Month-to-month,No,Credit card (automatic),47.45,2120.82,No
CUST-01006,Male,0,Yes,No,71,Yes,No,Fiber optic,No,Yes,Yes,Yes,Yes,Yes,One year,No,Electronic check,46.87,3406.89,No
CUST-01007,Male,0,No,Yes,56,Yes,Yes,No,No,No,No,No,Yes,No,Month-to-month,No,Credit card (automatic),51.98,2894.69,No
CUST-01008,Male,0,Yes,No,26,No,No,Fiber optic,No,No,No,No,No,No,Month-to-month,No,Credit card (automatic),30.52,825.43,Yes
CUST-01009,Male,0,No,Yes,55,Yes,No,No,Yes,Yes,Yes,Yes,No,No,Month-to-month,No,Electronic check,41.64,2297.4,Yes
CUST-01010,Male,0,No,No,62,Yes,Yes,Fiber optic,No,No,Yes,Yes,Yes,Yes,Month-to-month,Yes,Mailed check,52.45,3257.94,No
CUST-01011,Female,1,Yes,No,45,Yes,Yes,No,No,No,Yes,No,No,Yes,One year,Yes,Mailed check,34.06,1547.65,Yes
CUST-01012,Male,0,No,No,55,No,No,Fiber optic,No,Yes,No,No,Yes,No,Month-to-month,Yes,Electronic check,51.53,2866.2,Yes
CUST-01013,Female,1,Yes,No,36,Yes,Yes,DSL,No,No,No,Yes,Yes,Yes,Month-to-month,No,Mailed check,53.38,1940.8,Yes
CUST-01014,Female,1,No,No,65,Yes,Yes,DSL,No,No,Yes,No,No,No,Month-to-month,Yes,Electronic check,49.08,3174.37,Yes
CUST-01015,Male,1,Yes,Yes,17,Yes,No,Fiber optic,Yes,No,Yes,Yes,Yes,No,One year,Yes,Mailed check,51.61,900.75,Yes
CUST-01016,Male,0,No,No,31,Yes,Yes,DSL,No,No,No,Yes,No,Yes,Two year,No,Electronic check,33.8,1022.64,No
CUST-01017,Female,0,No,No,19,Yes,No,DSL,Yes,No,No,Yes,No,Yes,Two year,Yes,Mailed check,33.37,657.52,No
CUST-01018,Female,0,Yes,Yes,8,Yes,No,DSL,No,Yes,Yes,Yes,Yes,Yes,Two year,Yes,Mailed check,42.12,341.61,Yes
CUST-01019,Female,0,No,No,44,Yes,No,Fiber optic,No,No,No,No,No,No,Two year,No,Mailed check,22.99,936.82,Yes
CUST-01020,Female,0,Yes,No,9,Yes,No,DSL,No,Yes,Yes,Yes,Yes,No,Two year,No,Electronic check,39.15,346.81,Yes
CUST-01021,Female,0,No,No,17,Yes,Yes,Fiber optic,Yes,Yes,No,No,No,No,Month-to-month,Yes,Electronic check,50.37,893.56,Yes
CUST-01022,Female,1,Yes,No,55,No,No,Fiber optic,No,No,Yes,No,Yes,Yes,One year,Yes,Bank transfer (automatic),51.95,2852.19,Yes
CUST-01023,Male,0,No,No,18,Yes,No,Fiber optic,No,Yes,Yes,Yes,Yes,Yes,Month-to-month,Yes,Electronic check,50.29,914.38,Yes
CUST-01024,Male,0,Yes,Yes,62,Yes,No,Fiber optic,Yes,No,Yes,No,Yes,No,Two year,Yes,Electronic check,36.19,2224.63,Yes
CUST-01025,Male,0,Yes,Yes,4,Yes,No,DSL,Yes,No,No,Yes,Yes,No,Month-to-month,Yes,Electronic check,42.09,157.4,Yes
CUST-01026,Female,0,No,Yes,33,Yes,No,No,Yes,Yes,No,Yes,Yes,Yes,One year,Yes,Credit card (automatic),33.44,1141.46,No
CUST-01027,Female,0,No,No,5,Yes,No,No,Yes,No,Yes,Yes,Yes,Yes,Month-to-month,Yes,Bank transfer (automatic),48.25,224.01,Yes
CUST-01028,Female,0,No,Yes,5,Yes,No,DSL,No,Yes,No,No,No,Yes,One year,No,Bank transfer (automatic),37.46,141.26,Yes
CUST-01029,Male,0,No,No,57,Yes,No,DSL,Yes,No,No,No,Yes,No,One year,Yes,Credit card (automatic),50.63,2798.7,No
CUST-01030,Female,0,Yes,No,5,Yes,No,Fiber optic,Yes,Yes,No,Yes,Yes,Yes,Month-to-month,Yes,Bank transfer (automatic),45.37,196.39,No
CUST-01031,Female,0,No,No,64,No,No,No,Yes,Yes,No,No,Yes,Yes,Two year,No,Mailed check,18.0,1108.05,No
CUST-01032,Female,0,Yes,Yes,43,Yes,No,No,Yes,No,No,No,No,No,Month-to-month,Yes,Credit card (automatic),38.94,1614.97,Yes
CUST-01033,Male,0,Yes,Yes,35,Yes,Yes,No,Yes,No,Yes,No,No,Yes,One year,Yes,Electronic check,45.23,1540.11,Yes
CUST-01034,Female,0,No,No,66,Yes,Yes,No,No,Yes,No,No,No,Yes,Two year,Yes,Electronic check,27.29,1761.52,No
CUST-01035,Female,0,No,No,28,Yes,No,Fiber optic,No,Yes,No,No,No,No,One year,No,Electronic check,54.47,1482.84,Yes
CUST-01036,Male,0,Yes,No,29,Yes,No,DSL,No,No,No,Yes,No,No,Month-to-month,Yes,Electronic check,45.95,1387.88,Yes
CUST-01037,Male,0,Yes,No,30,Yes,No,DSL,Yes,Yes,No,Yes,Yes,No,Month-to-month,No,Bank transfer (automatic),50.57,1451.1,Yes
CUST-01038,Female,0,No,No,47,Yes,No,DSL,No,No,No,No,No,No,One year,No,Electronic check,46.67,2216.6,No
CUST-01039,Female,0,Yes,Yes,61,Yes,No,DSL,No,Yes,No,No,Yes,No,Month-to-month,Yes,Mailed check,47.29,2906.1,No
CUST-01040,Male,0,Yes,No,39,Yes,Yes,DSL,Yes,Yes,No,No,No,Yes,Month-to-month,No,Bank transfer (automatic),37.33,1480.47,Yes
CUST-01041,Male,1,Yes,Yes,20,Yes,No,Fiber optic,No,Yes,No,No,No,Yes,Month-to-month,Yes,Credit card (automatic),44.41,886.29,Yes
CUST-01042,Male,0,Yes,No,64,Yes,No,Fiber optic,Yes,Yes,No,Yes,Yes,Yes,Month-to-month,Yes,Mailed check,37.95,2479.42,Yes
CUST-01043,Female,1,Yes,Yes,43,Yes,Yes,DSL,No,No,No,No,Yes,No,Month-to-month,Yes,Mailed check,37.39,1607.79,No
CUST-01044,Female,0,No,Yes,60,Yes,Yes,No,Yes,No,Yes,No,Yes,No,Two year,Yes,Bank transfer (automatic),21.55,1284.56,No
CUST-01045,Male,0,Yes,Yes,31,Yes,No,No,No,Yes,No,No,No,No,One year,No,Electronic check,41.3,1326.95,Yes
CUST-01046,Female,0,Yes,No,15,Yes,No,DSL,No,Yes,No,No,Yes,No,Two year,Yes,Mailed check,36.61,542.2,No
CUST-01047,Female,0,No,No,68,Yes,No,DSL,No,Yes,Yes,No,Yes,Yes,One year,Yes,Electronic check,27.55,1809.77,No
CUST-01048,Male,1,No,Yes,49,Yes,Yes,Fiber optic,No,No,No,No,Yes,Yes,Two year,Yes,Electronic check,41.09,2033.45,Yes
CUST-01049,Male,0,No,No,22,Yes,No,No,Yes,No,Yes,Yes,No,Yes,Month-to-month,Yes,Mailed check,34.52,802.83,Yes
CUST-01050,Female,1,No,Yes,61,Yes,No,Fiber optic,No,Yes,Yes,No,No,Yes,One year,No,Credit card (automatic),50.16,3071.48,No
CUST-01051,Male,1,No,Yes,1,Yes,No,DSL,Yes,No,No,No,No,Yes,Month-to-month,Yes,Mailed check,31.73,17.25,Yes
CUST-01052,Female,0,No,No,67,Yes,No,Fiber optic,Yes,No,Yes,No,No,No,Month-to-month,Yes,Mailed check,60.35,4053.9,Yes
CUST-01053,Male,0,No,Yes,42,Yes,Yes,No,No,No,No,No,Yes,No,Month-to-month,No,Mailed check,44.14,1881.2,Yes
CUST-01054,Male,0,No,No,42,Yes,No,DSL,No,No,No,Yes,Yes,No,One year,Yes,Mailed check,18.0,714.7,No
CUST-01055,Female,0,No,No,1,Yes,No,Fiber optic,No,Yes,Yes,No,No,Yes,One year,No,Bank transfer (automatic),36.87,-44.77,Yes
CUST-01056,Male,0,Yes,Yes,13,Yes,No,Fiber optic,Yes,Yes,Yes,No,Yes,No,Month-to-month,Yes,Credit card (automatic),51.57,664.93,No
CUST-01057,Female,0,No,No,52,Yes,Yes,DSL,Yes,No,Yes,Yes,No,No,Two year,Yes,Mailed check,23.05,1240.1,No
CUST-01058,Male,1,No,No,40,Yes,No,No,Yes,Yes,No,No,No,Yes,Two year,Yes,Credit card (automatic),29.31,1126.94,Yes
CUST-01059,Female,0,Yes,No,10,Yes,Yes,DSL,No,Yes,No,No,Yes,Yes,One year,No,Electronic check,61.7,565.78,Yes
CUST-01060,Female,0,No,No,48,Yes,No,No,Yes,No,No,Yes,Yes,No,One year,Yes,Electronic check,32.62,1573.86,No
CUST-01061,Male,0,Yes,Yes,53,No,No,Fiber optic,No,No,Yes,Yes,No,No,One year,Yes,Electronic check,34.35,1811.26,Yes
CUST-01062,Male,0,Yes,Yes,20,Yes,No,DSL,No,No,No,No,Yes,No,Month-to-month,Yes,Bank transfer (automatic),52.33,1018.9,Yes
CUST-01063,Female,1,No,No,49,Yes,No,Fiber optic,No,No,No,Yes,Yes,Yes,Month-to-month,Yes,Bank transfer (automatic),36.28,1824.25,Yes
CUST-01064,Male,0,Yes,No,70,Yes,No,DSL,No,Yes,No,Yes,Yes,No,Month-to-month,Yes,Bank transfer (automatic),45.62,3166.54,No
CUST-01065,Male,1,Yes,No,35,Yes,No,DSL,Yes,No,No,No,Yes,No,Two year,No,Credit card (automatic),35.17,1245.3,Yes
CUST-01066,Female,0,Yes,No,17,Yes,No,DSL,No,No,Yes,Yes,Yes,Yes,One year,No,Electronic check,51.61,910.95,No
CUST-01067,Male,1,No,No,69,Yes,No,No,No,Yes,Yes,Yes,Yes,No,Month-to-month,No,Bank transfer (automatic),41.82,2877.27,No
CUST-01068,Male,0,Yes,Yes,65,Yes,Yes,No,Yes,Yes,No,No,Yes,Yes,Month-to-month,Yes,Mailed check,39.63,2609.62,Yes
CUST-01069,Female,0,No,No,33,Yes,No,DSL,No,No,Yes,No,Yes,Yes,Month-to-month,No,Electronic check,45.77,1537.14,Yes
CUST-01070,Female,0,No,No,31,Yes,Yes,Fiber optic,Yes,Yes,No,Yes,No,Yes,Month-to-month,Yes,Mailed check,64.61,2010.25,Yes
CUST-01071,Male,0,No,No,60,No,Yes,No,Yes,Yes,Yes,Yes,No,Yes,One year,Yes,Bank transfer (automatic),33.0,1965.01,No
CUST-01072,Female,0,No,Yes,1,Yes,Yes,Fiber optic,No,Yes,No,Yes,No,No,One year,Yes,Credit card (automatic),43.79,101.05,Yes
CUST-01073,Male,0,No,No,23,Yes,No,DSL,No,No,No,No,No,Yes,One year,Yes,Bank transfer (automatic),37.48,898.33,No
CUST-01074,Male,0,Yes,No,39,Yes,No,Fiber optic,No,No,No,Yes,Yes,Yes,One year,Yes,Bank transfer (automatic),41.81,1660.14,No
CUST-01075,Female,0,No,No,47,Yes,Yes,Fiber optic,Yes,No,No,Yes,Yes,No,Two year,Yes,Credit card (automatic),30.49,1435.33,No
CUST-01076,Female,0,No,No,45,Yes,No,DSL,No,Yes,No,No,No,Yes,Month-to-month,Yes,Bank transfer (automatic),33.73,1496.28,No
CUST-01077,Male,0,Yes,No,27,Yes,No,Fiber optic,No,Yes,No,No,Yes,Yes,Month-to-month,No,Electronic check,45.63,1154.62,Yes
CUST-01078,Female,0,Yes,No,62,Yes,No,Fiber optic,No,No,No,No,Yes,No,One year,Yes,Bank transfer (automatic),32.92,2061.99,No
CUST-01079,Female,0,No,No,47,Yes,No,Fiber optic,Yes,Yes,Yes,No,Yes,No,Two year,Yes,Electronic check,37.77,1761.86,No
CUST-01080,Male,0,Yes,Yes,39,Yes,No,DSL,No,No,Yes,No,Yes,No,Month-to-month,Yes,Electronic check,42.09,1650.36,Yes
CUST-01081,Male,0,No,No,67,Yes,No,Fiber optic,No,No,Yes,Yes,Yes,No,Month-to-month,Yes,Credit card (automatic),43.56,3017.21,No
CUST-01082,Male,0,Yes,Yes,7,Yes,Yes,Fiber optic,Yes,No,No,Yes,No,No,Month-to-month,Yes,Electronic check,54.29,430.06,No
CUST-01083,Male,0,No,No,51,Yes,No,Fiber optic,No,Yes,No,Yes,No,Yes,Two year,Yes,Credit card (automatic),36.11,1859.51,Yes
CUST-01084,Male,0,Yes,No,66,Yes,No,DSL,No,Yes,Yes,Yes,Yes,Yes,Month-to-month,Yes,Bank transfer (automatic),32.3,2127.77,No
CUST-01085,Female,1,No,No,47,Yes,Yes,Fiber optic,No,No,No,No,Yes,No,Month-to-month,No,Bank transfer (automatic),60.62,2880.37,Yes
CUST-01086,Male,0,Yes,No,41,Yes,No,Fiber optic,Yes,No,No,No,No,Yes,Two year,Yes,Mailed check,43.96,1838.57,No
CUST-01087,Male,0,Yes,No,26,Yes,No,DSL,Yes,Yes,No,Yes,Yes,Yes,Two year,Yes,Bank transfer (automatic),34.32,876.83,No
CUST-01088,Male,0,Yes,No,20,Yes,No,Fiber optic,No,No,Yes,Yes,No,Yes,Month-to-month,Yes,Credit card (automatic),53.89,1067.33,Yes
CUST-01089,Male,0,Yes,No,39,No,No,Fiber optic,Yes,No,No,No,Yes,Yes,Month-to-month,Yes,Bank transfer (automatic),35.92,1410.27,Yes
CUST-01090,Female,0,No,No,64,Yes,No,Fiber optic,Yes,No,No,Yes,No,Yes,Month-to-month,Yes,Electronic check,43.33,2742.85,No
CUST-01091,Male,0,No,Yes,33,No,No,Fiber optic,Yes,No,Yes,No,Yes,Yes,Month-to-month,No,Credit card (automatic),40.22,1299.8,Yes
CUST-01092,Female,0,Yes,No,9,No,Yes,Fiber optic,Yes,No,No,No,Yes,No,Month-to-month,No,Mailed check,37.13,289.07,No
CUST-01093,Male,0,No,No,35,Yes,Yes,Fiber optic,No,Yes,Yes,No,No,No,Month-to-month,Yes,Electronic check,53.48,1941.48,No
CUST-01094,Female,0,Yes,Yes,7,Yes,No,Fiber optic,No,Yes,No,Yes,No,No,Two year,No,Credit card (automatic),54.18,325.32,Yes
CUST-01095,Female,0,Yes,No,67,Yes,Yes,No,Yes,Yes,No,No,Yes,No,Month-to-month,Yes,Mailed check,42.35,2784.97,No
CUST-01096,Female,1,No,No,38,Yes,No,Fiber optic,Yes,No,Yes,No,No,No,One year,Yes,Electronic check,57.75,2103.2,Yes
CUST-01097,Male,1,No,No,16,No,Yes,DSL,Yes,No,No,No,No,No,Month-to-month,No,Bank transfer (automatic),54.71,900.1,No
CUST-01098,Male,1,No,No,45,Yes,No,No,No,No,Yes,Yes,No,Yes,Month-to-month,No,Credit card (automatic),30.95,1354.87,Yes
CUST-01099,Female,1,Yes,No,39,No,Yes,DSL,No,Yes,No,No,No,No,Month-to-month,Yes,Credit card (automatic),46.29,1835.61,Yes
CUST-01100,Female,0,Yes,No,37,Yes,No,Fiber optic,No,No,No,No,No,Yes,Month-to-month,No,Electronic check,44.83,1656.76,Yes
CUST-01101,Female,0,No,No,43,Yes,No,No,No,Yes,Yes,No,Yes,No,Month-to-month,Yes,Bank transfer (automatic),49.45,2177.25,Yes
CUST-01102,Female,0,Yes,Yes,66,Yes,Yes,DSL,Yes,No,No,Yes,Yes,Yes,Month-to-month,No,Electronic check,44.26,2887.15,No
CUST-01103,Male,0,Yes,No,61,Yes,No,DSL,Yes,No,No,Yes,No,Yes,Month-to-month,Yes,Mailed check,51.33,3133.48,No
CUST-01104,Female,0,No,Yes,19,Yes,No,DSL,No,No,Yes,No,Yes,No,Month-to-month,Yes,Electronic check,51.65,1025.8,Yes
CUST-01105,Female,1,No,Yes,18,Yes,No,No,Yes,Yes,No,Yes,No,Yes,Month-to-month,No,Electronic check,51.11,968.58,Yes
CUST-01106,Female,0,Yes,No,71,Yes,Yes,Fiber optic,No,Yes,Yes,Yes,Yes,Yes,Month-to-month,Yes,Credit card (automatic),41.35,2979.3,Yes
CUST-01107,Female,0,Yes,Yes,46,No,No,Fiber optic,Yes,No,No,No,Yes,Yes,One year,No,Mailed check,22.27,1046.59,No
CUST-01108,Male,0,No,No,2,Yes,No,DSL,No,Yes,Yes,Yes,Yes,Yes,One year,Yes,Bank transfer (automatic),44.37,87.72,No
CUST-01109,Male,0,Yes,No,38,Yes,Yes,DSL,No,No,No,No,Yes,No,Month-to-month,No,Mailed check,40.69,1569.59,Yes
CUST-01110,Female,0,Yes,Yes,9,Yes,No,DSL,No,Yes,No,Yes,No,No,Two year,Yes,Electronic check,44.43,347.49,Yes
CUST-01111,Male,0,Yes,No,3,Yes,No,No,Yes,No,No,No,Yes,No,Month-to-month,No,Bank transfer (automatic),53.32,144.86,No
CUST-01112,Female,0,No,No,14,Yes,Yes,DSL,No,Yes,No,Yes,No,Yes,One year,Yes,Mailed check,40.19,619.08,No
CUST-01113,Female,0,No,No,19,Yes,Yes,No,No,Yes,No,No,No,Yes,Month-to-month,Yes,Electronic check,58.14,1141.57,No
CUST-01114,Female,1,Yes,No,6,Yes,Yes,Fiber optic,No,No,No,No,Yes,No,Month-to-month,Yes,Electronic check,70.17,372.23,Yes
CUST-01115,Female,0,Yes,No,60,Yes,No,No,No,No,Yes,No,No,Yes,Month-to-month,No,Mailed check,36.82,2223.28,No
CUST-01116,Female,0,No,Yes,32,Yes,No,Fiber optic,No,Yes,No,Yes,No,Yes,Month-to-month,Yes,Credit card (automatic),43.2,1346.33,Yes
CUST-01117,Male,0,No,Yes,40,Yes,Yes,Fiber optic,No,No,Yes,Yes,Yes,Yes,One year,Yes,Electronic check,60.33,2401.81,Yes
CUST-01118,Male,0,No,No,62,Yes,No,DSL,Yes,No,No,Yes,Yes,Yes,Month-to-month,No,Mailed check,37.09,2358.85,No
CUST-01119,Male,0,Yes,Yes,60,Yes,Yes,Fiber optic,Yes,No,No,Yes,Yes,No,Two year,Yes,Electronic check,40.8,2375.22,No
CUST-01120,Female,1,No,No,59,Yes,No,Fiber optic,No,No,No,Yes,No,No,Month-to-month,Yes,Bank transfer (automatic),39.63,2287.07,No
CUST-01121,Female,0,No,No,14,Yes,Yes,DSL,No,Yes,Yes,No,No,Yes,Month-to-month,No,Credit card (automatic),44.48,628.77,Yes
CUST-01122,Female,0,No,No,53,Yes,No,No,No,Yes,No,Yes,No,Yes,Month-to-month,Yes,Electronic check,47.58,2540.53,Yes
CUST-01123,Female,0,Yes,No,71,Yes,Yes,DSL,No,Yes,No,Yes,Yes,No,Two year,No,Mailed check,19.01,1337.66,No
CUST-01124,Female,0,No,No,1,Yes,No,DSL,Yes,No,No,No,No,Yes,Month-to-month,Yes,Electronic check,56.91,103.25,No
CUST-01125,Male,0,Yes,Yes,62,No,Yes,Fiber optic,No,Yes,Yes,No,Yes,No,Month-to-month,No,Credit card (automatic),42.46,2623.37,Yes
CUST-01126,Male,0,Yes,No,62,Yes,No,Fiber optic,Yes,Yes,No,Yes,No,No,One year,Yes,Mailed check,18.32,1146.7,No
CUST-01127,Male,1,Yes,No,60,Yes,No,DSL,Yes,Yes,No,No,No,Yes,Month-to-month,Yes,Electronic check,43.31,2600.91,No
CUST-01128,Male,0,No,Yes,29,Yes,No,No,No,No,No,No,Yes,No,Month-to-month,No,Bank transfer (automatic),48.75,1403.54,Yes
CUST-01129,Male,0,Yes,No,15,Yes,No,DSL,No,Yes,No,No,No,No,Month-to-month,No,Bank transfer (automatic),33.82,537.17,Yes
CUST-01130,Male,0,No,No,52,Yes,No,Fiber optic,No,No,Yes,Yes,Yes,Yes,Two year,Yes,Electronic check,58.35,3001.9,Yes
CUST-01131,Female,0,Yes,Yes,45,Yes,No,DSL,Yes,Yes,No,No,No,No,Two year,Yes,Mailed check,32.82,1528.62,No
CUST-01132,Male,1,Yes,No,52,Yes,Yes,DSL,No,No,Yes,No,No,Yes,Month-to-month,Yes,Mailed check,63.89,3360.88,No
CUST-01133,Male,0,Yes,No,19,Yes,Yes,Fiber optic,No,No,No,No,Yes,Yes,One year,Yes,Electronic check,40.68,812.15,Yes
CUST-01134,Male,0,No,Yes,13,Yes,Yes,No,No,Yes,Yes,No,No,No,Month-to-month,Yes,Credit card (automatic),36.82,569.93,Yes
CUST-01135,Male,0,Yes,No,65,Yes,No,Fiber optic,Yes,No,No,Yes,Yes,Yes,Two year,No,Bank transfer (automatic),26.09,1712.71,No
CUST-01136,Female,0,Yes,Yes,37,Yes,No,DSL,Yes,No,No,No,Yes,Yes,Month-to-month,Yes,Credit card (automatic),29.85,1109.42,Yes
CUST-01137,Male,0,Yes,Yes,61,Yes,No,DSL,No,Yes,Yes,No,Yes,Yes,Month-to-month,No,Mailed check,34.35,2114.08,Yes
CUST-01138,Female,0,Yes,Yes,66,No,No,No,Yes,No,No,No,No,No,Two year,No,Credit card (automatic),37.7,2471.77,No
CUST-01139,Male,0,No,No,33,Yes,No,DSL,No,No,Yes,Yes,No,Yes,Month-to-month,Yes,Electronic check,45.54,1499.4,Yes
CUST-01140,Male,0,Yes,Yes,19,No,Yes,Fiber optic,Yes,No,Yes,No,No,No,Two year,No,Electronic check,26.77,475.36,Yes
CUST-01141,Male,0,Yes,Yes,64,Yes,No,DSL,No,No,No,No,Yes,No,One year,Yes,Mailed check,37.41,2448.61,No
CUST-01142,Female,0,No,No,51,No,No,DSL,No,No,Yes,No,Yes,No,Month-to-month,Yes,Mailed check,52.58,2641.36,Yes
CUST-01143,Male,0,Yes,No,48,No,No,DSL,No,Yes,Yes,No,Yes,No,Month-to-month,No,Electronic check,28.03,1312.74,Yes
CUST-01144,Male,0,Yes,Yes,69,Yes,No,DSL,No,No,No,Yes,Yes,No,One year,No,Bank transfer (automatic),18.2,1247.31,No
CUST-01145,Female,0,Yes,Yes,18,Yes,No,Fiber optic,Yes,Yes,Yes,No,No,Yes,One year,Yes,Electronic check,46.45,791.99,No
CUST-01146,Female,0,Yes,No,26,Yes,No,Fiber optic,No,No,No,Yes,Yes,No,Month-to-month,No,Electronic check,39.42,998.89,Yes
CUST-01147,Male,0,No,No,3,Yes,No,No,No,Yes,No,Yes,Yes,Yes,Month-to-month,Yes,Electronic check,49.66,134.79,Yes
CUST-01148,Male,0,Yes,No,28,Yes,No,DSL,No,No,No,No,Yes,No,One year,No,Credit card (automatic),45.52,1306.39,No
CUST-01149,Male,0,Yes,Yes,32,Yes,Yes,Fiber optic,No,No,No,No,No,No,Month-to-month,No,Electronic check,49.48,1525.47,Yes
CUST-01150,Male,1,No,No,33,Yes,Yes,Fiber optic,Yes,Yes,No,No,Yes,Yes,One year,Yes,Mailed check,48.66,1584.93,Yes
CUST-01151,Female,0,Yes,No,11,Yes,No,DSL,Yes,No,Yes,Yes,No,No,Month-to-month,Yes,Bank transfer (automatic),48.23,542.53,Yes
CUST-01152,Male,0,No,Yes,58,No,No,DSL,No,No,No,No,Yes,No,Two year,Yes,Electronic check,29.65,1739.72,No
CUST-01153,Female,0,No,Yes,35,Yes,No,DSL,No,Yes,No,No,No,No,One year,Yes,Electronic check,34.56,1313.37,No
CUST-01154,Male,0,Yes,No,32,Yes,Yes,DSL,Yes,Yes,No,No,No,Yes,Month-to-month,Yes,Electronic check,57.46,1897.24,Yes
CUST-01155,Female,0,Yes,No,62,Yes,No,Fiber optic,No,Yes,No,No,Yes,No,Two year,No,Credit card (automatic),32.39,2074.27,No
CUST-01156,Male,0,Yes,Yes,35,Yes,No,DSL,Yes,Yes,No,No,Yes,No,Two year,No,Electronic check,34.67,1152.04,Yes
CUST-01157,Female,0,Yes,No,64,Yes,No,Fiber optic,Yes,No,Yes,Yes,Yes,No,Two year,Yes,Bank transfer (automatic),31.72,2043.48,No
CUST-01158,Male,0,Yes,No,16,No,Yes,Fiber optic,No,Yes,No,No,No,Yes,Month-to-month,No,Electronic check,51.48,848.84,Yes
CUST-01159,Female,1,No,No,61,No,No,Fiber optic,No,No,Yes,Yes,No,Yes,Month-to-month,Yes,Credit card (automatic),49.05,2943.14,Yes
CUST-01160,Female,0,Yes,Yes,71,Yes,No,DSL,Yes,Yes,No,No,No,No,Month-to-month,No,Bank transfer (automatic),27.06,1911.82,No
CUST-01161,Male,0,Yes,No,54,Yes,No,Fiber optic,No,Yes,No,No,Yes,No,Two year,No,Credit card (automatic),35.12,1928.95,No
CUST-01162,Female,1,Yes,No,64,Yes,No,Fiber optic,No,No,No,Yes,No,No,One year,No,Credit card (automatic),28.49,1858.13,No
CUST-01163,Male,1,No,No,53,Yes,No,No,No,Yes,Yes,No,Yes,No,Month-to-month,No,Credit card (automatic),59.11,3183.87,Yes
CUST-01164,Male,0,No,No,43,Yes,Yes,DSL,No,No,Yes,No,Yes,No,Month-to-month,Yes,Electronic check,53.4,2301.49,Yes
CUST-01165,Male,0,Yes,No,55,Yes,Yes,DSL,No,Yes,Yes,No,Yes,No,Two year,No,Bank transfer (automatic),30.76,1670.2,No
CUST-01166,Female,0,No,Yes,69,Yes,Yes,No,Yes,No,No,No,Yes,No,Month-to-month,Yes,Bank transfer (automatic),32.98,2299.92,Yes
CUST-01167,Female,0,Yes,No,43,Yes,Yes,DSL,No,No,No,Yes,Yes,Yes,One year,Yes,Electronic check,48.33,2086.32,Yes
CUST-01168,Female,0,No,No,49,Yes,No,DSL,Yes,No,Yes,No,No,Yes,Month-to-month,Yes,Electronic check,41.21,2038.09,Yes
CUST-01169,Male,0,No,No,6,Yes,Yes,No,Yes,No,No,Yes,No,No,Month-to-month,Yes,Mailed check,50.34,227.63,Yes
CUST-01170,Male,0,No,No,69,Yes,Yes,Fiber optic,Yes,Yes,No,No,No,No,Month-to-month,No,Credit card (automatic),37.15,2563.64,No
CUST-01171,Male,0,Yes,No,56,Yes,No,Fiber optic,Yes,No,No,No,Yes,Yes,Month-to-month,Yes,Credit card (automatic),29.68,1679.2,Yes
CUST-01172,Male,0,Yes,No,12,Yes,Yes,DSL,No,No,Yes,No,Yes,Yes,Month-to-month,Yes,Credit card (automatic),58.83,706.2,No
CUST-01173,Female,0,No,Yes,21,Yes,Yes,DSL,No,No,Yes,Yes,Yes,Yes,Month-to-month,Yes,Electronic check,54.13,1131.53,Yes
CUST-01174,Female,0,Yes,Yes,17,Yes,Yes,DSL,Yes,Yes,Yes,Yes,No,No,Month-to-month,No,Bank transfer (automatic),35.37,596.04,Yes
CUST-01175,Female,0,Yes,No,23,Yes,Yes,Fiber optic,No,Yes,Yes,Yes,Yes,No,Two year,No,Electronic check,55.23,1235.3,Yes
CUST-01176,Female,1,No,No,63,No,No,Fiber optic,No,Yes,Yes,Yes,Yes,No,One year,Yes,Credit card (automatic),40.35,2576.57,No
CUST-01177,Female,0,No,No,33,Yes,Yes,Fiber optic,Yes,Yes,No,No,No,No,Month-to-month,Yes,Mailed check,59.18,1941.21,Yes
CUST-01178,Female,0,No,No,30,Yes,No,No,No,Yes,No,Yes,Yes,No,Month-to-month,No,Bank transfer (automatic),25.93,677.47,No
CUST-01179,Female,0,No,No,56,Yes,Yes,No,Yes,Yes,Yes,No,No,Yes,Month-to-month,Yes,Credit card (automatic),38.88,2152.86,Yes
CUST-01180,Female,0,No,Yes,27,Yes,Yes,DSL,Yes,Yes,No,No,No,Yes,Month-to-month,No,Mailed check,38.16,999.76,Yes
CUST-01181,Male,0,Yes,Yes,63,Yes,No,Fiber optic,No,Yes,No,No,No,No,One year,Yes,Electronic check,37.1,2324.3,No
CUST-01182,Male,0,No,Yes,54,Yes,No,Fiber optic,No,Yes,Yes,No,No,No,One year,No,Electronic check,33.92,1805.79,No
CUST-01183,Male,0,No,Yes,19,Yes,Yes,Fiber optic,Yes,No,Yes,No,Yes,Yes,One year,Yes,Electronic check,48.69,920.73,Yes
CUST-01184,Female,0,No,No,45,Yes,No,No,Yes,No,Yes,No,Yes,No,Month-to-month,Yes,Bank transfer (automatic),38.6,1744.91,Yes
CUST-01185,Female,0,Yes,No,35,Yes,No,Fiber optic,No,Yes,No,No,Yes,No,Month-to-month,Yes,Credit card (automatic),48.43,1663.39,No
CUST-01186,Female,0,Yes,Yes,25,Yes,No,Fiber optic,No,Yes,No,No,No,Yes,Month-to-month,Yes,Credit card (automatic),45.91,1149.83,Yes
CUST-01187,Female,0,No,No,65,Yes,Yes,DSL,No,Yes,Yes,Yes,Yes,Yes,Month-to-month,No,Credit card (automatic),45.66,2994.48,No
CUST-01188,Male,1,Yes,No,29,Yes,No,Fiber optic,No,No,Yes,No,No,Yes,Month-to-month,Yes,Electronic check,47.54,1364.4,Yes
CUST-01189,Male,0,Yes,No,9,Yes,No,Fiber optic,No,No,Yes,No,Yes,Yes,Month-to-month,No,Electronic check,54.43,516.25,Yes
CUST-01190,Female,0,No,No,29,Yes,Yes,Fiber optic,No,Yes,Yes,Yes,Yes,Yes,Month-to-month,Yes,Electronic check,50.89,1528.75,No
CUST-01191,Female,0,Yes,Yes,37,No,No,Fiber optic,Yes,Yes,No,Yes,No,Yes,Month-to-month,No,Bank transfer (automatic),34.76,1248.42,Yes
CUST-01192,Female,0,Yes,No,9,Yes,Yes,Fiber optic,No,Yes,No,No,Yes,No,Two year,Yes,Bank transfer (automatic),26.07,246.45,Yes
CUST-01193,Female,0,Yes,Yes,53,Yes,No,Fiber optic,Yes,Yes,No,No,No,No,Month-to-month,Yes,Credit card (automatic),44.68,2449.47,Yes
CUST-01194,Male,0,Yes,Yes,17,Yes,No,No,No,Yes,No,No,No,No,One year,Yes,Electronic check,38.09,657.15,Yes
CUST-01195,Male,0,No,Yes,7,Yes,Yes,DSL,Yes,No,Yes,Yes,Yes,No,Two year,Yes,Bank transfer (automatic),36.71,223.92,Yes
CUST-01196,Male,0,Yes,No,39,Yes,No,Fiber optic,Yes,Yes,Yes,No,Yes,No,Two year,No,Electronic check,59.59,2343.56,Yes
CUST-01197,Male,0,Yes,Yes,12,Yes,Yes,Fiber optic,No,Yes,No,Yes,No,Yes,Two year,Yes,Electronic check,44.88,531.84,Yes
CUST-01198,Male,0,Yes,No,56,Yes,No,Fiber optic,No,No,No,No,No,Yes,One year,Yes,Credit card (automatic),43.72,2397.67,Yes
CUST-01199,Male,0,Yes,Yes,5,Yes,Yes,Fiber optic,No,No,No,Yes,No,No,Month-to-month,No,Credit card (automatic),42.23,204.37,Yes
CUST-01200,Male,0,Yes,Yes,30,Yes,No,Fiber optic,No,Yes,No,Yes,Yes,No,Month-to-month,No,Bank transfer (automatic),45.39,1315.87,Yes
CUST-01201,Male,1,Yes,No,4,Yes,Yes,Fiber optic,No,No,No,No,Yes,Yes,Month-to-month,Yes,Electronic check,61.1,178.69,Yes
CUST-01202,Female,0,No,Yes,28,Yes,No,DSL,Yes,Yes,No,No,No,No,One year,Yes,Electronic check,34.39,997.62,No
CUST-01203,Male,0,Yes,Yes,67,Yes,Yes,No,No,Yes,No,No,No,No,Month-to-month,Yes,Credit card (automatic),36.22,2333.13,No
CUST-01204,Male,0,Yes,No,47,Yes,No,Fiber optic,Yes,Yes,No,No,Yes,Yes,Month-to-month,Yes,Bank transfer (automatic),48.79,2349.0,Yes
CUST-01205,Male,0,Yes,Yes,38,No,Yes,DSL,No,Yes,Yes,Yes,No,Yes,Month-to-month,Yes,Credit card (automatic),36.12,1395.3,No
CUST-01206,Male,0,Yes,No,12,Yes,No,DSL,Yes,Yes,Yes,Yes,Yes,No,Month-to-month,Yes,Mailed check,33.46,461.31,Yes
CUST-01207,Male,0,Yes,Yes,23,Yes,No,DSL,No,No,No,No,Yes,No,Two year,Yes,Mailed check,44.55,1091.27,Yes
CUST-01208,Male,0,Yes,No,28,Yes,Yes,DSL,Yes,No,Yes,Yes,No,Yes,One year,Yes,Mailed check,47.73,1381.4,No
CUST-01209,Female,0,Yes,No,42,Yes,No,DSL,No,Yes,Yes,No,No,No,Month-to-month,No,Credit card (automatic),30.57,1266.82,Yes
CUST-01210,Male,0,Yes,Yes,15,Yes,Yes,DSL,No,Yes,No,No,No,Yes,Two year,No,Credit card (automatic),39.96,574.6,No
CUST-01211,Male,1,No,Yes,71,Yes,Yes,No,Yes,Yes,No,No,No,No,One year,Yes,Mailed check,23.88,1700.02,No
CUST-01212,Male,0,Yes,No,47,Yes,No,Fiber optic,No,Yes,No,Yes,Yes,No,Two year,Yes,Credit card (automatic),26.38,1279.62,Yes
CUST-01213,Female,1,No,No,23,Yes,Yes,No,Yes,No,Yes,No,Yes,Yes,Two year,Yes,Credit card (automatic),26.28,680.17,Yes
CUST-01214,Male,0,No,No,8,Yes,No,Fiber optic,No,Yes,No,No,No,Yes,One year,No,Bank transfer (automatic),37.99,263.74,Yes
CUST-01215,Female,1,Yes,No,43,Yes,No,Fiber optic,No,No,No,No,No,No,Two year,Yes,Credit card (automatic),38.49,1687.53,Yes
CUST-01216,Female,0,Yes,Yes,32,Yes,No,No,Yes,No,Yes,No,Yes,Yes,Month-to-month,Yes,Electronic check,37.94,1215.68,Yes
CUST-01217,Male,0,Yes,No,48,Yes,No,DSL,No,No,Yes,Yes,No,Yes,One year,Yes,Electronic check,34.5,1657.69,Yes
CUST-01218,Male,0,Yes,Yes,43,Yes,Yes,Fiber optic,No,Yes,No,Yes,No,No,Month-to-month,Yes,Electronic check,43.92,1914.57,Yes
CUST-01219,Male,1,No,No,46,Yes,Yes,No,No,Yes,No,No,Yes,No,Two year,Yes,Mailed check,36.86,1592.58,No
CUST-01220,Female,0,Yes,Yes,60,Yes,Yes,No,No,Yes,Yes,No,Yes,No,One year,Yes,Credit card (automatic),37.43,2246.94,No
CUST-01221,Male,0,No,No,38,Yes,Yes,Fiber optic,No,No,Yes,Yes,Yes,Yes,Month-to-month,No,Electronic check,58.6,2177.34,Yes
CUST-01222,Male,0,Yes,Yes,52,Yes,No,No,Yes,No,Yes,No,No,No,One year,No,Mailed check,18.0,965.39,No
CUST-01223,Male,1,No,No,26,Yes,No,Fiber optic,Yes,No,Yes,No,Yes,Yes,Month-to-month,Yes,Bank transfer (automatic),59.54,1560.56,Yes
CUST-01224,Male,0,No,No,67,No,No,DSL,No,Yes,No,Yes,Yes,Yes,Month-to-month,Yes,Bank transfer (automatic),49.08,3356.12,No
CUST-01225,Female,0,Yes,No,29,Yes,Yes,DSL,Yes,Yes,Yes,Yes,No,No,One year,Yes,Electronic check,36.17,1108.73,No
CUST-01226,Male,0,No,No,49,Yes,No,Fiber optic,Yes,No,Yes,Yes,Yes,No,Month-to-month,Yes,Electronic check,45.02,2181.88,No
CUST-01227,Female,1,No,No,71,Yes,Yes,DSL,Yes,Yes,No,No,No,Yes,One year,Yes,Electronic check,44.6,3177.65,No
CUST-01228,Male,0,Yes,No,25,Yes,No,DSL,No,No,Yes,No,No,Yes,One year,No,Electronic check,47.03,1240.27,No
CUST-01229,Female,0,Yes,Yes,8,Yes,No,DSL,No,No,No,Yes,Yes,Yes,Two year,No,Electronic check,19.55,175.61,Yes
CUST-01230,Female,0,Yes,No,17,Yes,Yes,No,Yes,Yes,No,Yes,No,Yes,Two year,No,Mailed check,23.78,433.24,No
CUST-01231,Male,1,Yes,No,18,Yes,No,No,No,No,No,Yes,No,No,Month-to-month,Yes,Bank transfer (automatic),48.96,947.43,No
CUST-01232,Male,1,No,No,5,Yes,No,No,No,Yes,Yes,No,No,No,Month-to-month,Yes,Bank transfer (automatic),51.03,314.97,Yes
CUST-01233,Male,0,Yes,No,39,Yes,No,Fiber optic,No,No,Yes,No,No,Yes,Month-to-month,Yes,Bank transfer (automatic),47.18,1848.93,Yes
CUST-01234,Male,0,Yes,No,20,Yes,Yes,No,No,No,No,Yes,Yes,Yes,Month-to-month,Yes,Electronic check,36.44,773.0,Yes
CUST-01235,Male,0,No,No,7,Yes,No,Fiber optic,Yes,Yes,No,No,No,No,Month-to-month,Yes,Mailed check,46.99,366.48,Yes
CUST-01236,Female,1,Yes,No,10,Yes,No,Fiber optic,Yes,No,Yes,Yes,No,Yes,Month-to-month,Yes,Electronic check,53.35,602.76,Yes
CUST-01237,Female,0,No,No,20,Yes,No,Fiber optic,Yes,Yes,No,No,No,Yes,Two year,Yes,Bank transfer (automatic),29.86,603.09,No
CUST-01238,Female,0,Yes,No,27,Yes,No,DSL,No,Yes,Yes,No,No,Yes,One year,Yes,Credit card (automatic),46.86,1317.75,No
CUST-01239,Female,0,No,No,70,Yes,No,Fiber optic,Yes,Yes,Yes,No,No,No,One year,No,Bank transfer (automatic),31.0,2155.97,No
CUST-01240,Female,0,No,No,50,No,No,Fiber optic,No,Yes,No,No,Yes,No,Month-to-month,No,Mailed check,36.14,1828.07,Yes
CUST-01241,Male,0,Yes,No,51,Yes,No,No,No,Yes,Yes,No,Yes,Yes,Month-to-month,No,Mailed check,53.67,2775.54,Yes
CUST-01242,Male,0,No,No,50,Yes,Yes,DSL,No,No,Yes,No,Yes,Yes,Month-to-month,No,Mailed check,43.07,2183.82,No
CUST-01243,Male,1,Yes,No,58,Yes,Yes,DSL,Yes,No,No,No,Yes,No,Month-to-month,Yes,Credit card (automatic),45.28,2641.54,No
CUST-01244,Female,0,No,No,23,Yes,Yes,DSL,No,No,No,No,No,No,One year,No,Bank transfer (automatic),34.44,793.9,Yes
CUST-01245,Male,0,No,No,8,Yes,No,DSL,No,Yes,No,Yes,Yes,No,Two year,Yes,Electronic check,34.6,308.31,Yes
CUST-01246,Male,0,Yes,No,37,Yes,No,No,No,No,No,No,Yes,Yes,Two year,Yes,Credit card (automatic),24.29,922.34,No
CUST-01247,Male,0,No,No,1,No,No,Fiber optic,No,No,No,No,No,Yes,Two year,Yes,Electronic check,37.61,44.9,Yes
CUST-01248,Female,1,No,No,16,Yes,No,DSL,Yes,No,No,No,No,No,Month-to-month,No,Electronic check,43.82,731.04,No
CUST-01249,Female,0,No,Yes,54,Yes,No,Fiber optic,No,No,No,No,Yes,No,Month-to-month,Yes,Electronic check,39.87,2095.89,Yes
CUST-01250,Male,0,No,No,36,Yes,No,Fiber optic,No,No,No,No,No,No,Month-to-month,No,Bank transfer (automatic),53.2,1934.93,Yes
CUST-01251,Female,0,No,No,50,Yes,No,DSL,No,No,No,Yes,Yes,No,Month-to-month,Yes,Credit card (automatic),34.61,1664.94,No
CUST-01252,Female,0,Yes,No,37,Yes,No,Fiber optic,Yes,No,No,No,Yes,Yes,Month-to-month,No,Electronic check,52.85,1922.71,Yes
CUST-01253,Female,0,No,No,39,Yes,No,DSL,Yes,Yes,Yes,No,Yes,Yes,One year,Yes,Bank transfer (automatic),26.31,1041.84,Yes
CUST-01254,Male,0,No,Yes,22,Yes,No,Fiber optic,Yes,Yes,No,Yes,No,No,Month-to-month,Yes,Bank transfer (automatic),49.09,1080.38,Yes
CUST-01255,Male,0,Yes,Yes,16,Yes,Yes,No,No,No,No,Yes,Yes,Yes,Two year,Yes,Bank transfer (automatic),22.25,290.71,Yes
CUST-01256,Female,0,Yes,No,19,Yes,No,DSL,Yes,No,No,Yes,Yes,Yes,Month-to-month,Yes,Electronic check,40.88,703.47,Yes
CUST-01257,Female,0,Yes,No,57,Yes,Yes,Fiber optic,Yes,No,Yes,No,Yes,No,One year,No,Mailed check,31.33,1774.17,No
CUST-01258,Male,0,Yes,No,70,No,No,Fiber optic,No,No,No,No,No,No,One year,Yes,Credit card (automatic),41.99,2868.45,Yes
CUST-01259,Male,1,Yes,Yes,6,Yes,Yes,DSL,No,No,No,No,Yes,Yes,One year,No,Electronic check,35.94,162.32,Yes
CUST-01260,Male,0,Yes,No,39,Yes,No,Fiber optic,Yes,No,No,No,Yes,Yes,Month-to-month,No,Credit card (automatic),52.6,2029.04,No
CUST-01261,Female,1,No,No,34,Yes,No,DSL,No,Yes,Yes,No,Yes,No,Month-to-month,Yes,Bank transfer (automatic),47.31,1644.49,Yes
CUST-01262,Male,0,Yes,No,40,Yes,Yes,DSL,Yes,No,Yes,Yes,No,Yes,Month-to-month,No,Credit card (automatic),34.97,1352.8,No
CUST-01263,Female,0,Yes,Yes,17,Yes,No,Fiber optic,No,Yes,Yes,No,Yes,No,Month-to-month,Yes,Electronic check,43.36,651.38,Yes
CUST-01264,Male,0,No,No,1,Yes,No,DSL,Yes,Yes,Yes,No,No,No,Month-to-month,Yes,Credit card (automatic),48.43,102.49,Yes
CUST-01265,Female,0,Yes,No,15,Yes,No,Fiber optic,No,No,Yes,No,No,Yes,Month-to-month,Yes,Electronic check,63.76,990.74,Yes
CUST-01266,Female,0,Yes,No,13,Yes,Yes,Fiber optic,Yes,No,No,Yes,No,Yes,One year,Yes,Mailed check,33.03,443.97,Yes
CUST-01267,Female,0,No,No,4,Yes,Yes,Fiber optic,No,No,Yes,No,No,No,Two year,Yes,Mailed check,38.66,153.3,Yes
CUST-01268,Female,0,No,No,26,Yes,No,No,Yes,No,Yes,No,Yes,No,Month-to-month,Yes,Bank transfer (automatic),40.89,1146.85,No
CUST-01269,Male,0,No,No,49,No,Yes,DSL,Yes,Yes,No,No,Yes,Yes,Month-to-month,Yes,Electronic check,43.91,2164.48,Yes
CUST-01270,Female,0,Yes,No,69,Yes,No,Fiber optic,No,No,Yes,No,Yes,Yes,Month-to-month,No,Electronic check,40.35,2787.59,Yes
CUST-01271,Female,1,Yes,No,47,Yes,No,Fiber optic,No,No,No,Yes,Yes,No,Month-to-month,No,Credit card (automatic),46.67,2186.41,No
CUST-01272,Female,1,No,No,13,No,No,Fiber optic,No,No,Yes,Yes,Yes,Yes,Month-to-month,No,Bank transfer (automatic),55.87,743.76,Yes
CUST-01273,Male,0,No,No,26,Yes,No,No,No,Yes,No,No,Yes,No,One year,No,Mailed check,33.41,839.44,No
CUST-01274,Male,0,No,No,22,Yes,Yes,DSL,Yes,No,Yes,No,No,Yes,Month-to-month,Yes,Electronic check,42.26,974.3,Yes
CUST-01275,Male,0,No,No,16,Yes,Yes,DSL,No,Yes,No,Yes,No,Yes,Month-to-month,No,Credit card (automatic),31.54,556.79,Yes
CUST-01276,Male,0,Yes,No,71,Yes,Yes,Fiber optic,No,Yes,No,No,Yes,Yes,Two year,Yes,Bank transfer (automatic),56.86,4088.03,Yes
CUST-01277,Male,0,Yes,No,47,Yes,Yes,Fiber optic,No,No,No,No,Yes,No,One year,Yes,Credit card (automatic),37.97,1782.76,Yes
CUST-01278,Male,0,No,No,35,Yes,No,Fiber optic,Yes,No,No,Yes,Yes,Yes,Month-to-month,No,Electronic check,51.01,1800.43,No
CUST-01279,Female,0,No,Yes,32,Yes,Yes,Fiber optic,No,Yes,No,No,No,No,Month-to-month,No,Electronic check,39.17,1200.45,Yes
CUST-01280,Male,1,Yes,No,23,Yes,No,DSL,Yes,Yes,Yes,No,Yes,No,Two year,Yes,Bank transfer (automatic),28.44,603.99,Yes
CUST-01281,Male,0,No,No,30,Yes,Yes,Fiber optic,Yes,No,No,No,No,Yes,Two year,Yes,Bank transfer (automatic),47.11,1444.13,No
CUST-01282,Male,0,Yes,No,46,Yes,No,Fiber optic,No,No,Yes,No,No,No,One year,No,Credit card (automatic),28.94,1367.86,Yes
CUST-01283,Female,1,No,No,66,No,Yes,Fiber optic,Yes,Yes,No,No,Yes,No,Month-to-month,Yes,Electronic check,47.38,3057.36,Yes
CUST-01284,Male,0,Yes,Yes,36,Yes,Yes,DSL,Yes,No,No,Yes,Yes,Yes,One year,No,Bank transfer (automatic),34.36,1185.6,No
CUST-01285,Female,0,No,No,14,Yes,No,No,Yes,No,No,No,No,No,Month-to-month,Yes,Electronic check,42.71,560.7,Yes
CUST-01286,Female,1,Yes,No,68,Yes,No,Fiber optic,Yes,Yes,Yes,No,No,No,Month-to-month,No,Mailed check,47.84,3266.97,Yes
CUST-01287,Male,1,No,No,23,Yes,No,DSL,No,No,Yes,Yes,Yes,Yes,Month-to-month,Yes,Credit card (automatic),40.19,907.15,Yes
CUST-01288,Female,0,No,Yes,6,Yes,No,DSL,No,Yes,No,Yes,Yes,No,Month-to-month,No,Bank transfer (automatic),41.17,200.47,Yes
CUST-01289,Female,0,Yes,Yes,39,Yes,Yes,Fiber optic,No,No,No,Yes,No,No,Month-to-month,No,Electronic check,52.68,2041.96,Yes
CUST-01290,Male,0,No,No,57,Yes,No,No,No,Yes,Yes,No,Yes,No,One year,Yes,Bank transfer (automatic),31.31,1771.48,No
CUST-01291,Female,0,No,No,19,Yes,No,Fiber optic,Yes,No,No,Yes,Yes,No,One year,No,Mailed check,24.94,510.19,Yes
CUST-01292,Male,0,No,No,20,Yes,No,No,Yes,No,Yes,No,No,No,Two year,Yes,Mailed check,28.49,559.16,No
CUST-01293,Female,0,Yes,Yes,21,Yes,No,Fiber optic,No,Yes,No,No,Yes,No,Two year,Yes,Electronic check,36.03,815.09,Yes
CUST-01294,Female,0,No,No,58,Yes,No,Fiber optic,No,No,Yes,No,Yes,No,One year,No,Bank transfer (automatic),32.03,1775.96,No
CUST-01295,Male,0,No,Yes,68,Yes,Yes,Fiber optic,Yes,Yes,No,No,No,Yes,Month-to-month,Yes,Bank transfer (automatic),46.54,3183.01,Yes
CUST-01296,Male,0,No,No,61,Yes,Yes,DSL,No,Yes,No,No,No,No,Month-to-month,No,Electronic check,44.53,2800.31,Yes
CUST-01297,Female,0,Yes,Yes,17,Yes,Yes,DSL,Yes,No,No,No,Yes,No,Month-to-month,Yes,Electronic check,56.73,958.99,Yes
CUST-01298,Male,0,No,No,61,Yes,No,Fiber optic,No,No,No,No,No,No,One year,No,Mailed check,29.72,1801.76,No
CUST-01299,Male,0,Yes,Yes,22,Yes,No,DSL,Yes,No,Yes,No,Yes,No,Month-to-month,No,Mailed check,38.83,827.75,No
CUST-01300,Female,0,Yes,No,62,Yes,No,DSL,No,No,Yes,No,No,Yes,One year,No,Electronic check,46.94,2852.05,Yes
CUST-01301,Male,0,Yes,No,71,Yes,No,DSL,Yes,Yes,Yes,Yes,No,No,Month-to-month,Yes,Credit card (automatic),40.59,2924.23,No
CUST-01302,Female,0,Yes,No,51,Yes,No,DSL,No,No,No,No,No,Yes,One year,Yes,Bank transfer (automatic),42.55,2138.47,Yes
CUST-01303,Male,0,Yes,Yes,68,Yes,No,DSL,No,No,Yes,No,Yes,No,One year,Yes,Electronic check,39.54,2724.97,No
CUST-01304,Male,0,Yes,No,11,No,Yes,DSL,No,No,No,No,Yes,Yes,Month-to-month,Yes,Credit card (automatic),55.93,630.89,Yes
CUST-01305,Male,0,No,No,47,Yes,No,No,Yes,Yes,No,No,No,No,Two year,No,Bank transfer (automatic),23.52,1131.75,No
CUST-01306,Male,0,No,Yes,4,Yes,No,Fiber optic,Yes,Yes,No,No,No,No,Month-to-month,No,Electronic check,40.72,125.09,Yes
CUST-01307,Female,0,Yes,Yes,47,Yes,No,Fiber optic,No,No,Yes,Yes,No,Yes,Month-to-month,Yes,Credit card (automatic),50.16,2371.23,Yes
CUST-01308,Female,0,No,Yes,25,Yes,Yes,DSL,No,Yes,No,No,Yes,No,One year,Yes,Mailed check,42.44,1061.18,Yes
CUST-01309,Female,1,No,No,69,No,No,DSL,Yes,No,No,Yes,No,Yes,Month-to-month,Yes,Mailed check,40.81,2823.52,No
CUST-01310,Male,0,No,No,36,Yes,Yes,No,Yes,Yes,Yes,Yes,Yes,Yes,Two year,Yes,Electronic check,28.92,940.58,No
CUST-01311,Male,0,No,Yes,55,No,No,Fiber optic,No,No,No,No,Yes,No,Month-to-month,Yes,Credit card (automatic),59.44,3290.22,Yes
CUST-01312,Female,0,No,No,22,Yes,No,No,No,Yes,No,Yes,No,Yes,Month-to-month,No,Electronic check,50.35,1197.02,No
CUST-01313,Male,0,No,No,6,Yes,No,DSL,No,No,Yes,Yes,Yes,Yes,Month-to-month,Yes,Electronic check,45.92,224.48,Yes
CUST-01314,Male,0,No,No,53,Yes,No,Fiber optic,No,No,No,Yes,Yes,No,Two year,Yes,Credit card (automatic),45.37,2442.46,No
CUST-01315,Male,0,No,No,16,Yes,No,Fiber optic,Yes,No,Yes,No,No,No,Month-to-month,No,Electronic check,59.94,949.62,Yes
CUST-01316,Female,0,Yes,No,52,Yes,Yes,DSL,No,No,No,No,Yes,Yes,Month-to-month,Yes,Credit card (automatic),41.88,2136.28,No
CUST-01317,Male,0,No,No,33,Yes,Yes,No,No,Yes,No,No,No,Yes,Two year,No,Electronic check,29.65,950.34,No
CUST-01318,Male,0,No,No,70,Yes,No,DSL,Yes,Yes,No,Yes,No,Yes,Two year,No,Electronic check,31.77,2282.25,No
CUST-01319,Female,0,No,Yes,26,Yes,No,Fiber optic,No,No,No,Yes,No,No,Two year,No,Bank transfer (automatic),31.44,829.01,No
CUST-01320,Female,0,No,No,29,No,No,DSL,Yes,Yes,No,Yes,Yes,No,Month-to-month,No,Electronic check,63.54,1837.63,Yes
CUST-01321,Female,0,Yes,No,53,Yes,Yes,Fiber optic,Yes,Yes,No,No,Yes,Yes,One year,Yes,Electronic check,36.24,1857.79,Yes
CUST-01322,Female,0,Yes,No,56,Yes,No,Fiber optic,No,No,No,No,No,No,Month-to-month,No,Electronic check,60.52,3411.13,Yes
CUST-01323,Male,0,No,Yes,9,Yes,No,Fiber optic,Yes,Yes,No,No,Yes,No,One year,No,Electronic check,41.74,418.85,Yes
CUST-01324,Male,0,No,No,53,Yes,No,No,No,No,No,No,Yes,No,Month-to-month,No,Credit card (automatic),36.13,1926.96,No
CUST-01325,Male,0,No,Yes,35,Yes,Yes,DSL,Yes,No,No,Yes,No,No,Month-to-month,Yes,Electronic check,40.77,1381.27,No
CUST-01326,Female,0,No,No,71,Yes,No,No,Yes,Yes,Yes,No,No,Yes,Two year,Yes,Credit card (automatic),29.95,2147.51,No
CUST-01327,Male,0,No,No,45,Yes,No,Fiber optic,No,Yes,Yes,No,Yes,Yes,Month-to-month,Yes,Bank transfer (automatic),40.01,1874.85,Yes
CUST-01328,Female,0,No,No,55,Yes,No,No,Yes,Yes,Yes,No,No,No,Month-to-month,No,Bank transfer (automatic),34.14,1871.32,Yes
CUST-01329,Male,1,Yes,No,25,Yes,Yes,Fiber optic,No,No,No,No,No,Yes,One year,Yes,Credit card (automatic),36.9,963.93,No
CUST-01330,Female,0,No,Yes,21,Yes,No,Fiber optic,Yes,Yes,Yes,No,Yes,Yes,One year,No,Electronic check,26.02,537.53,No
CUST-01331,Female,0,Yes,Yes,56,Yes,Yes,Fiber optic,No,No,Yes,No,Yes,No,Month-to-month,Yes,Credit card (automatic),46.67,2606.36,Yes
CUST-01332,Male,0,No,Yes,2,Yes,Yes,No,No,Yes,No,Yes,Yes,No,One year,No,Bank transfer (automatic),46.92,102.05,No
CUST-01333,Female,0,Yes,No,42,No,No,No,Yes,Yes,No,No,Yes,No,Two year,Yes,Credit card (automatic),30.95,1285.47,Yes
CUST-01334,Male,0,No,No,69,No,Yes,Fiber optic,Yes,No,No,No,No,No,One year,Yes,Mailed check,38.09,2609.93,No
CUST-01335,Male,0,Yes,No,71,Yes,Yes,Fiber optic,No,Yes,No,Yes,Yes,Yes,Month-to-month,No,Bank transfer (automatic),63.36,4499.31,Yes
CUST-01336,Male,0,Yes,No,51,Yes,No,Fiber optic,Yes,No,No,No,No,No,One year,Yes,Mailed check,19.38,1027.02,Yes
CUST-01337,Male,0,No,No,36,Yes,Yes,DSL,Yes,No,No,Yes,No,No,Month-to-month,No,Electronic check,45.7,1648.53,Yes
CUST-01338,Female,0,No,No,58,Yes,No,DSL,No,Yes,Yes,Yes,Yes,Yes,Month-to-month,No,Electronic check,33.91,1965.35,No
CUST-01339,Male,0,Yes,No,2,Yes,No,Fiber optic,Yes,No,No,Yes,Yes,No,Month-to-month,Yes,Bank transfer (automatic),49.29,106.47,No
CUST-01340,Female,0,No,No,57,Yes,No,Fiber optic,No,No,No,No,Yes,Yes,Month-to-month,Yes,Mailed check,40.66,2381.06,Yes
CUST-01341,Male,0,Yes,Yes,14,Yes,Yes,Fiber optic,Yes,Yes,No,Yes,Yes,Yes,Month-to-month,Yes,Electronic check,47.05,619.34,Yes
CUST-01342,Female,0,Yes,No,53,Yes,Yes,Fiber optic,No,No,No,No,Yes,No,Month-to-month,Yes,Credit card (automatic),50.62,2709.72,Yes
CUST-01343,Female,0,Yes,No,25,Yes,No,DSL,No,Yes,Yes,Yes,Yes,Yes,Month-to-month,No,Electronic check,42.44,1094.69,Yes
CUST-01344,Male,0,No,No,54,Yes,Yes,DSL,No,No,Yes,No,Yes,Yes,Two year,Yes,Credit card (automatic),26.59,1429.31,No
CUST-01345,Female,1,No,No,43,Yes,Yes,DSL,No,Yes,No,No,No,No,Month-to-month,No,Bank transfer (automatic),31.18,1389.91,Yes
CUST-01346,Male,0,No,Yes,66,Yes,Yes,DSL,Yes,Yes,Yes,Yes,Yes,Yes,Two year,No,Credit card (automatic),30.53,2052.55,No
CUST-01347,Male,0,No,No,56,Yes,No,Fiber optic,Yes,Yes,Yes,No,Yes,No,Month-to-month,Yes,Mailed check,43.02,2442.59,No
CUST-01348,Male,0,No,Yes,65,No,No,Fiber optic,No,No,No,No,Yes,Yes,Month-to-month,Yes,Mailed check,37.06,2358.05,No
CUST-01349,Male,0,No,No,11,Yes,No,No,No,Yes,Yes,Yes,Yes,No,Two year,No,Electronic check,22.33,224.22,No
CUST-01350,Male,0,No,Yes,27,Yes,No,DSL,No,No,No,No,No,Yes,Month-to-month,Yes,Credit card (automatic),47.11,1245.28,Yes
CUST-01351,Female,0,Yes,No,32,Yes,No,No,No,Yes,Yes,Yes,Yes,Yes,One year,No,Mailed check,29.42,970.4,No
CUST-01352,Female,0,Yes,No,3,Yes,No,Fiber optic,No,No,No,Yes,No,Yes,One year,Yes,Bank transfer (automatic),45.26,171.86,No
CUST-01353,Female,0,Yes,Yes,2,Yes,No,DSL,No,No,Yes,No,Yes,Yes,One year,No,Electronic check,62.2,114.31,Yes
CUST-01354,Male,0,No,No,3,Yes,Yes,Fiber optic,No,No,Yes,Yes,Yes,No,Month-to-month,No,Electronic check,59.87,169.63,No
CUST-01355,Female,0,No,Yes,55,Yes,No,No,Yes,No,No,No,No,Yes,Month-to-month,No,Credit card (automatic),35.63,2048.51,Yes
CUST-01356,Female,0,Yes,No,32,Yes,No,DSL,No,No,Yes,Yes,Yes,No,Month-to-month,No,Mailed check,25.47,823.09,Yes
CUST-01357,Female,0,No,No,54,No,Yes,Fiber optic,Yes,No,Yes,No,Yes,Yes,Month-to-month,Yes,Mailed check,59.44,3228.12,Yes
CUST-01358,Female,0,No,No,60,Yes,No,DSL,Yes,Yes,Yes,No,No,Yes,Month-to-month,Yes,Electronic check,45.53,2722.47,No
CUST-01359,Female,0,Yes,No,3,Yes,Yes,DSL,No,No,Yes,Yes,No,Yes,One year,No,Credit card (automatic),56.0,221.33,No
CUST-01360,Female,0,Yes,No,61,Yes,Yes,DSL,Yes,No,No,No,Yes,No,One year,No,Bank transfer (automatic),23.93,1476.3,No
CUST-01361,Female,0,Yes,No,17,Yes,No,DSL,No,No,No,No,No,No,Month-to-month,Yes,Mailed check,34.62,595.86,Yes
CUST-01362,Female,0,Yes,No,29,Yes,No,Fiber optic,No,No,Yes,No,Yes,Yes,One year,No,Credit card (automatic),50.43,1471.48,Yes
CUST-01363,Female,0,No,No,69,Yes,No,DSL,No,No,No,No,No,Yes,One year,No,Bank transfer (automatic),32.94,2256.41,No
CUST-01364,Female,0,No,No,22,Yes,No,Fiber optic,No,Yes,No,No,Yes,No,Month-to-month,Yes,Credit card (automatic),59.92,1280.54,Yes
CUST-01365,Male,1,Yes,Yes,67,Yes,No,No,No,Yes,Yes,Yes,Yes,Yes,Two year,No,Electronic check,22.68,1519.9,Yes
CUST-01366,Female,0,Yes,Yes,36,Yes,No,No,Yes,Yes,No,No,Yes,Yes,Month-to-month,No,Mailed check,29.08,1109.09,No
CUST-01367,Female,0,Yes,No,1,Yes,No,DSL,No,No,No,Yes,No,Yes,Month-to-month,Yes,Mailed check,37.76,26.29,Yes
CUST-01368,Female,0,Yes,No,60,Yes,No,DSL,No,Yes,Yes,No,Yes,Yes,Month-to-month,Yes,Electronic check,24.76,1527.85,Yes
CUST-01369,Male,0,Yes,Yes,4,Yes,No,Fiber optic,No,No,Yes,Yes,No,No,Two year,Yes,Bank transfer (automatic),35.82,127.68,Yes
CUST-01370,Male,0,No,No,46,No,No,DSL,No,No,Yes,No,No,Yes,One year,No,Bank transfer (automatic),18.0,753.01,No
CUST-01371,Male,0,No,No,33,Yes,No,DSL,No,No,No,Yes,Yes,Yes,Month-to-month,Yes,Electronic check,48.6,1582.93,Yes
CUST-01372,Female,0,No,No,10,Yes,No,Fiber optic,No,No,No,No,No,No,Month-to-month,Yes,Mailed check,52.23,457.41,No
CUST-01373,Female,0,Yes,No,37,Yes,Yes,Fiber optic,No,Yes,Yes,No,No,Yes,Month-to-month,Yes,Credit card (automatic),41.33,1559.19,Yes
CUST-01374,Female,0,No,No,26,Yes,Yes,DSL,Yes,No,Yes,Yes,No,No,Two year,Yes,Bank transfer (automatic),35.58,851.78,No
CUST-01375,Male,1,Yes,No,7,Yes,Yes,DSL,No,Yes,Yes,Yes,Yes,No,Month-to-month,Yes,Bank transfer (automatic),51.27,362.23,Yes
CUST-01376,Male,0,Yes,Yes,40,Yes,No,No,No,Yes,No,Yes,No,Yes,Month-to-month,Yes,Credit card (automatic),50.63,1995.21,No
CUST-01377,Male,0,No,Yes,4,No,No,No,No,Yes,No,Yes,No,No,Month-to-month,No,Electronic check,61.78,222.25,Yes
CUST-01378,Male,1,No,Yes,39,Yes,Yes,Fiber optic,No,Yes,Yes,No,Yes,Yes,One year,Yes,Bank transfer (automatic),45.06,1792.07,Yes
CUST-01379,Male,0,Yes,No,17,Yes,Yes,Fiber optic,No,Yes,Yes,No,No,No,Month-to-month,Yes,Credit card (automatic),54.96,929.64,Yes
CUST-01380,Male,0,Yes,No,59,No,Yes,Fiber optic,No,Yes,Yes,No,Yes,No,Two year,No,Credit card (automatic),38.17,2250.88,No
CUST-01381,Male,0,No,No,68,Yes,No,DSL,Yes,No,No,Yes,No,Yes,Two year,Yes,Electronic check,47.41,3220.19,No
CUST-01382,Female,1,No,Yes,67,Yes,No,No,Yes,Yes,No,No,No,Yes,Month-to-month,No,Electronic check,32.23,2143.65,No
CUST-01383,Female,0,No,No,67,Yes,No,DSL,Yes,No,Yes,Yes,No,No,One year,No,Electronic check,27.45,1807.31,No
CUST-01384,Male,0,Yes,No,8,Yes,Yes,Fiber optic,No,No,No,Yes,No,Yes,Month-to-month,Yes,Mailed check,41.46,265.04,Yes
CUST-01385,Female,1,Yes,No,37,Yes,Yes,DSL,No,No,No,No,Yes,No,Month-to-month,Yes,Electronic check,45.96,1715.87,Yes
CUST-01386,Female,0,Yes,No,16,Yes,Yes,Fiber optic,No,No,Yes,No,No,No,Month-to-month,Yes,Bank transfer (automatic),48.4,786.47,Yes
CUST-01387,Male,1,Yes,No,7,Yes,Yes,Fiber optic,No,No,Yes,Yes,No,Yes,One year,No,Electronic check,41.98,339.67,Yes
CUST-01388,Female,0,No,No,28,Yes,Yes,Fiber optic,No,Yes,No,Yes,No,Yes,Month-to-month,Yes,Bank transfer (automatic),52.84,1495.68,Yes
CUST-01389,Male,1,No,No,31,Yes,No,Fiber optic,No,No,Yes,No,Yes,Yes,One year,Yes,Credit card (automatic),49.52,1517.17,Yes
CUST-01390,Male,0,Yes,Yes,22,Yes,Yes,Fiber optic,Yes,Yes,Yes,Yes,Yes,Yes,One year,No,Electronic check,41.44,905.33,Yes
CUST-01391,Female,0,No,No,9,Yes,Yes,Fiber optic,Yes,Yes,No,Yes,No,Yes,Two year,No,Electronic check,43.08,410.68,No
CUST-01392,Male,0,No,No,29,Yes,Yes,Fiber optic,No,Yes,No,No,Yes,No,One year,No,Electronic check,59.7,1775.39,Yes
CUST-01393,Male,0,No,No,12,Yes,Yes,Fiber optic,No,No,Yes,Yes,No,Yes,One year,Yes,Credit card (automatic),45.38,528.56,Yes
CUST-01394,Male,0,Yes,No,3,Yes,No,Fiber optic,Yes,No,Yes,No,No,Yes,Month-to-month,No,Bank transfer (automatic),36.34,153.37,Yes
CUST-01395,Female,1,Yes,Yes,33,Yes,Yes,Fiber optic,Yes,Yes,No,No,Yes,Yes,Two year,Yes,Electronic check,39.65,1305.52,No
CUST-01396,Male,0,Yes,No,5,Yes,No,DSL,No,No,No,Yes,Yes,No,Month-to-month,No,Mailed check,35.04,148.79,No
CUST-01397,Male,0,Yes,No,69,Yes,Yes,Fiber optic,Yes,Yes,Yes,No,No,No,Month-to-month,No,Credit card (automatic),53.82,3688.1,No
CUST-01398,Male,0,Yes,No,60,Yes,Yes,DSL,Yes,No,Yes,No,Yes,No,One year,Yes,Bank transfer (automatic),30.46,1816.26,No
CUST-01399,Female,0,Yes,No,66,Yes,Yes,Fiber optic,Yes,Yes,No,Yes,No,No,Two year,Yes,Mailed check,25.26,1666.74,Yes
CUST-01400,Female,0,Yes,No,8,Yes,No,Fiber optic,Yes,No,Yes,Yes,Yes,No,Month-to-month,Yes,Electronic check,44.85,404.85,Yes
CUST-01401,Male,0,Yes,No,34,Yes,Yes,No,No,No,No,No,Yes,No,Two year,Yes,Credit card (automatic),30.9,1126.18,No
CUST-01402,Female,0,No,No,59,Yes,Yes,DSL,No,Yes,Yes,Yes,Yes,Yes,Month-to-month,No,Credit card (automatic),32.58,1913.75,No
CUST-01403,Female,0,No,No,41,Yes,Yes,Fiber optic,Yes,No,No,No,Yes,No,One year,No,Electronic check,34.39,1354.78,Yes
CUST-01404,Female,0,Yes,No,22,Yes,No,DSL,No,Yes,Yes,No,No,No,One year,Yes,Mailed check,45.0,966.41,Yes
CUST-01405,Female,0,No,Yes,60,Yes,Yes,No,No,No,Yes,No,No,Yes,One year,Yes,Electronic check,39.16,2337.64,No
CUST-01406,Female,0,Yes,No,22,Yes,Yes,DSL,Yes,Yes,Yes,No,Yes,No,Two year,Yes,Mailed check,32.85,733.93,No
CUST-01407,Female,0,Yes,No,70,Yes,No,Fiber optic,No,Yes,Yes,No,Yes,No,Month-to-month,No,Credit card (automatic),48.98,3356.85,Yes
CUST-01408,Male,1,No,No,8,No,No,DSL,Yes,Yes,No,No,No,Yes,One year,Yes,Electronic check,53.08,466.98,No
CUST-01409,Female,0,Yes,No,51,Yes,Yes,Fiber optic,No,No,No,No,Yes,Yes,Month-to-month,No,Electronic check,44.61,2239.22,Yes
CUST-01410,Female,0,Yes,No,1,Yes,Yes,DSL,No,No,No,No,Yes,No,One year,Yes,Mailed check,52.14,64.49,No
CUST-01411,Female,0,Yes,No,65,No,No,Fiber optic,Yes,No,No,No,No,Yes,Two year,Yes,Electronic check,38.81,2517.82,No
CUST-01412,Male,0,Yes,Yes,26,Yes,No,DSL,No,Yes,Yes,Yes,Yes,No,Month-to-month,Yes,Electronic check,43.28,1098.63,Yes
CUST-01413,Female,1,No,No,2,Yes,Yes,DSL,Yes,Yes,No,Yes,Yes,Yes,Month-to-month,Yes,Electronic check,60.29,174.3,Yes
CUST-01414,Male,0,Yes,Yes,60,Yes,Yes,DSL,Yes,No,Yes,No,Yes,No,One year,No,Mailed check,33.64,2000.49,No
CUST-01415,Male,0,Yes,No,69,No,No,Fiber optic,Yes,Yes,No,Yes,Yes,No,Month-to-month,No,Electronic check,46.35,3160.03,Yes
CUST-01416,Male,0,Yes,No,66,Yes,Yes,DSL,No,Yes,No,No,Yes,Yes,Month-to-month,Yes,Credit card (automatic),40.6,2700.98,Yes
CUST-01417,Male,0,No,Yes,35,Yes,No,No,No,No,Yes,Yes,Yes,No,One year,No,Credit card (automatic),31.99,1154.93,No
CUST-01418,Female,0,Yes,No,5,Yes,No,Fiber optic,No,No,No,Yes,Yes,Yes,Month-to-month,No,Bank transfer (automatic),41.15,197.92,Yes
CUST-01419,Male,0,No,No,17,Yes,Yes,Fiber optic,No,No,No,Yes,No,No,Two year,No,Electronic check,37.8,650.02,Yes
CUST-01420,Female,0,No,No,3,No,No,DSL,No,Yes,Yes,Yes,Yes,No,Month-to-month,Yes,Electronic check,47.63,181.44,Yes
CUST-01421,Male,0,Yes,No,4,No,No,DSL,Yes,No,No,No,No,No,Month-to-month,Yes,Bank transfer (automatic),47.95,183.47,No
CUST-01422,Male,1,No,No,12,Yes,Yes,No,No,No,No,Yes,Yes,No,One year,Yes,Bank transfer (automatic),52.3,617.83,Yes
CUST-01423,Male,0,Yes,No,40,Yes,No,Fiber optic,Yes,No,Yes,No,Yes,No,Month-to-month,No,Electronic check,44.59,1815.15,Yes
CUST-01424,Male,1,Yes,No,55,Yes,No,Fiber optic,No,No,Yes,Yes,Yes,Yes,One year,Yes,Credit card (automatic),46.78,2567.04,Yes
CUST-01425,Female,0,Yes,No,42,Yes,No,Fiber optic,Yes,No,Yes,No,No,Yes,Month-to-month,No,Bank transfer (automatic),42.07,1736.1,Yes
CUST-01426,Male,0,Yes,No,15,Yes,No,DSL,Yes,No,Yes,No,Yes,Yes,One year,No,Electronic check,46.18,692.64,No
CUST-01427,Male,0,No,No,43,Yes,Yes,No,No,Yes,No,Yes,Yes,Yes,Month-to-month,Yes,Credit card (automatic),55.12,2331.76,Yes
CUST-01428,Male,0,No,No,17,Yes,No,Fiber optic,Yes,Yes,Yes,No,No,No,One year,Yes,Bank transfer (automatic),36.9,624.69,Yes
CUST-01429,Female,0,Yes,No,33,No,No,No,No,No,No,Yes,Yes,Yes,Month-to-month,Yes,Credit card (automatic),29.34,1007.01,Yes
CUST-01430,Male,1,Yes,No,64,Yes,No,Fiber optic,Yes,No,Yes,No,No,Yes,Two year,Yes,Credit card (automatic),26.53,1649.26,No
CUST-01431,Female,0,No,No,10,Yes,Yes,DSL,No,Yes,Yes,Yes,Yes,Yes,Month-to-month,Yes,Electronic check,60.38,602.1,Yes
CUST-01432,Female,0,Yes,No,63,Yes,Yes,Fiber optic,No,No,No,No,No,No,Month-to-month,Yes,Mailed check,51.05,3240.08,Yes
CUST-01433,Female,0,Yes,No,20,Yes,No,No,No,No,No,Yes,No,Yes,Month-to-month,Yes,Electronic check,40.18,801.3,Yes
CUST-01434,Male,0,No,No,48,Yes,Yes,DSL,No,Yes,No,Yes,Yes,No,Month-to-month,No,Electronic check,55.32,2711.16,Yes
CUST-01435,Female,0,No,No,19,Yes,Yes,Fiber optic,No,No,No,No,Yes,Yes,Month-to-month,Yes,Electronic check,53.95,1027.41,Yes
CUST-01436,Female,0,No,No,12,Yes,No,Fiber optic,Yes,No,No,No,No,No,Month-to-month,Yes,Mailed check,45.13,557.26,Yes
CUST-01437,Female,0,Yes,No,32,Yes,No,DSL,Yes,No,Yes,No,Yes,Yes,One year,No,Credit card (automatic),29.66,1004.6,No
CUST-01438,Male,0,Yes,No,28,Yes,Yes,DSL,Yes,No,Yes,No,Yes,No,One year,No,Electronic check,48.62,1382.12,No
CUST-01439,Female,0,Yes,No,37,Yes,Yes,Fiber optic,Yes,Yes,Yes,No,Yes,Yes,Month-to-month,Yes,Mailed check,40.38,1493.49,Yes
CUST-01440,Male,0,No,No,17,Yes,No,No,Yes,No,No,No,Yes,No,Month-to-month,Yes,Credit card (automatic),53.25,888.12,Yes
CUST-01441,Male,0,Yes,No,70,Yes,No,Fiber optic,No,Yes,Yes,No,No,No,Month-to-month,Yes,Mailed check,51.5,3599.01,Yes
CUST-01442,Male,0,Yes,No,48,Yes,Yes,No,Yes,No,No,No,Yes,No,Month-to-month,Yes,Electronic check,57.42,2770.0,Yes
CUST-01443,Male,0,Yes,No,60,Yes,Yes,DSL,No,No,Yes,No,No,Yes,Month-to-month,No,Mailed check,45.63,2707.03,Yes
CUST-01444,Female,0,No,Yes,56,Yes,No,DSL,No,No,No,No,Yes,Yes,Month-to-month,Yes,Electronic check,49.82,2842.69,No
CUST-01445,Female,0,No,Yes,52,Yes,No,DSL,Yes,No,Yes,No,No,No,Month-to-month,Yes,Mailed check,45.57,2461.84,Yes
CUST-01446,Female,1,No,No,11,Yes,No,Fiber optic,No,No,No,Yes,No,Yes,One year,Yes,Mailed check,47.25,520.26,No
CUST-01447,Male,0,Yes,No,42,Yes,Yes,Fiber optic,Yes,Yes,No,Yes,Yes,No,Month-to-month,No,Electronic check,39.86,1605.78,Yes
CUST-01448,Male,0,No,Yes,64,Yes,Yes,DSL,No,No,No,No,No,Yes,One year,Yes,Electronic check,46.79,3025.75,Yes
CUST-01449,Male,1,Yes,No,7,Yes,No,Fiber optic,Yes,No,No,No,Yes,No,One year,Yes,Electronic check,50.93,360.92,Yes
CUST-01450,Female,0,Yes,No,33,Yes,Yes,Fiber optic,No,Yes,No,Yes,Yes,Yes,One year,Yes,Credit card (automatic),52.6,1762.64,No
CUST-01451,Female,0,Yes,No,14,Yes,No,Fiber optic,No,Yes,Yes,No,Yes,No,Month-to-month,No,Electronic check,60.82,850.31,Yes
CUST-01452,Female,1,Yes,No,57,Yes,Yes,Fiber optic,No,No,No,No,Yes,Yes,Month-to-month,No,Credit card (automatic),51.67,2983.33,No
CUST-01453,Female,1,Yes,No,67,Yes,No,Fiber optic,Yes,No,No,No,Yes,No,Two year,No,Credit card (automatic),40.43,2680.24,No
CUST-01454,Female,0,No,No,4,Yes,No,No,Yes,No,No,Yes,Yes,Yes,One year,No,Bank transfer (automatic),36.95,164.68,Yes
CUST-01455,Male,0,Yes,No,57,No,No,Fiber optic,No,No,Yes,Yes,Yes,Yes,Month-to-month,No,Credit card (automatic),45.02,2579.09,Yes
CUST-01456,Female,0,Yes,No,26,Yes,No,No,No,No,No,No,No,Yes,One year,Yes,Mailed check,32.94,872.75,No
CUST-01457,Male,1,No,Yes,69,Yes,Yes,No,No,No,No,Yes,No,No,One year,No,Electronic check,40.03,2793.62,No
CUST-01458,Female,1,No,No,2,No,No,No,No,No,No,Yes,No,Yes,Two year,No,Electronic check,42.06,121.15,No
CUST-01459,Female,0,Yes,No,14,Yes,No,DSL,Yes,Yes,Yes,Yes,Yes,No,Month-to-month,Yes,Credit card (automatic),43.94,570.0,Yes
CUST-01460,Male,0,No,Yes,52,Yes,Yes,Fiber optic,No,Yes,Yes,No,No,No,One year,Yes,Credit card (automatic),43.68,2303.44,Yes
CUST-01461,Male,0,Yes,No,56,Yes,No,Fiber optic,No,No,Yes,Yes,No,Yes,Month-to-month,Yes,Credit card (automatic),46.69,2622.2,No
CUST-01462,Female,0,Yes,Yes,6,Yes,No,DSL,Yes,No,No,No,No,No,One year,No,Mailed check,51.65,302.31,No
CUST-01463,Female,0,No,No,12,Yes,No,Fiber optic,Yes,Yes,No,No,No,No,Month-to-month,No,Electronic check,50.09,612.57,Yes
CUST-01464,Female,0,No,No,25,No,Yes,DSL,No,No,Yes,No,Yes,No,Two year,No,Electronic check,42.45,1070.97,Yes
CUST-01465,Male,0,Yes,No,3,Yes,Yes,Fiber optic,Yes,No,No,Yes,No,No,One year,Yes,Credit card (automatic),43.75,135.28,Yes
CUST-01466,Female,0,Yes,No,56,Yes,Yes,No,Yes,Yes,No,No,Yes,No,One year,Yes,Electronic check,42.23,2294.55,Yes
CUST-01467,Male,0,Yes,No,48,Yes,Yes,Fiber optic,No,No,No,No,No,No,One year,Yes,Bank transfer (automatic),34.76,1674.16,Yes
CUST-01468,Female,0,Yes,No,54,Yes,No,No,No,No,No,No,Yes,Yes,Month-to-month,Yes,Credit card (automatic),37.45,2014.42,No
CUST-01469,Male,0,No,Yes,34,Yes,No,Fiber optic,Yes,Yes,No,Yes,Yes,No,Month-to-month,Yes,Credit card (automatic),42.22,1449.38,Yes
CUST-01470,Female,0,No,No,46,Yes,Yes,No,No,No,No,Yes,No,No,Month-to-month,Yes,Mailed check,30.46,1399.08,Yes
CUST-01471,Male,1,No,No,41,Yes,No,DSL,Yes,Yes,No,No,No,Yes,Month-to-month,No,Mailed check,39.63,1709.96,Yes
CUST-01472,Male,0,Yes,Yes,50,Yes,Yes,No,Yes,No,Yes,No,No,Yes,Two year,No,Bank transfer (automatic),19.51,967.6,No
CUST-01473,Female,0,No,Yes,32,No,No,DSL,Yes,Yes,Yes,Yes,Yes,No,One year,Yes,Mailed check,25.55,756.61,Yes
CUST-01474,Female,0,Yes,No,47,Yes,No,No,No,No,No,No,Yes,Yes,Month-to-month,Yes,Electronic check,64.39,3022.44,Yes
CUST-01475,Male,0,Yes,Yes,46,Yes,No,DSL,No,Yes,No,Yes,Yes,No,Month-to-month,Yes,Electronic check,54.42,2485.54,Yes
CUST-01476,Female,0,Yes,No,46,Yes,No,DSL,Yes,No,No,No,No,No,Month-to-month,Yes,Electronic check,61.65,2844.23,No
CUST-01477,Female,0,Yes,Yes,62,Yes,Yes,DSL,No,Yes,No,Yes,Yes,No,One year,Yes,Electronic check,39.23,2414.29,No
CUST-01478,Female,0,No,No,25,Yes,Yes,Fiber optic,Yes,Yes,No,No,Yes,Yes,One year,Yes,Electronic check,45.41,1160.62,Yes
CUST-01479,Female,0,No,No,63,No,Yes,No,Yes,No,Yes,Yes,Yes,Yes,One year,No,Credit card (automatic),32.03,2017.36,No
CUST-01480,Female,0,No,No,2,Yes,Yes,Fiber optic,Yes,Yes,Yes,Yes,Yes,No,Two year,Yes,Bank transfer (automatic),42.95,100.08,Yes
CUST-01481,Female,0,No,No,35,Yes,No,Fiber optic,No,Yes,No,No,Yes,Yes,Month-to-month,No,Credit card (automatic),43.71,1588.77,Yes
CUST-01482,Female,0,No,Yes,32,Yes,No,DSL,No,Yes,No,Yes,No,No,One year,No,Bank transfer (automatic),26.38,846.86,Yes
CUST-01483,Female,0,No,No,62,Yes,Yes,No,No,No,No,No,No,No,Month-to-month,Yes,Bank transfer (automatic),48.74,2968.55,Yes
CUST-01484,Female,0,No,No,4,Yes,No,Fiber optic,Yes,Yes,No,No,Yes,Yes,Two year,Yes,Mailed check,27.81,92.05,Yes
CUST-01485,Female,0,No,No,16,Yes,No,No,No,No,Yes,No,Yes,Yes,Month-to-month,No,Bank transfer (automatic),46.14,683.14,No
CUST-01486,Male,0,No,No,34,Yes,No,Fiber optic,No,No,Yes,Yes,No,No,One year,No,Electronic check,40.09,1339.48,Yes
CUST-01487,Female,0,Yes,Yes,58,Yes,Yes,DSL,Yes,Yes,Yes,Yes,Yes,Yes,One year,No,Bank transfer (automatic),35.21,1901.61,No
CUST-01488,Female,0,No,No,33,Yes,Yes,DSL,No,Yes,Yes,No,No,Yes,Month-to-month,Yes,Bank transfer (automatic),55.57,1867.36,Yes
CUST-01489,Female,1,Yes,No,46,Yes,No,Fiber optic,No,Yes,No,Yes,Yes,Yes,Month-to-month,No,Mailed check,48.57,2174.84,Yes
CUST-01490,Male,1,Yes,Yes,13,No,No,No,No,No,Yes,Yes,Yes,No,One year,Yes,Bank transfer (automatic),29.64,414.17,No
CUST-01491,Female,1,No,No,67,Yes,No,Fiber optic,No,Yes,No,No,Yes,No,Month-to-month,Yes,Credit card (automatic),37.95,2516.99,Yes
CUST-01492,Female,0,Yes,Yes,56,Yes,No,No,Yes,No,No,Yes,Yes,Yes,Month-to-month,Yes,Mailed check,25.82,1435.09,Yes
CUST-01493,Female,0,Yes,No,4,No,No,No,Yes,No,No,No,Yes,No,One year,Yes,Electronic check,40.42,226.75,Yes
CUST-01494,Female,0,Yes,No,50,No,Yes,DSL,No,Yes,Yes,Yes,Yes,No,One year,No,Electronic check,24.04,1189.49,No
CUST-01495,Female,0,Yes,No,10,Yes,Yes,Fiber optic,No,Yes,Yes,Yes,Yes,No,Month-to-month,Yes,Credit card (automatic),52.37,484.8,Yes
CUST-01496,Female,0,No,Yes,40,Yes,Yes,Fiber optic,Yes,No,Yes,No,No,Yes,Month-to-month,No,Credit card (automatic),35.55,1401.97,No
CUST-01497,Male,0,No,Yes,51,Yes,Yes,DSL,No,No,No,No,Yes,Yes,Two year,Yes,Credit card (automatic),28.12,1384.35,No
CUST-01498,Male,0,Yes,No,66,Yes,Yes,Fiber optic,No,Yes,No,Yes,Yes,No,Month-to-month,Yes,Bank transfer (automatic),46.59,3108.93,No
CUST-01499,Female,0,No,Yes,6,Yes,Yes,DSL,No,No,No,Yes,Yes,Yes,Month-to-month,Yes,Credit card (automatic),50.77,326.64,Yes
CUST-01500,Male,0,No,No,21,Yes,No,Fiber optic,No,No,Yes,No,Yes,No,One year,Yes,Bank transfer (automatic),36.72,759.1,Yes
CUST-01501,Male,0,No,No,50,Yes,Yes,Fiber optic,No,Yes,No,No,Yes,No,Month-to-month,No,Electronic check,46.18,2339.71,Yes
CUST-01502,Female,0,Yes,No,19,Yes,No,No,No,No,Yes,No,Yes,Yes,Two year,Yes,Electronic check,41.92,820.4,Yes
CUST-01503,Female,1,Yes,No,51,Yes,No,Fiber optic,Yes,No,No,Yes,No,Yes,Month-to-month,Yes,Credit card (automatic),44.59,2263.04,Yes
CUST-01504,Female,0,Yes,Yes,14,Yes,No,Fiber optic,No,No,Yes,No,Yes,Yes,One year,Yes,Credit card (automatic),41.85,595.65,Yes
CUST-01505,Male,0,Yes,Yes,12,Yes,Yes,DSL,No,No,Yes,No,Yes,No,One year,Yes,Electronic check,50.03,590.83,Yes
CUST-01506,Female,0,No,No,39,Yes,Yes,No,No,No,Yes,No,Yes,Yes,One year,Yes,Electronic check,34.38,1314.4,Yes
CUST-01507,Male,0,Yes,No,49,Yes,Yes,Fiber optic,Yes,No,No,No,Yes,No,Two year,Yes,Credit card (automatic),42.19,1965.14,Yes
CUST-01508,Female,0,No,No,15,Yes,No,Fiber optic,Yes,Yes,Yes,Yes,No,No,Month-to-month,No,Bank transfer (automatic),60.33,893.4,Yes
CUST-01509,Male,0,No,No,63,Yes,Yes,No,No,No,Yes,Yes,No,No,Two year,No,Bank transfer (automatic),28.8,1813.75,No
CUST-01510,Male,0,Yes,No,62,Yes,Yes,Fiber optic,No,Yes,No,Yes,Yes,No,One year,Yes,Electronic check,40.96,2483.36,Yes
CUST-01511,Female,0,Yes,No,6,No,Yes,DSL,No,No,Yes,Yes,Yes,No,Two year,Yes,Mailed check,24.96,182.96,No
CUST-01512,Female,0,No,No,22,Yes,No,DSL,Yes,No,Yes,Yes,No,No,Month-to-month,Yes,Mailed check,37.06,805.8,No
CUST-01513,Male,1,No,No,40,Yes,No,Fiber optic,No,No,Yes,No,No,No,Two year,Yes,Electronic check,46.43,1873.43,Yes
CUST-01514,Female,0,Yes,No,35,Yes,No,DSL,Yes,No,Yes,No,No,No,One year,Yes,Electronic check,40.09,1413.48,No
CUST-01515,Female,0,No,No,19,Yes,Yes,DSL,No,Yes,No,No,No,Yes,Two year,Yes,Credit card (automatic),35.09,661.62,No
CUST-01516,Male,0,No,No,38,Yes,No,DSL,No,No,Yes,No,Yes,Yes,Month-to-month,Yes,Electronic check,46.14,1729.59,Yes
CUST-01517,Female,0,No,No,69,Yes,Yes,Fiber optic,No,Yes,Yes,Yes,No,Yes,One year,Yes,Bank transfer (automatic),35.54,2422.92,No
CUST-01518,Female,0,Yes,Yes,22,Yes,No,Fiber optic,No,Yes,No,Yes,Yes,No,Month-to-month,Yes,Mailed check,47.55,977.38,Yes
CUST-01519,Female,0,No,No,16,Yes,Yes,Fiber optic,Yes,Yes,No,No,Yes,No,One year,No,Electronic check,37.04,650.28,Yes
CUST-01520,Female,0,No,No,53,Yes,No,Fiber optic,No,Yes,No,No,No,Yes,One year,No,Credit card (automatic),36.79,1961.98,Yes
CUST-01521,Male,0,Yes,No,41,No,Yes,Fiber optic,No,No,No,No,No,Yes,Two year,No,Bank transfer (automatic),34.75,1384.98,Yes
CUST-01522,Male,0,No,Yes,50,No,Yes,DSL,No,No,Yes,No,Yes,No,Month-to-month,Yes,Bank transfer (automatic),54.68,2755.61,Yes
CUST-01523,Female,0,No,No,46,Yes,Yes,No,No,No,No,No,Yes,No,One year,No,Mailed check,26.35,1164.7,No
CUST-01524,Female,1,Yes,No,55,No,Yes,Fiber optic,No,Yes,No,Yes,Yes,No,Two year,No,Credit card (automatic),39.87,2215.92,Yes
CUST-01525,Male,0,No,No,52,Yes,No,No,No,Yes,Yes,Yes,No,No,One year,No,Credit card (automatic),35.78,1876.82,No
CUST-01526,Female,1,No,No,44,Yes,No,Fiber optic,Yes,Yes,Yes,Yes,No,No,Month-to-month,Yes,Bank transfer (automatic),43.5,1887.0,Yes
CUST-01527,Female,0,No,No,33,Yes,No,DSL,No,No,Yes,No,No,No,Month-to-month,Yes,Mailed check,39.66,1244.4,Yes
CUST-01528,Female,0,No,No,33,Yes,Yes,Fiber optic,Yes,Yes,Yes,No,No,No,One year,No,Credit card (automatic),49.19,1602.2,No
CUST-01529,Female,0,Yes,No,19,Yes,Yes,DSL,Yes,No,Yes,No,No,No,Two year,Yes,Electronic check,28.09,536.7,Yes
CUST-01530,Male,1,Yes,No,32,Yes,No,No,Yes,Yes,Yes,No,Yes,No,Month-to-month,No,Credit card (automatic),35.0,1056.23,Yes
CUST-01531,Female,0,Yes,No,43,No,Yes,Fiber optic,No,No,No,No,Yes,No,Month-to-month,Yes,Electronic check,44.92,1902.65,Yes
CUST-01532,Female,0,No,No,51,Yes,No,DSL,No,No,Yes,Yes,Yes,No,Month-to-month,Yes,Mailed check,34.6,1815.68,No
CUST-01533,Male,0,Yes,Yes,55,Yes,No,Fiber optic,No,Yes,No,Yes,Yes,No,Month-to-month,Yes,Electronic check,48.11,2642.03,Yes
CUST-01534,Female,0,No,No,27,Yes,No,Fiber optic,Yes,No,Yes,No,Yes,No,Month-to-month,No,Mailed check,55.87,1613.15,Yes
CUST-01535,Male,0,Yes,No,53,Yes,Yes,DSL,No,No,No,No,No,Yes,One year,Yes,Electronic check,38.13,2037.25,Yes
CUST-01536,Female,0,Yes,No,32,Yes,No,DSL,Yes,Yes,No,No,Yes,No,Month-to-month,Yes,Electronic check,64.83,2065.75,Yes
CUST-01537,Female,0,No,No,26,Yes,Yes,No,No,Yes,No,Yes,Yes,No,Month-to-month,No,Mailed check,47.7,1203.13,Yes
CUST-01538,Female,0,No,Yes,12,Yes,Yes,DSL,Yes,No,Yes,No,No,Yes,Two year,No,Credit card (automatic),25.47,258.77,No
CUST-01539,Male,0,Yes,No,19,Yes,No,DSL,No,No,Yes,Yes,No,No,Two year,No,Electronic check,29.06,557.09,No
CUST-01540,Male,0,Yes,No,49,Yes,No,DSL,Yes,No,Yes,No,Yes,Yes,Month-to-month,Yes,Electronic check,46.57,2261.59,Yes
CUST-01541,Female,0,Yes,No,16,Yes,Yes,Fiber optic,Yes,Yes,Yes,Yes,Yes,No,Month-to-month,Yes,Electronic check,53.11,835.82,Yes
CUST-01542,Female,0,Yes,No,6,Yes,Yes,Fiber optic,No,No,No,Yes,No,Yes,Month-to-month,Yes,Mailed check,43.19,265.55,Yes
CUST-01543,Female,0,Yes,No,20,Yes,No,Fiber optic,No,No,No,Yes,Yes,Yes,Two year,No,Electronic check,32.16,614.88,No
CUST-01544,Male,1,No,No,71,Yes,No,No,No,No,Yes,No,Yes,No,Two year,Yes,Electronic check,26.12,1887.98,Yes
CUST-01545,Female,0,Yes,No,11,Yes,No,DSL,Yes,Yes,No,Yes,No,Yes,Month-to-month,No,Bank transfer (automatic),54.07,604.91,No
CUST-01546,Male,0,Yes,Yes,11,Yes,No,DSL,Yes,No,No,Yes,Yes,No,Two year,Yes,Electronic check,39.12,405.79,No
CUST-01547,Male,0,Yes,No,29,No,No,DSL,No,No,Yes,Yes,Yes,Yes,Month-to-month,No,Mailed check,36.51,1067.21,Yes
CUST-01548,Male,0,Yes,No,28,Yes,Yes,Fiber optic,No,No,No,No,Yes,Yes,One year,Yes,Electronic check,44.14,1143.55,Yes
CUST-01549,Female,0,No,No,66,Yes,No,DSL,No,Yes,Yes,No,No,Yes,Two year,Yes,Bank transfer (automatic),26.54,1766.42,No
CUST-01550,Female,0,Yes,Yes,17,Yes,Yes,Fiber optic,No,Yes,No,No,No,Yes,Month-to-month,No,Electronic check,40.77,707.21,Yes
CUST-01551,Female,1,Yes,Yes,30,Yes,No,No,Yes,Yes,No,Yes,Yes,No,Month-to-month,Yes,Bank transfer (automatic),44.8,1261.12,Yes
CUST-01552,Male,0,No,No,21,Yes,Yes,DSL,No,No,Yes,No,Yes,No,One year,Yes,Electronic check,50.71,990.07,No
CUST-01553,Male,0,No,No,18,No,Yes,No,Yes,No,Yes,No,Yes,No,Month-to-month,Yes,Bank transfer (automatic),57.04,1013.7,Yes
CUST-01554,Male,0,No,No,23,Yes,No,No,No,No,No,Yes,No,Yes,Two year,Yes,Electronic check,43.34,970.92,No
CUST-01555,Female,0,No,No,19,Yes,No,Fiber optic,Yes,Yes,Yes,No,Yes,Yes,Month-to-month,No,Electronic check,54.99,1042.11,Yes
CUST-01556,Female,0,No,Yes,52,Yes,No,No,Yes,No,No,Yes,No,Yes,Two year,No,Bank transfer (automatic),32.33,1682.91,No
CUST-01557,Male,0,No,No,57,Yes,No,Fiber optic,Yes,No,No,Yes,No,Yes,Month-to-month,No,Bank transfer (automatic),37.75,2212.6,Yes
CUST-01558,Male,1,No,No,13,Yes,Yes,DSL,No,Yes,No,Yes,Yes,Yes,Two year,Yes,Electronic check,30.27,378.78,No
CUST-01559,Male,0,Yes,Yes,36,Yes,Yes,Fiber optic,Yes,Yes,Yes,No,Yes,No,One year,Yes,Mailed check,48.72,1777.86,Yes
CUST-01560,Male,0,No,Yes,19,Yes,Yes,DSL,No,No,No,No,Yes,Yes,Month-to-month,Yes,Electronic check,45.79,850.79,Yes
CUST-01561,Female,1,No,Yes,62,Yes,Yes,Fiber optic,Yes,No,No,No,Yes,Yes,Month-to-month,Yes,Electronic check,53.28,3318.53,No
CUST-01562,Female,0,No,Yes,8,Yes,No,No,Yes,Yes,No,No,No,No,Month-to-month,No,Mailed check,33.91,254.3,No
CUST-01563,Female,0,Yes,No,30,Yes,No,Fiber optic,No,No,Yes,No,Yes,Yes,One year,Yes,Credit card (automatic),52.23,1513.83,No
CUST-01564,Male,0,No,No,24,Yes,No,Fiber optic,Yes,Yes,No,No,No,Yes,Two year,Yes,Mailed check,43.8,1026.23,Yes
CUST-01565,Male,0,Yes,No,26,Yes,Yes,Fiber optic,Yes,No,Yes,Yes,Yes,Yes,One year,No,Electronic check,30.28,802.07,Yes
CUST-01566,Female,0,No,No,67,Yes,No,No,No,No,Yes,No,Yes,No,One year,No,Mailed check,31.81,2084.48,No
CUST-01567,Male,0,Yes,No,39,Yes,No,DSL,No,Yes,Yes,Yes,Yes,Yes,One year,No,Bank transfer (automatic),37.33,1458.6,No
CUST-01568,Male,0,No,No,27,Yes,Yes,DSL,No,Yes,No,Yes,No,Yes,Two year,No,Electronic check,33.49,916.64,Yes
CUST-01569,Male,1,No,No,58,Yes,No,DSL,No,No,No,No,No,Yes,Month-to-month,Yes,Mailed check,44.38,2587.1,Yes
CUST-01570,Male,0,Yes,No,56,Yes,No,No,No,No,No,No,Yes,No,One year,No,Electronic check,43.73,2478.06,Yes
CUST-01571,Female,0,Yes,No,11,Yes,No,Fiber optic,No,Yes,No,Yes,No,Yes,Month-to-month,No,Bank transfer (automatic),44.88,574.59,Yes
CUST-01572,Female,0,Yes,No,33,Yes,No,DSL,Yes,No,Yes,No,Yes,Yes,Month-to-month,Yes,Credit card (automatic),42.31,1344.84,No
CUST-01573,Male,0,No,No,30,Yes,No,Fiber optic,No,No,No,Yes,Yes,No,Month-to-month,Yes,Electronic check,59.29,1763.04,Yes
CUST-01574,Male,0,No,No,32,Yes,No,Fiber optic,Yes,No,No,Yes,Yes,No,Two year,Yes,Mailed check,26.94,859.34,No
CUST-01575,Female,0,No,No,25,Yes,No,DSL,No,No,No,No,Yes,No,One year,Yes,Electronic check,37.53,917.63,No
CUST-01576,Female,0,Yes,No,59,Yes,Yes,No,Yes,Yes,No,Yes,No,Yes,Two year,Yes,Mailed check,18.0,1108.32,No
CUST-01577,Male,0,No,Yes,71,Yes,No,Fiber optic,No,Yes,Yes,No,Yes,No,Month-to-month,Yes,Mailed check,63.06,4526.61,Yes
CUST-01578,Male,0,No,No,2,Yes,Yes,DSL,Yes,Yes,Yes,Yes,No,Yes,Month-to-month,Yes,Bank transfer (automatic),46.44,181.99,Yes
CUST-01579,Female,0,Yes,No,61,Yes,Yes,No,Yes,Yes,No,No,No,Yes,Month-to-month,Yes,Mailed check,49.9,3037.83,No
CUST-01580,Male,0,Yes,No,62,Yes,Yes,DSL,Yes,Yes,Yes,Yes,Yes,Yes,Month-to-month,No,Mailed check,25.96,1563.14,Yes
CUST-01581,Female,0,Yes,No,26,Yes,Yes,DSL,Yes,No,Yes,Yes,No,No,Two year,Yes,Electronic check,46.41,1197.08,Yes
CUST-01582,Female,0,Yes,Yes,35,Yes,No,Fiber optic,Yes,No,No,No,No,Yes,Month-to-month,Yes,Electronic check,50.64,1733.34,Yes
CUST-01583,Male,0,Yes,No,8,No,No,DSL,No,Yes,No,Yes,Yes,No,Two year,No,Credit card (automatic),42.01,368.92,Yes
CUST-01584,Female,0,Yes,No,25,Yes,No,Fiber optic,Yes,No,Yes,Yes,Yes,Yes,Month-to-month,Yes,Credit card (automatic),44.39,1139.57,Yes
CUST-01585,Male,0,Yes,No,17,Yes,No,DSL,No,No,Yes,Yes,Yes,Yes,Month-to-month,No,Electronic check,35.33,631.13,Yes
CUST-01586,Female,1,Yes,No,65,Yes,Yes,DSL,Yes,No,Yes,Yes,Yes,No,Month-to-month,Yes,Credit card (automatic),50.69,3378.12,No
CUST-01587,Male,0,Yes,Yes,8,Yes,No,No,Yes,No,Yes,No,No,Yes,Month-to-month,Yes,Credit card (automatic),46.48,372.16,No
CUST-01588,Female,0,No,Yes,25,Yes,No,DSL,Yes,Yes,Yes,No,Yes,Yes,One year,No,Bank transfer (automatic),22.62,539.53,Yes
CUST-01589,Male,0,No,No,35,Yes,No,Fiber optic,No,No,Yes,Yes,Yes,No,Two year,No,Mailed check,19.84,692.37,No
CUST-01590,Female,0,Yes,Yes,70,Yes,Yes,DSL,No,Yes,No,Yes,Yes,No,Two year,Yes,Electronic check,38.82,2678.33,No
CUST-01591,Male,0,No,No,59,Yes,No,No,No,No,Yes,Yes,Yes,No,Month-to-month,No,Credit card (automatic),35.78,2083.19,No
CUST-01592,Female,0,No,No,67,Yes,No,DSL,Yes,Yes,Yes,No,No,Yes,Month-to-month,No,Electronic check,42.65,2857.86,Yes
CUST-01593,Female,0,Yes,No,23,Yes,Yes,DSL,No,No,No,Yes,No,Yes,Month-to-month,Yes,Electronic check,51.37,1201.04,No
CUST-01594,Female,0,Yes,No,20,Yes,Yes,No,No,Yes,Yes,Yes,No,Yes,Month-to-month,Yes,Bank transfer (automatic),43.36,833.65,Yes
CUST-01595,Male,0,Yes,Yes,41,Yes,No,DSL,No,Yes,No,No,Yes,Yes,Month-to-month,No,Credit card (automatic),41.04,1629.9,No
CUST-01596,Female,0,No,No,25,Yes,No,No,No,Yes,Yes,No,No,No,Month-to-month,Yes,Credit card (automatic),50.77,1297.57,Yes
CUST-01597,Male,0,Yes,No,2,Yes,Yes,Fiber optic,Yes,No,Yes,No,No,Yes,Month-to-month,No,Credit card (automatic),47.31,59.35,Yes
CUST-01598,Male,0,Yes,Yes,58,Yes,No,No,No,Yes,Yes,No,No,Yes,Two year,No,Electronic check,36.15,2102.45,Yes
CUST-01599,Male,0,No,No,7,Yes,Yes,DSL,Yes,Yes,Yes,Yes,No,Yes,One year,Yes,Bank transfer (automatic),43.08,347.1,No
CUST-01600,Male,1,No,No,14,Yes,Yes,No,No,Yes,Yes,Yes,No,Yes,One year,No,Credit card (automatic),44.56,656.04,No
CUST-01601,Female,0,Yes,Yes,67,Yes,Yes,DSL,Yes,Yes,No,No,No,Yes,Month-to-month,No,Credit card (automatic),19.64,1339.38,No
CUST-01602,Male,0,No,Yes,52,Yes,Yes,DSL,No,Yes,No,No,Yes,Yes,Month-to-month,Yes,Bank transfer (automatic),40.06,2126.46,No
CUST-01603,Male,0,Yes,No,46,Yes,Yes,Fiber optic,No,No,No,Yes,Yes,Yes,Month-to-month,Yes,Mailed check,50.91,2351.2,Yes
CUST-01604,Female,0,No,No,10,Yes,No,DSL,Yes,Yes,No,Yes,No,Yes,Month-to-month,No,Credit card (automatic),56.77,523.24,No
CUST-01605,Female,1,No,No,18,Yes,No,DSL,No,No,Yes,Yes,Yes,No,Two year,No,Mailed check,39.95,817.33,No
CUST-01606,Male,0,No,No,15,Yes,Yes,Fiber optic,Yes,No,No,No,No,No,One year,Yes,Electronic check,57.12,874.36,No
CUST-01607,Female,0,Yes,No,46,Yes,No,DSL,Yes,Yes,No,Yes,No,No,Month-to-month,Yes,Mailed check,59.26,2744.8,No
CUST-01608,Male,0,Yes,Yes,36,No,Yes,DSL,Yes,No,Yes,No,No,Yes,One year,No,Credit card (automatic),32.82,1188.36,Yes
CUST-01609,Female,1,No,No,26,Yes,No,Fiber optic,No,Yes,No,No,Yes,Yes,Two year,No,Electronic check,59.07,1467.57,Yes
CUST-01610,Female,0,Yes,No,53,Yes,No,Fiber optic,No,No,No,No,No,No,Month-to-month,Yes,Mailed check,52.47,2745.86,Yes
CUST-01611,Male,0,No,No,56,Yes,No,Fiber optic,No,Yes,No,No,Yes,Yes,Two year,Yes,Credit card (automatic),28.16,1642.38,Yes
CUST-01612,Female,0,Yes,No,53,Yes,Yes,Fiber optic,No,Yes,No,Yes,No,No,Month-to-month,No,Mailed check,28.82,1450.28,Yes
CUST-01613,Male,0,Yes,No,8,Yes,No,DSL,Yes,No,No,Yes,Yes,Yes,Month-to-month,Yes,Mailed check,42.19,332.66,No
CUST-01614,Male,0,Yes,Yes,44,Yes,No,Fiber optic,Yes,No,No,No,No,No,Two year,Yes,Bank transfer (automatic),39.29,1739.4,No
CUST-01615,Female,0,Yes,No,15,Yes,No,DSL,No,No,No,No,No,No,Month-to-month,Yes,Bank transfer (automatic),42.88,629.04,Yes
CUST-01616,Female,0,No,Yes,20,Yes,No,DSL,No,Yes,No,No,No,Yes,One year,Yes,Mailed check,38.94,859.59,No
CUST-01617,Male,0,Yes,No,70,Yes,Yes,DSL,No,No,Yes,No,Yes,Yes,Month-to-month,Yes,Electronic check,63.84,4407.16,Yes
CUST-01618,Male,1,No,Yes,30,Yes,Yes,Fiber optic,Yes,Yes,No,Yes,No,No,Month-to-month,Yes,Credit card (automatic),50.37,1481.89,Yes
CUST-01619,Female,0,No,No,56,Yes,Yes,DSL,No,Yes,No,Yes,Yes,No,Two year,Yes,Electronic check,51.22,2881.09,No
CUST-01620,Male,0,No,Yes,18,Yes,Yes,Fiber optic,No,No,Yes,No,Yes,No,Month-to-month,Yes,Bank transfer (automatic),57.69,1054.18,Yes
CUST-01621,Female,1,No,No,70,Yes,No,DSL,No,Yes,No,No,Yes,No,Month-to-month,Yes,Bank transfer (automatic),53.03,3716.01,Yes
CUST-01622,Female,0,No,Yes,20,Yes,Yes,DSL,No,No,Yes,No,No,Yes,Month-to-month,Yes,Electronic check,49.7,1004.71,No
CUST-01623,Male,1,No,No,13,Yes,Yes,DSL,Yes,Yes,Yes,No,No,No,Two year,Yes,Electronic check,40.41,499.7,Yes
CUST-01624,Female,0,Yes,No,23,No,Yes,Fiber optic,No,No,No,Yes,No,No,Two year,No,Electronic check,39.64,898.02,No
CUST-01625,Male,1,No,No,13,No,No,Fiber optic,No,Yes,No,No,Yes,No,Month-to-month,Yes,Electronic check,56.8,696.3,Yes
CUST-01626,Male,0,No,No,43,Yes,No,Fiber optic,Yes,Yes,Yes,Yes,Yes,Yes,Month-to-month,Yes,Credit card (automatic),48.21,2088.87,Yes
CUST-01627,Male,0,Yes,No,11,Yes,No,No,Yes,No,No,No,Yes,No,One year,Yes,Credit card (automatic),49.33,474.42,Yes
CUST-01628,Male,0,No,No,15,Yes,No,DSL,No,No,Yes,No,Yes,Yes,Two year,Yes,Credit card (automatic),53.7,750.75,Yes
CUST-01629,Female,0,Yes,No,50,Yes,No,DSL,No,No,No,No,No,No,One year,Yes,Credit card (automatic),29.41,1505.51,No
CUST-01630,Female,1,No,Yes,4,Yes,Yes,No,No,Yes,No,No,Yes,No,Two year,Yes,Electronic check,45.99,160.22,Yes
CUST-01631,Male,0,Yes,No,32,Yes,No,Fiber optic,No,No,No,Yes,No,Yes,Month-to-month,Yes,Bank transfer (automatic),55.96,1887.1,No
CUST-01632,Male,0,No,No,50,Yes,No,DSL,No,Yes,Yes,No,Yes,Yes,Month-to-month,Yes,Mailed check,42.49,2105.85,Yes
CUST-01633,Female,0,Yes,No,32,Yes,Yes,DSL,No,No,No,No,Yes,Yes,One year,No,Electronic check,30.13,945.74,No
CUST-01634,Male,0,No,No,2,Yes,Yes,Fiber optic,Yes,Yes,No,No,Yes,Yes,Month-to-month,No,Mailed check,54.86,162.34,Yes
CUST-01635,Female,0,Yes,No,12,Yes,No,DSL,Yes,Yes,Yes,Yes,Yes,Yes,Month-to-month,No,Electronic check,35.57,465.93,Yes
CUST-01636,Male,0,No,No,69,Yes,No,Fiber optic,Yes,No,Yes,Yes,No,Yes,Two year,No,Credit card (automatic),29.57,2032.46,No
CUST-01637,Female,0,Yes,No,55,Yes,Yes,DSL,No,Yes,No,No,No,No,One year,No,Credit card (automatic),46.27,2541.12,No
CUST-01638,Male,1,No,No,25,Yes,Yes,No,No,Yes,Yes,No,No,No,Month-to-month,Yes,Credit card (automatic),54.65,1406.41,Yes
CUST-01639,Female,0,Yes,Yes,63,Yes,Yes,Fiber optic,No,No,No,No,Yes,No,Month-to-month,Yes,Electronic check,58.54,3696.07,Yes
CUST-01640,Female,0,Yes,No,1,Yes,No,Fiber optic,No,No,Yes,Yes,Yes,No,Month-to-month,Yes,Electronic check,67.94,54.55,Yes
CUST-01641,Male,0,Yes,No,4,Yes,Yes,DSL,No,No,No,No,Yes,Yes,Month-to-month,No,Electronic check,49.51,190.65,Yes
CUST-01642,Female,0,No,Yes,63,Yes,Yes,Fiber optic,No,Yes,Yes,Yes,No,No,Month-to-month,No,Credit card (automatic),45.24,2929.0,No
CUST-01643,Female,0,Yes,No,48,Yes,No,No,Yes,Yes,Yes,Yes,No,Yes,Month-to-month,Yes,Bank transfer (automatic),36.58,1743.35,No
CUST-01644,Male,0,No,No,43,Yes,No,DSL,No,Yes,Yes,No,No,Yes,Two year,Yes,Bank transfer (automatic),37.29,1590.86,No
CUST-01645,Female,0,Yes,No,25,Yes,Yes,Fiber optic,No,No,No,No,Yes,Yes,Month-to-month,Yes,Electronic check,45.85,1144.6,Yes
CUST-01646,Female,0,No,No,59,Yes,Yes,DSL,No,No,No,Yes,No,No,Month-to-month,No,Mailed check,30.4,1796.01,No
CUST-01647,Female,0,Yes,No,44,Yes,No,Fiber optic,Yes,Yes,No,No,No,Yes,Month-to-month,Yes,Mailed check,45.26,1961.79,Yes
CUST-01648,Male,0,Yes,No,31,Yes,Yes,No,Yes,Yes,No,No,Yes,Yes,Month-to-month,No,Credit card (automatic),45.33,1469.1,Yes
CUST-01649,Male,0,Yes,No,28,Yes,Yes,Fiber optic,No,Yes,Yes,No,Yes,No,Two year,No,Bank transfer (automatic),51.73,1433.82,Yes
CUST-01650,Male,0,Yes,No,26,Yes,No,Fiber optic,No,No,Yes,No,Yes,No,One year,No,Electronic check,36.85,978.22,Yes
CUST-01651,Female,0,Yes,Yes,41,Yes,No,DSL,Yes,Yes,No,No,Yes,No,Month-to-month,Yes,Mailed check,39.49,1684.92,No
CUST-01652,Female,0,Yes,No,47,Yes,No,No,No,No,Yes,Yes,Yes,Yes,One year,Yes,Bank transfer (automatic),35.04,1633.71,Yes
CUST-01653,Female,0,No,No,58,Yes,Yes,Fiber optic,Yes,No,Yes,Yes,No,Yes,Month-to-month,Yes,Credit card (automatic),35.3,2063.68,Yes
CUST-01654,Male,0,No,Yes,29,Yes,No,DSL,Yes,Yes,No,Yes,Yes,Yes,Month-to-month,No,Mailed check,31.01,850.55,No
CUST-01655,Female,0,Yes,No,19,Yes,Yes,No,No,No,No,Yes,No,Yes,Month-to-month,Yes,Credit card (automatic),30.14,542.01,Yes
CUST-01656,Female,0,No,No,40,Yes,No,DSL,Yes,No,Yes,No,Yes,No,Month-to-month,No,Mailed check,40.43,1623.31,Yes
CUST-01657,Male,1,Yes,No,42,Yes,Yes,DSL,No,No,Yes,No,Yes,Yes,Month-to-month,Yes,Electronic check,44.56,1856.14,Yes
CUST-01658,Male,0,Yes,No,20,Yes,Yes,No,No,Yes,No,No,No,Yes,Month-to-month,Yes,Credit card (automatic),56.32,1157.19,No
CUST-01659,Male,0,Yes,No,6,Yes,Yes,DSL,No,Yes,No,No,Yes,Yes,One year,No,Credit card (automatic),41.85,231.23,Yes
CUST-01660,Female,0,Yes,No,24,Yes,Yes,DSL,Yes,Yes,Yes,No,Yes,No,Month-to-month,No,Electronic check,43.96,1045.34,Yes
CUST-01661,Male,0,Yes,No,6,Yes,No,DSL,Yes,No,No,No,No,Yes,Month-to-month,Yes,Bank transfer (automatic),40.0,215.79,Yes
CUST-01662,Male,0,No,No,6,No,No,No,No,Yes,No,Yes,Yes,Yes,Month-to-month,Yes,Mailed check,49.07,339.63,Yes
CUST-01663,Female,1,No,No,69,Yes,No,DSL,No,No,Yes,No,Yes,Yes,Month-to-month,Yes,Mailed check,42.46,2922.62,No
CUST-01664,Male,0,No,No,56,Yes,Yes,DSL,No,Yes,Yes,No,Yes,No,Month-to-month,No,Credit card (automatic),43.81,2428.28,Yes
CUST-01665,Male,0,Yes,Yes,3,Yes,No,DSL,No,Yes,No,Yes,Yes,No,Month-to-month,No,Credit card (automatic),51.24,119.66,Yes
CUST-01666,Female,0,Yes,No,25,Yes,No,DSL,Yes,No,Yes,Yes,No,No,Two year,No,Electronic check,24.93,580.45,No
CUST-01667,Male,0,No,No,19,Yes,No,DSL,Yes,No,Yes,No,Yes,No,Month-to-month,Yes,Bank transfer (automatic),39.53,779.34,Yes
CUST-01668,Male,0,Yes,No,70,Yes,Yes,No,Yes,Yes,No,Yes,No,No,One year,Yes,Electronic check,47.73,3338.52,No
CUST-01669,Male,0,Yes,No,32,Yes,No,Fiber optic,No,No,No,No,No,Yes,One year,Yes,Mailed check,54.12,1850.16,Yes
CUST-01670,Male,0,Yes,No,19,Yes,No,No,No,No,No,No,No,No,Two year,No,Credit card (automatic),22.28,402.12,No
CUST-01671,Male,1,Yes,No,46,Yes,No,Fiber optic,No,No,No,Yes,Yes,Yes,Month-to-month,Yes,Electronic check,45.79,2044.87,Yes
CUST-01672,Male,0,No,Yes,34,Yes,No,DSL,No,Yes,No,Yes,No,No,Month-to-month,No,Electronic check,37.2,1256.85,Yes
CUST-01673,Female,1,Yes,No,14,Yes,Yes,DSL,Yes,No,No,No,Yes,No,Month-to-month,No,Credit card (automatic),44.9,719.65,Yes
CUST-01674,Male,0,Yes,No,22,Yes,Yes,Fiber optic,No,No,No,Yes,Yes,No,One year,Yes,Mailed check,31.37,704.69,Yes
CUST-01675,Male,0,No,Yes,10,Yes,Yes,DSL,No,No,No,No,No,Yes,Month-to-month,Yes,Electronic check,54.77,544.93,Yes
CUST-01676,Male,0,No,No,50,Yes,No,Fiber optic,No,Yes,No,No,Yes,Yes,Month-to-month,Yes,Mailed check,46.68,2313.18,Yes
CUST-01677,Female,0,Yes,No,69,Yes,No,DSL,Yes,No,No,No,Yes,No,Two year,Yes,Mailed check,24.09,1649.6,No
CUST-01678,Female,1,Yes,No,58,Yes,Yes,Fiber optic,Yes,No,No,No,Yes,Yes,Month-to-month,No,Bank transfer (automatic),45.72,2700.0,Yes
CUST-01679,Male,0,No,No,27,Yes,No,DSL,No,No,No,No,Yes,No,Month-to-month,No,Electronic check,46.71,1227.96,Yes
CUST-01680,Male,1,Yes,Yes,35,Yes,Yes,Fiber optic,Yes,Yes,Yes,No,No,Yes,Two year,Yes,Electronic check,43.14,1511.29,Yes
CUST-01681,Male,0,Yes,No,5,Yes,Yes,No,No,No,Yes,No,No,No,One year,Yes,Bank transfer (automatic),55.95,285.79,Yes
CUST-01682,Female,0,Yes,No,27,Yes,No,DSL,No,No,No,Yes,Yes,Yes,Two year,Yes,Electronic check,33.74,911.54,Yes
CUST-01683,Female,0,Yes,No,3,Yes,Yes,DSL,No,No,Yes,Yes,No,No,Month-to-month,Yes,Electronic check,52.84,146.3,Yes
CUST-01684,Male,0,No,No,53,Yes,No,DSL,Yes,Yes,Yes,No,Yes,No,Month-to-month,Yes,Credit card (automatic),35.18,1806.65,Yes
CUST-01685,Female,1,No,No,65,Yes,No,DSL,No,No,Yes,Yes,No,No,Month-to-month,Yes,Credit card (automatic),50.26,3275.66,Yes
CUST-01686,Male,0,No,Yes,14,No,No,Fiber optic,No,Yes,Yes,No,Yes,Yes,One year,Yes,Credit card (automatic),33.93,464.16,Yes
CUST-01687,Female,0,No,No,48,Yes,Yes,No,Yes,Yes,No,No,No,No,Two year,Yes,Bank transfer (automatic),31.69,1570.5,No
CUST-01688,Female,0,No,No,43,Yes,Yes,No,No,Yes,No,No,No,Yes,Two year,Yes,Electronic check,30.24,1293.59,No
CUST-01689,Male,0,No,No,30,No,No,Fiber optic,No,Yes,No,Yes,No,Yes,One year,Yes,Credit card (automatic),27.28,816.38,Yes
CUST-01690,Female,0,No,No,53,Yes,Yes,Fiber optic,Yes,Yes,No,No,No,No,One year,Yes,Electronic check,39.15,2081.3,Yes
CUST-01691,Male,0,Yes,Yes,49,Yes,No,DSL,Yes,No,Yes,No,Yes,No,Month-to-month,Yes,Bank transfer (automatic),34.92,1730.11,No
CUST-01692,Male,0,Yes,No,20,Yes,No,No,No,No,No,No,No,No,Month-to-month,Yes,Credit card (automatic),49.3,914.07,Yes
CUST-01693,Male,0,No,No,57,Yes,Yes,Fiber optic,No,Yes,No,Yes,Yes,No,Month-to-month,No,Credit card (automatic),35.73,2049.13,No
CUST-01694,Female,0,Yes,No,47,Yes,Yes,DSL,No,No,No,Yes,No,No,One year,Yes,Mailed check,18.0,778.2,No
CUST-01695,Female,0,Yes,No,23,Yes,Yes,No,Yes,No,No,No,Yes,Yes,Two year,No,Credit card (automatic),18.0,399.26,No
CUST-01696,Male,0,Yes,No,53,Yes,Yes,Fiber optic,No,No,Yes,No,Yes,Yes,One year,Yes,Electronic check,47.8,2559.07,Yes
CUST-01697,Female,0,No,Yes,46,Yes,No,DSL,No,No,No,No,No,Yes,Month-to-month,Yes,Electronic check,50.74,2416.82,Yes
CUST-01698,Female,1,Yes,No,9,Yes,No,Fiber optic,No,No,No,Yes,Yes,Yes,Month-to-month,Yes,Bank transfer (automatic),54.9,454.4,No
CUST-01699,Female,0,Yes,No,12,Yes,No,DSL,No,No,Yes,Yes,No,Yes,Month-to-month,Yes,Credit card (automatic),39.6,441.98,No
CUST-01700,Male,0,Yes,No,23,Yes,Yes,DSL,No,No,Yes,Yes,Yes,Yes,Month-to-month,Yes,Electronic check,52.03,1129.33,Yes
CUST-01701,Female,0,Yes,No,4,Yes,No,DSL,No,Yes,No,No,No,No,Two year,Yes,Electronic check,27.22,79.94,Yes
CUST-01702,Female,0,No,No,29,Yes,No,Fiber optic,Yes,No,Yes,No,No,No,One year,Yes,Credit card (automatic),24.89,813.47,Yes
CUST-01703,Male,0,Yes,No,33,Yes,Yes,DSL,No,No,No,No,Yes,Yes,Month-to-month,Yes,Credit card (automatic),34.84,1086.17,No
CUST-01704,Female,0,Yes,No,56,Yes,No,DSL,No,Yes,No,Yes,No,Yes,Month-to-month,Yes,Mailed check,38.56,2034.96,Yes
CUST-01705,Male,0,Yes,No,13,Yes,Yes,Fiber optic,Yes,Yes,Yes,Yes,Yes,No,Month-to-month,Yes,Credit card (automatic),53.75,734.03,Yes
CUST-01706,Male,0,No,Yes,41,Yes,Yes,DSL,Yes,No,No,Yes,No,No,Month-to-month,No,Mailed check,27.45,1159.81,No
CUST-01707,Male,0,No,No,48,Yes,No,Fiber optic,Yes,Yes,No,Yes,No,No,Month-to-month,Yes,Electronic check,40.85,1962.76,Yes
CUST-01708,Male,0,Yes,No,32,Yes,No,Fiber optic,Yes,No,No,No,No,Yes,Month-to-month,Yes,Bank transfer (automatic),53.05,1702.75,Yes
CUST-01709,Female,0,Yes,Yes,65,Yes,Yes,DSL,No,Yes,No,Yes,No,No,Month-to-month,No,Electronic check,39.16,2576.86,Yes
CUST-01710,Female,0,No,Yes,23,Yes,Yes,DSL,No,Yes,Yes,Yes,No,Yes,Month-to-month,Yes,Bank transfer (automatic),45.95,1089.13,Yes
CUST-01711,Female,0,No,No,29,Yes,No,DSL,Yes,Yes,No,No,No,No,Month-to-month,No,Electronic check,44.79,1258.05,Yes
CUST-01712,Female,0,Yes,No,1,Yes,Yes,Fiber optic,Yes,No,Yes,No,No,No,Month-to-month,No,Mailed check,38.53,-11.47,Yes
CUST-01713,Male,0,Yes,Yes,30,Yes,No,No,Yes,No,Yes,No,No,Yes,Month-to-month,Yes,Bank transfer (automatic),57.35,1680.29,Yes
CUST-01714,Male,0,Yes,Yes,2,Yes,Yes,DSL,No,No,Yes,Yes,No,Yes,One year,No,Credit card (automatic),29.43,28.04,No
CUST-01715,Male,0,Yes,No,70,Yes,No,DSL,No,Yes,No,No,Yes,Yes,One year,No,Electronic check,51.19,3612.28,Yes
CUST-01716,Male,0,No,No,18,Yes,No,DSL,No,No,No,Yes,Yes,Yes,Month-to-month,No,Bank transfer (automatic),43.37,822.87,Yes
CUST-01717,Male,0,No,No,58,Yes,Yes,Fiber optic,No,Yes,Yes,Yes,No,No,Two year,Yes,Credit card (automatic),37.68,2171.74,Yes
CUST-01718,Female,0,No,No,9,Yes,No,DSL,No,Yes,No,No,No,Yes,One year,Yes,Bank transfer (automatic),29.08,273.02,No
CUST-01719,Female,1,No,No,20,Yes,Yes,Fiber optic,Yes,Yes,No,No,Yes,Yes,One year,Yes,Electronic check,52.74,1051.09,Yes
CUST-01720,Male,0,Yes,Yes,9,Yes,Yes,Fiber optic,Yes,Yes,No,Yes,Yes,Yes,Month-to-month,Yes,Bank transfer (automatic),49.85,415.25,Yes
CUST-01721,Female,0,No,No,27,No,Yes,DSL,No,No,Yes,No,No,No,Two year,Yes,Credit card (automatic),33.68,874.15,Yes
CUST-01722,Male,0,Yes,No,43,Yes,No,Fiber optic,No,No,Yes,No,Yes,Yes,Month-to-month,Yes,Electronic check,41.58,1790.56,Yes
CUST-01723,Male,0,Yes,No,30,Yes,No,No,No,Yes,Yes,No,Yes,Yes,One year,Yes,Credit card (automatic),45.01,1380.57,No
CUST-01724,Male,0,No,No,43,No,No,DSL,No,No,No,Yes,Yes,Yes,Month-to-month,No,Electronic check,48.37,2096.27,Yes
CUST-01725,Male,0,Yes,No,58,Yes,No,Fiber optic,No,Yes,Yes,No,Yes,Yes,Two year,No,Credit card (automatic),18.31,1053.94,No
CUST-01726,Male,1,No,No,4,Yes,No,Fiber optic,Yes,Yes,Yes,Yes,No,Yes,One year,Yes,Mailed check,39.7,214.55,No
CUST-01727,Male,0,No,Yes,31,Yes,No,DSL,No,No,Yes,Yes,Yes,No,Two year,Yes,Electronic check,34.71,1138.53,No
CUST-01728,Male,0,No,No,43,No,No,Fiber optic,No,No,Yes,Yes,No,No,Month-to-month,Yes,Bank transfer (automatic),47.72,1991.56,No
CUST-01729,Female,0,No,No,38,Yes,Yes,DSL,Yes,No,Yes,No,No,Yes,One year,Yes,Mailed check,35.65,1307.24,Yes
CUST-01730,Female,0,Yes,No,11,Yes,No,DSL,No,Yes,No,No,No,Yes,Month-to-month,Yes,Bank transfer (automatic),47.43,463.74,Yes
CUST-01731,Male,1,Yes,No,15,Yes,No,Fiber optic,Yes,Yes,Yes,Yes,No,Yes,Month-to-month,No,Electronic check,53.39,836.92,Yes
CUST-01732,Male,0,No,Yes,27,Yes,Yes,No,No,No,Yes,Yes,Yes,Yes,Month-to-month,Yes,Electronic check,64.44,1728.63,Yes
CUST-01733,Male,0,No,No,47,Yes,No,DSL,Yes,No,No,No,Yes,No,One year,No,Electronic check,31.64,1489.42,No
CUST-01734,Male,0,No,Yes,71,Yes,Yes,Fiber optic,Yes,No,No,No,No,No,Month-to-month,No,Mailed check,50.76,3628.08,Yes
CUST-01735,Male,0,Yes,Yes,27,Yes,Yes,DSL,No,Yes,No,No,No,Yes,One year,Yes,Electronic check,58.53,1579.85,Yes
CUST-01736,Male,0,Yes,No,38,Yes,Yes,Fiber optic,No,Yes,No,No,Yes,Yes,Month-to-month,Yes,Bank transfer (automatic),60.72,2281.63,Yes
CUST-01737,Male,0,Yes,No,22,Yes,Yes,Fiber optic,Yes,No,Yes,No,No,Yes,Month-to-month,Yes,Mailed check,54.77,1161.02,Yes
CUST-01738,Female,1,No,No,3,Yes,Yes,Fiber optic,Yes,No,No,No,Yes,Yes,Two year,Yes,Electronic check,54.23,153.26,No
CUST-01739,Female,0,No,No,29,Yes,Yes,No,No,No,No,Yes,Yes,No,Two year,Yes,Credit card (automatic),36.94,1103.29,No
CUST-01740,Female,0,No,Yes,25,No,No,Fiber optic,No,No,Yes,No,Yes,No,One year,Yes,Bank transfer (automatic),56.53,1345.64,Yes
CUST-01741,Female,0,Yes,Yes,11,Yes,No,DSL,No,No,No,Yes,No,Yes,Month-to-month,Yes,Mailed check,42.9,452.38,Yes
CUST-01742,Male,0,Yes,Yes,48,Yes,Yes,No,Yes,No,No,No,Yes,Yes,Month-to-month,No,Bank transfer (automatic),34.5,1578.64,No
CUST-01743,Female,0,Yes,No,19,Yes,No,DSL,No,Yes,No,No,No,No,Month-to-month,Yes,Bank transfer (automatic),39.73,791.73,Yes
CUST-01744,Female,0,Yes,Yes,16,Yes,No,Fiber optic,No,No,Yes,Yes,Yes,No,Month-to-month,Yes,Electronic check,72.52,1093.71,Yes
CUST-01745,Female,0,Yes,No,28,Yes,Yes,Fiber optic,Yes,No,Yes,No,Yes,Yes,Month-to-month,Yes,Mailed check,61.78,1665.55,Yes
CUST-01746,Male,0,No,No,69,No,No,No,Yes,No,No,Yes,Yes,No,Month-to-month,Yes,Electronic check,38.17,2667.09,No
CUST-01747,Male,1,Yes,No,46,Yes,No,Fiber optic,Yes,Yes,Yes,No,No,No,Month-to-month,Yes,Bank transfer (automatic),37.86,1715.75,Yes
CUST-01748,Female,0,Yes,No,31,Yes,Yes,Fiber optic,Yes,Yes,Yes,Yes,Yes,Yes,Month-to-month,No,Bank transfer (automatic),41.91,1226.52,Yes
CUST-01749,Male,0,No,Yes,59,Yes,No,Fiber optic,No,No,No,No,No,No,One year,Yes,Bank transfer (automatic),40.57,2414.78,Yes
CUST-01750,Male,0,No,No,2,Yes,No,Fiber optic,Yes,No,Yes,Yes,Yes,No,Two year,No,Mailed check,36.04,76.58,No
CUST-01751,Male,0,Yes,No,24,No,Yes,No,No,Yes,Yes,Yes,No,Yes,Month-to-month,Yes,Electronic check,37.19,970.13,Yes
CUST-01752,Male,0,Yes,Yes,39,Yes,Yes,DSL,No,Yes,Yes,No,Yes,No,Month-to-month,Yes,Bank transfer (automatic),37.58,1416.6,No
CUST-01753,Male,0,No,No,35,No,No,DSL,No,No,Yes,No,No,Yes,Month-to-month,No,Credit card (automatic),50.72,1735.53,Yes
CUST-01754,Female,0,No,Yes,49,Yes,No,Fiber optic,No,No,Yes,No,Yes,Yes,Month-to-month,No,Mailed check,47.9,2317.29,Yes
CUST-01755,Male,0,No,No,50,Yes,No,DSL,No,No,No,Yes,Yes,No,One year,Yes,Electronic check,32.41,1659.67,No
CUST-01756,Female,0,Yes,No,33,No,Yes,No,Yes,No,No,No,No,Yes,Month-to-month,Yes,Credit card (automatic),52.24,1644.67,Yes
CUST-01757,Female,0,No,Yes,67,No,No,DSL,Yes,No,Yes,Yes,Yes,Yes,One year,Yes,Credit card (automatic),38.82,2586.16,No
CUST-01758,Male,0,No,No,66,Yes,Yes,Fiber optic,No,No,No,No,No,No,Month-to-month,No,Electronic check,67.29,4450.65,Yes
CUST-01759,Male,1,Yes,No,34,Yes,Yes,Fiber optic,No,No,Yes,No,No,No,Month-to-month,Yes,Electronic check,57.27,1993.69,Yes
CUST-01760,Male,0,Yes,No,65,Yes,No,No,Yes,No,Yes,Yes,No,Yes,Two year,Yes,Credit card (automatic),21.61,1368.99,No
CUST-01761,Female,1,No,No,46,Yes,Yes,Fiber optic,No,Yes,No,Yes,Yes,No,Two year,Yes,Bank transfer (automatic),36.81,1703.52,Yes
CUST-01762,Female,1,Yes,No,10,No,Yes,DSL,Yes,Yes,No,Yes,No,Yes,One year,Yes,Electronic check,53.41,507.56,Yes
CUST-01763,Female,0,No,Yes,9,Yes,Yes,DSL,Yes,No,Yes,Yes,No,Yes,Two year,No,Mailed check,20.47,133.53,No
CUST-01764,Male,0,No,Yes,6,Yes,Yes,Fiber optic,No,Yes,No,Yes,No,No,Two year,No,Electronic check,42.53,249.24,Yes
CUST-01765,Male,0,Yes,No,16,Yes,No,No,No,No,Yes,No,Yes,No,Month-to-month,No,Bank transfer (automatic),41.31,648.26,No
CUST-01766,Male,0,No,No,23,Yes,Yes,Fiber optic,No,Yes,No,Yes,Yes,Yes,Two year,Yes,Electronic check,54.13,1263.68,Yes
CUST-01767,Male,0,Yes,No,5,Yes,Yes,Fiber optic,Yes,No,No,No,No,Yes,One year,Yes,Electronic check,46.2,308.38,Yes
CUST-01768,Female,0,No,No,44,Yes,No,DSL,No,Yes,No,No,No,No,Month-to-month,No,Electronic check,41.83,1856.56,No
CUST-01769,Female,0,No,No,30,No,No,Fiber optic,Yes,Yes,No,Yes,Yes,Yes,Month-to-month,Yes,Credit card (automatic),50.18,1503.73,No
CUST-01770,Female,0,No,No,43,Yes,Yes,Fiber optic,No,Yes,No,No,Yes,No,One year,Yes,Electronic check,41.58,1808.33,Yes
CUST-01771,Female,1,Yes,No,36,No,No,DSL,No,No,No,No,Yes,No,Month-to-month,No,Mailed check,37.13,1305.43,Yes
CUST-01772,Female,0,No,No,20,Yes,No,DSL,No,Yes,Yes,Yes,No,No,One year,Yes,Electronic check,55.98,1149.48,Yes
CUST-01773,Female,0,No,No,44,Yes,No,Fiber optic,No,Yes,No,No,Yes,No,Month-to-month,Yes,Electronic check,56.46,2456.11,Yes
CUST-01774,Female,1,No,No,68,Yes,No,Fiber optic,Yes,No,No,No,Yes,Yes,Month-to-month,Yes,Electronic check,62.22,4242.13,Yes
CUST-01775,Male,0,No,No,23,Yes,No,DSL,Yes,No,No,No,Yes,No,Month-to-month,Yes,Electronic check,53.81,1226.85,Yes
CUST-01776,Female,0,Yes,No,22,Yes,No,No,Yes,No,No,No,Yes,No,Two year,No,Mailed check,27.06,582.72,Yes
CUST-01777,Female,0,No,No,37,Yes,No,DSL,No,No,No,Yes,Yes,No,Two year,Yes,Mailed check,24.16,955.7,No
CUST-01778,Female,1,Yes,Yes,58,Yes,No,Fiber optic,No,No,No,Yes,Yes,Yes,Two year,Yes,Electronic check,36.98,2107.12,Yes
CUST-01779,Female,0,Yes,No,38,Yes,No,Fiber optic,No,Yes,Yes,No,No,No,One year,Yes,Credit card (automatic),34.12,1313.91,Yes
CUST-01780,Male,0,No,No,60,Yes,No,No,No,Yes,Yes,Yes,No,No,One year,Yes,Mailed check,27.16,1610.41,Yes
CUST-01781,Female,0,No,No,6,Yes,No,No,Yes,Yes,Yes,No,Yes,No,Month-to-month,No,Credit card (automatic),35.76,248.54,Yes
CUST-01782,Female,0,No,Yes,7,Yes,No,Fiber optic,No,Yes,Yes,No,No,No,Month-to-month,Yes,Mailed check,59.24,359.93,No
CUST-01783,Female,0,Yes,No,29,Yes,No,Fiber optic,Yes,No,Yes,No,No,Yes,Month-to-month,Yes,Electronic check,45.32,1298.9,Yes
CUST-01784,Male,0,Yes,No,17,Yes,Yes,Fiber optic,Yes,No,No,No,No,No,Month-to-month,No,Electronic check,61.64,1009.05,Yes
CUST-01785,Male,1,Yes,No,2,Yes,No,No,No,No,Yes,No,Yes,No,One year,Yes,Electronic check,54.53,170.04,Yes
CUST-01786,Female,0,Yes,Yes,16,Yes,Yes,Fiber optic,Yes,Yes,Yes,No,No,No,Month-to-month,No,Bank transfer (automatic),50.88,863.7,Yes
CUST-01787,Female,1,No,No,20,Yes,No,Fiber optic,No,No,Yes,No,No,Yes,Two year,Yes,Bank transfer (automatic),43.4,837.72,Yes
CUST-01788,Female,0,No,Yes,66,Yes,No,DSL,No,Yes,Yes,Yes,No,Yes,Two year,Yes,Electronic check,37.33,2415.8,No
CUST-01789,Female,1,Yes,No,56,Yes,No,Fiber optic,No,Yes,No,No,Yes,No,Month-to-month,Yes,Credit card (automatic),46.12,2562.97,No
CUST-01790,Male,0,Yes,No,25,No,No,DSL,No,Yes,Yes,Yes,Yes,Yes,Month-to-month,Yes,Credit card (automatic),36.25,936.64,Yes
CUST-01791,Male,0,Yes,No,69,Yes,Yes,Fiber optic,Yes,No,No,No,No,No,One year,Yes,Electronic check,40.94,2834.72,Yes
CUST-01792,Male,0,No,No,60,Yes,Yes,DSL,No,No,No,No,Yes,No,One year,Yes,Electronic check,31.01,1843.61,No
CUST-01793,Female,0,No,No,18,Yes,No,DSL,No,No,No,No,No,Yes,One year,No,Credit card (automatic),37.67,722.15,No
CUST-01794,Female,0,Yes,No,34,No,No,DSL,No,No,Yes,No,Yes,Yes,One year,No,Credit card (automatic),26.01,897.09,No
CUST-01795,Female,0,Yes,No,66,Yes,No,Fiber optic,No,No,No,No,Yes,Yes,One year,No,Mailed check,41.21,2684.68,Yes
CUST-01796,Female,0,Yes,No,33,Yes,Yes,No,No,Yes,No,Yes,Yes,Yes,Two year,No,Credit card (automatic),34.94,1069.06,No
CUST-01797,Male,0,Yes,Yes,27,Yes,No,DSL,No,No,No,No,No,Yes,Month-to-month,Yes,Credit card (automatic),47.08,1352.74,Yes
CUST-01798,Female,0,No,No,65,Yes,No,DSL,No,Yes,No,No,No,No,Two year,Yes,Credit card (automatic),26.95,1739.55,No
CUST-01799,Female,0,No,Yes,47,Yes,No,Fiber optic,Yes,Yes,No,No,No,No,One year,No,Bank transfer (automatic),27.23,1184.04,Yes
CUST-01800,Male,0,Yes,No,32,Yes,Yes,Fiber optic,No,No,No,No,No,No,Month-to-month,Yes,Mailed check,45.69,1473.62,No
CUST-01801,Female,0,No,No,62,Yes,Yes,DSL,No,Yes,No,No,No,No,Month-to-month,No,Mailed check,32.11,1923.42,No
CUST-01802,Female,0,Yes,No,53,Yes,No,Fiber optic,Yes,No,No,Yes,No,No,Two year,Yes,Bank transfer (automatic),31.91,1742.06,No
CUST-01803,Female,1,Yes,No,25,Yes,No,No,No,Yes,Yes,No,Yes,Yes,Month-to-month,Yes,Electronic check,51.62,1338.91,Yes
CUST-01804,Female,0,No,Yes,31,Yes,Yes,DSL,No,Yes,No,No,No,No,One year,No,Bank transfer (automatic),50.75,1563.62,Yes
CUST-01805,Female,0,Yes,No,4,Yes,No,Fiber optic,No,Yes,No,No,No,Yes,Month-to-month,Yes,Mailed check,67.86,226.84,No
CUST-01806,Female,0,Yes,No,8,Yes,No,DSL,Yes,No,No,No,No,No,One year,Yes,Bank transfer (automatic),51.22,428.96,Yes
CUST-01807,Female,0,No,Yes,68,Yes,No,No,No,Yes,No,No,Yes,No,Month-to-month,No,Credit card (automatic),36.41,2524.14,Yes
CUST-01808,Female,0,No,No,4,Yes,No,No,No,No,No,Yes,Yes,Yes,Month-to-month,Yes,Credit card (automatic),34.68,134.45,Yes
CUST-01809,Female,1,Yes,No,60,Yes,No,Fiber optic,Yes,Yes,No,No,No,No,Month-to-month,Yes,Electronic check,53.98,3223.53,No
CUST-01810,Male,0,No,No,15,Yes,Yes,No,No,Yes,No,Yes,No,No,Month-to-month,No,Bank transfer (automatic),38.52,547.71,Yes
CUST-01811,Female,0,Yes,Yes,39,Yes,Yes,DSL,No,Yes,No,No,Yes,No,Month-to-month,Yes,Bank transfer (automatic),43.81,1694.55,No
CUST-01812,Male,0,No,Yes,52,Yes,No,Fiber optic,Yes,No,No,No,No,Yes,Month-to-month,Yes,Electronic check,53.45,2772.98,Yes
CUST-01813,Male,0,Yes,No,71,Yes,No,Fiber optic,No,Yes,Yes,No,Yes,Yes,Month-to-month,Yes,Bank transfer (automatic),52.63,3716.82,Yes
CUST-01814,Female,0,No,No,27,Yes,No,No,Yes,Yes,No,No,Yes,Yes,One year,No,Bank transfer (automatic),18.0,447.1,No
CUST-01815,Male,0,Yes,No,66,Yes,Yes,Fiber optic,Yes,Yes,Yes,No,No,Yes,One year,Yes,Credit card (automatic),49.86,3356.78,No
CUST-01816,Female,0,No,Yes,33,Yes,No,DSL,Yes,No,Yes,No,No,No,Month-to-month,No,Mailed check,46.66,1530.0,Yes
CUST-01817,Female,1,No,No,62,Yes,No,DSL,No,Yes,No,Yes,No,Yes,One year,Yes,Credit card (automatic),30.91,1895.13,No
CUST-01818,Female,0,Yes,No,8,Yes,No,DSL,No,Yes,Yes,No,Yes,Yes,One year,Yes,Electronic check,53.12,432.73,Yes
CUST-01819,Female,1,No,No,20,Yes,No,No,No,No,No,No,Yes,Yes,One year,Yes,Mailed check,38.49,779.33,Yes
CUST-01820,Female,0,Yes,No,45,No,No,Fiber optic,Yes,No,Yes,No,No,Yes,Two year,No,Bank transfer (automatic),30.28,1360.03,Yes
CUST-01821,Female,0,No,No,51,Yes,No,Fiber optic,No,Yes,Yes,No,Yes,Yes,Two year,Yes,Bank transfer (automatic),34.82,1730.22,Yes
CUST-01822,Male,0,Yes,No,58,Yes,Yes,DSL,No,Yes,Yes,Yes,Yes,Yes,Two year,No,Electronic check,25.71,1490.8,No
CUST-01823,Female,0,Yes,No,26,Yes,No,Fiber optic,No,Yes,Yes,Yes,No,Yes,One year,Yes,Electronic check,35.96,940.75,Yes
CUST-01824,Male,0,No,No,45,Yes,Yes,Fiber optic,Yes,No,No,Yes,No,No,Month-to-month,No,Electronic check,67.37,3044.5,No
CUST-01825,Male,0,Yes,No,45,Yes,Yes,Fiber optic,Yes,No,No,No,No,Yes,Month-to-month,No,Credit card (automatic),47.53,2149.42,No
CUST-01826,Male,0,No,No,70,Yes,No,DSL,No,Yes,No,No,No,Yes,One year,Yes,Credit card (automatic),36.11,2535.12,Yes
CUST-01827,Female,0,No,No,9,Yes,Yes,DSL,No,No,No,Yes,Yes,No,One year,Yes,Electronic check,60.0,497.08,Yes
CUST-01828,Male,0,Yes,Yes,2,Yes,Yes,DSL,Yes,Yes,No,Yes,No,Yes,One year,Yes,Credit card (automatic),25.05,151.73,No
CUST-01829,Male,0,Yes,No,41,Yes,No,No,No,Yes,No,Yes,Yes,No,One year,No,Mailed check,27.04,1126.78,No
CUST-01830,Male,1,No,Yes,2,Yes,Yes,Fiber optic,Yes,No,No,No,Yes,No,One year,No,Mailed check,39.07,108.5,Yes
CUST-01831,Female,0,No,Yes,14,Yes,Yes,Fiber optic,No,Yes,Yes,No,Yes,No,Month-to-month,No,Credit card (automatic),43.55,634.13,Yes
CUST-01832,Male,1,Yes,No,36,No,Yes,No,Yes,Yes,No,No,Yes,Yes,Two year,Yes,Credit card (automatic),36.25,1300.19,No
CUST-01833,Male,0,Yes,Yes,20,Yes,No,Fiber optic,No,No,No,No,Yes,Yes,Two year,No,Electronic check,36.5,689.98,Yes
CUST-01834,Female,0,No,Yes,19,Yes,No,Fiber optic,Yes,No,No,Yes,No,No,Month-to-month,No,Electronic check,32.76,613.65,No
CUST-01835,Female,0,No,Yes,25,Yes,No,Fiber optic,No,Yes,No,Yes,No,Yes,One year,Yes,Credit card (automatic),32.88,783.66,No
CUST-01836,Female,0,No,Yes,49,Yes,No,DSL,No,No,Yes,No,Yes,Yes,Two year,Yes,Bank transfer (automatic),23.64,1097.47,No
CUST-01837,Male,0,Yes,No,26,Yes,No,DSL,Yes,No,No,No,Yes,No,One year,Yes,Electronic check,37.45,1057.15,Yes
CUST-01838,Female,0,No,No,57,Yes,Yes,No,Yes,No,Yes,Yes,Yes,Yes,Month-to-month,Yes,Electronic check,36.87,2134.08,No
CUST-01839,Female,0,No,No,12,Yes,No,Fiber optic,No,Yes,No,Yes,No,No,Two year,No,Bank transfer (automatic),31.58,382.92,No
CUST-01840,Male,0,Yes,No,8,No,No,DSL,Yes,Yes,No,No,No,No,One year,No,Bank transfer (automatic),33.82,273.17,No
CUST-01841,Female,0,Yes,No,12,Yes,No,No,Yes,No,No,No,No,No,One year,No,Electronic check,19.76,261.42,Yes
CUST-01842,Female,0,Yes,Yes,66,No,No,DSL,No,No,No,No,Yes,Yes,Month-to-month,Yes,Bank transfer (automatic),33.42,2200.53,Yes
CUST-01843,Male,0,No,No,20,Yes,Yes,Fiber optic,Yes,Yes,Yes,No,No,Yes,One year,No,Electronic check,45.23,879.67,Yes
CUST-01844,Male,0,Yes,No,3,Yes,Yes,Fiber optic,No,No,Yes,No,No,Yes,Two year,No,Mailed check,38.61,169.95,No
CUST-01845,Male,0,No,No,23,Yes,No,DSL,No,Yes,No,Yes,No,Yes,Month-to-month,Yes,Electronic check,33.94,743.54,Yes
CUST-01846,Male,1,No,No,49,Yes,No,DSL,Yes,No,No,No,Yes,No,One year,No,Credit card (automatic),37.94,1906.0,No
CUST-01847,Female,0,Yes,Yes,26,Yes,No,Fiber optic,Yes,No,Yes,Yes,No,No,One year,Yes,Electronic check,48.86,1270.88,No
CUST-01848,Male,1,No,No,28,Yes,Yes,Fiber optic,Yes,No,No,Yes,Yes,Yes,Month-to-month,Yes,Electronic check,73.64,2071.52,No
CUST-01849,Male,0,No,No,7,Yes,No,No,No,No,No,No,Yes,Yes,Two year,No,Bank transfer (automatic),47.11,315.13,Yes
CUST-01850,Female,0,Yes,No,48,Yes,No,No,Yes,No,Yes,No,No,No,Two year,Yes,Electronic check,27.18,1258.03,No
CUST-01851,Female,0,No,Yes,16,No,No,DSL,No,Yes,Yes,No,Yes,Yes,Month-to-month,No,Bank transfer (automatic),39.98,609.54,Yes
CUST-01852,Female,0,Yes,No,7,Yes,No,DSL,No,Yes,No,No,No,Yes,One year,Yes,Electronic check,46.25,335.13,Yes
CUST-01853,Female,0,Yes,No,51,Yes,No,Fiber optic,No,Yes,No,Yes,No,No,Month-to-month,Yes,Electronic check,60.2,3034.66,Yes
CUST-01854,Female,0,No,Yes,67,Yes,Yes,Fiber optic,Yes,No,No,Yes,Yes,No,Month-to-month,Yes,Mailed check,42.21,2793.05,No
CUST-01855,Female,1,No,No,44,Yes,No,DSL,Yes,No,No,Yes,Yes,Yes,Month-to-month,Yes,Credit card (automatic),51.27,2283.95,No
CUST-01856,Male,0,Yes,No,67,Yes,No,DSL,No,Yes,Yes,Yes,No,No,One year,Yes,Electronic check,40.27,2713.56,No
CUST-01857,Female,1,No,Yes,29,No,No,DSL,No,Yes,Yes,No,Yes,No,Two year,Yes,Electronic check,35.11,965.37,Yes
CUST-01858,Male,0,No,No,37,Yes,No,DSL,No,No,No,No,Yes,No,One year,Yes,Bank transfer (automatic),25.57,992.53,No
CUST-01859,Male,0,No,Yes,26,Yes,Yes,Fiber optic,Yes,No,Yes,Yes,Yes,Yes,Month-to-month,Yes,Credit card (automatic),55.64,1496.61,Yes
CUST-01860,Male,0,Yes,No,37,No,Yes,No,No,No,Yes,No,Yes,No,Month-to-month,Yes,Mailed check,51.24,1884.78,No
CUST-01861,Male,0,Yes,Yes,64,Yes,Yes,DSL,Yes,No,No,No,Yes,No,Month-to-month,Yes,Mailed check,50.25,3146.78,No
CUST-01862,Female,0,Yes,Yes,46,Yes,Yes,Fiber optic,No,Yes,No,No,No,Yes,Month-to-month,No,Electronic check,28.85,1270.2,Yes
CUST-01863,Male,0,No,No,2,Yes,Yes,DSL,No,No,Yes,Yes,No,Yes,One year,No,Electronic check,40.46,57.6,No
CUST-01864,Female,1,Yes,No,42,Yes,No,Fiber optic,Yes,Yes,No,No,Yes,Yes,Two year,Yes,Electronic check,51.53,2211.24,No
CUST-01865,Male,0,No,Yes,27,Yes,No,DSL,No,Yes,No,Yes,Yes,No,Two year,Yes,Electronic check,25.56,695.52,No
CUST-01866,Female,0,Yes,No,39,Yes,Yes,DSL,No,Yes,No,No,No,No,Month-to-month,Yes,Bank transfer (automatic),48.05,1824.49,Yes
CUST-01867,Female,0,No,No,40,Yes,Yes,DSL,Yes,No,No,No,No,Yes,Month-to-month,No,Mailed check,33.07,1380.71,No
CUST-01868,Male,0,No,No,42,Yes,No,Fiber optic,Yes,Yes,Yes,No,Yes,Yes,One year,Yes,Bank transfer (automatic),30.47,1277.32,No
CUST-01869,Female,0,No,No,62,Yes,No,Fiber optic,No,Yes,No,No,No,Yes,One year,Yes,Bank transfer (automatic),34.18,2150.88,Yes
CUST-01870,Male,0,No,No,61,Yes,Yes,Fiber optic,No,No,No,No,No,Yes,Month-to-month,No,Electronic check,62.14,3777.4,Yes
CUST-01871,Female,0,No,No,69,Yes,No,Fiber optic,Yes,Yes,No,No,No,No,Two year,Yes,Mailed check,41.16,2762.74,No
CUST-01872,Female,0,Yes,No,44,No,No,DSL,Yes,No,No,No,Yes,No,One year,Yes,Mailed check,32.06,1339.77,Yes
CUST-01873,Male,0,No,No,21,Yes,No,DSL,No,No,No,No,No,Yes,Month-to-month,Yes,Electronic check,67.61,1385.86,No
CUST-01874,Male,0,No,Yes,14,Yes,No,DSL,Yes,No,Yes,No,No,No,Two year,Yes,Credit card (automatic),18.0,263.84,No
CUST-01875,Female,0,No,Yes,61,Yes,No,DSL,Yes,Yes,No,No,No,No,Month-to-month,No,Credit card (automatic),30.88,1900.54,No
CUST-01876,Female,0,Yes,No,65,No,Yes,DSL,No,Yes,No,Yes,No,Yes,One year,No,Credit card (automatic),43.3,2888.63,No
CUST-01877,Female,0,No,Yes,3,Yes,Yes,No,No,Yes,Yes,No,Yes,Yes,Two year,Yes,Bank transfer (automatic),37.06,110.05,Yes
CUST-01878,Male,0,Yes,No,16,Yes,No,No,Yes,No,No,No,Yes,Yes,Two year,No,Credit card (automatic),26.34,417.26,Yes
CUST-01879,Male,1,Yes,No,49,Yes,No,Fiber optic,Yes,Yes,Yes,Yes,No,No,Month-to-month,No,Electronic check,45.53,2191.82,Yes
CUST-01880,Female,0,Yes,No,12,Yes,No,Fiber optic,Yes,No,Yes,No,No,Yes,Month-to-month,Yes,Credit card (automatic),44.34,568.46,Yes
CUST-01881,Female,0,Yes,No,4,Yes,No,Fiber optic,Yes,No,No,Yes,No,No,One year,No,Credit card (automatic),45.43,239.51,No
CUST-01882,Female,0,Yes,No,71,Yes,No,Fiber optic,No,No,Yes,No,Yes,No,Month-to-month,Yes,Electronic check,45.39,3197.36,Yes
CUST-01883,Female,0,Yes,No,7,Yes,Yes,Fiber optic,Yes,Yes,No,Yes,No,Yes,One year,Yes,Bank transfer (automatic),65.01,450.06,No
CUST-01884,Male,0,No,Yes,16,Yes,Yes,DSL,Yes,No,Yes,Yes,Yes,Yes,Two year,No,Electronic check,21.18,352.65,No
CUST-01885,Male,0,Yes,Yes,71,Yes,No,No,No,Yes,No,No,No,No,Month-to-month,Yes,Bank transfer (automatic),55.54,3910.83,No
CUST-01886,Female,1,Yes,No,8,Yes,Yes,Fiber optic,No,No,Yes,Yes,No,Yes,Month-to-month,No,Credit card (automatic),57.6,389.53,Yes
CUST-01887,Male,0,No,No,57,Yes,No,DSL,No,Yes,Yes,Yes,Yes,Yes,Month-to-month,Yes,Electronic check,39.54,2259.26,Yes
CUST-01888,Female,0,No,No,40,Yes,Yes,Fiber optic,Yes,No,Yes,Yes,Yes,No,Two year,Yes,Mailed check,35.56,1445.18,No
CUST-01889,Female,0,Yes,No,39,Yes,No,Fiber optic,No,Yes,Yes,No,Yes,Yes,Month-to-month,No,Electronic check,54.76,2098.14,Yes
CUST-01890,Female,0,Yes,Yes,59,Yes,Yes,No,No,No,No,No,Yes,No,Two year,No,Bank transfer (automatic),33.51,1976.25,No
CUST-01891,Female,0,No,No,2,Yes,No,Fiber optic,No,Yes,Yes,No,Yes,Yes,One year,Yes,Electronic check,35.79,153.95,Yes
CUST-01892,Female,0,No,No,5,Yes,No,Fiber optic,Yes,Yes,Yes,No,No,Yes,Month-to-month,Yes,Credit card (automatic),54.09,314.41,Yes
CUST-01893,Male,0,No,No,14,Yes,No,DSL,Yes,Yes,No,Yes,Yes,Yes,Month-to-month,No,Electronic check,30.89,452.45,Yes
CUST-01894,Male,0,Yes,No,35,Yes,Yes,DSL,Yes,Yes,No,Yes,No,Yes,One year,Yes,Electronic check,48.89,1689.51,No
CUST-01895,Female,0,No,No,69,No,Yes,DSL,No,Yes,No,No,Yes,Yes,Month-to-month,Yes,Credit card (automatic),52.06,3617.21,No
CUST-01896,Male,0,No,Yes,5,Yes,Yes,DSL,Yes,No,No,Yes,No,No,Month-to-month,Yes,Bank transfer (automatic),34.55,107.05,Yes
CUST-01897,Male,0,No,No,30,Yes,Yes,Fiber optic,No,Yes,No,No,No,Yes,Month-to-month,No,Mailed check,31.69,946.5,No
CUST-01898,Male,0,No,Yes,31,No,No,Fiber optic,No,No,No,No,Yes,Yes,Month-to-month,Yes,Bank transfer (automatic),47.56,1453.24,Yes
CUST-01899,Male,0,No,Yes,14,No,Yes,Fiber optic,No,Yes,No,No,Yes,No,Two year,No,Credit card (automatic),34.57,513.82,Yes
CUST-01900,Female,0,No,No,25,Yes,Yes,Fiber optic,No,No,Yes,No,No,No,Two year,No,Credit card (automatic),36.56,826.66,No
CUST-01901,Male,0,No,Yes,15,Yes,No,DSL,No,No,No,No,Yes,No,One year,Yes,Electronic check,46.37,795.79,Yes
CUST-01902,Male,0,No,Yes,10,Yes,No,Fiber optic,Yes,Yes,Yes,No,Yes,Yes,Month-to-month,Yes,Mailed check,49.76,479.76,Yes
CUST-01903,Male,0,No,No,38,Yes,No,Fiber optic,No,No,Yes,Yes,No,Yes,Month-to-month,Yes,Mailed check,45.83,1805.94,Yes
CUST-01904,Female,0,Yes,No,67,No,No,Fiber optic,Yes,No,No,Yes,Yes,No,Month-to-month,Yes,Bank transfer (automatic),36.33,2463.03,No
CUST-01905,Female,0,No,No,29,Yes,No,Fiber optic,Yes,No,Yes,No,Yes,No,One year,Yes,Electronic check,37.78,1108.44,No
CUST-01906,Female,0,No,No,46,Yes,Yes,DSL,No,Yes,Yes,Yes,Yes,Yes,One year,Yes,Electronic check,44.33,2048.59,No
CUST-01907,Female,1,Yes,No,48,Yes,Yes,DSL,No,No,No,Yes,No,No,Month-to-month,Yes,Mailed check,48.16,2314.62,Yes
CUST-01908,Female,0,Yes,No,60,Yes,No,No,Yes,No,No,No,No,No,Month-to-month,No,Credit card (automatic),33.14,1968.94,No
CUST-01909,Female,1,No,No,59,Yes,Yes,DSL,Yes,Yes,No,No,Yes,Yes,Two year,No,Electronic check,25.58,1526.01,Yes
CUST-01910,Male,0,No,No,65,Yes,Yes,DSL,Yes,Yes,No,No,Yes,No,Month-to-month,Yes,Electronic check,58.92,3821.65,Yes
CUST-01911,Female,0,Yes,No,58,Yes,No,DSL,No,Yes,Yes,No,Yes,Yes,One year,No,Electronic check,49.69,2903.85,No
CUST-01912,Male,0,Yes,Yes,67,Yes,Yes,Fiber optic,No,Yes,No,Yes,No,Yes,One year,Yes,Bank transfer (automatic),48.61,3273.26,No
CUST-01913,Female,0,Yes,Yes,69,Yes,Yes,Fiber optic,No,Yes,Yes,No,No,Yes,One year,Yes,Credit card (automatic),46.56,3196.57,Yes
CUST-01914,Male,0,No,No,54,No,No,Fiber optic,No,No,Yes,No,Yes,Yes,Month-to-month,Yes,Electronic check,43.28,2316.92,Yes
CUST-01915,Female,0,No,Yes,36,Yes,Yes,No,No,No,No,No,Yes,Yes,Two year,No,Bank transfer (automatic),41.75,1513.65,No
CUST-01916,Male,0,No,No,22,Yes,No,DSL,Yes,Yes,No,No,No,No,One year,Yes,Bank transfer (automatic),40.63,910.67,Yes
CUST-01917,Female,0,Yes,No,41,Yes,No,DSL,No,Yes,Yes,Yes,No,No,One year,Yes,Credit card (automatic),24.81,997.42,No
CUST-01918,Female,0,No,No,59,Yes,No,No,No,No,Yes,No,No,Yes,One year,Yes,Electronic check,45.64,2652.41,Yes
CUST-01919,Female,0,No,No,54,Yes,Yes,Fiber optic,No,No,No,No,Yes,Yes,Month-to-month,No,Credit card (automatic),40.42,2192.82,Yes
CUST-01920,Male,0,No,Yes,37,No,Yes,No,No,No,Yes,No,Yes,No,Month-to-month,No,Credit card (automatic),46.13,1720.95,Yes
CUST-01921,Female,0,Yes,No,6,Yes,No,Fiber optic,Yes,No,Yes,No,Yes,Yes,One year,Yes,Credit card (automatic),53.16,323.59,Yes
CUST-01922,Male,0,Yes,No,20,Yes,No,DSL,No,No,Yes,Yes,No,Yes,Month-to-month,No,Bank transfer (automatic),43.16,859.42,Yes
CUST-01923,Male,0,No,No,41,Yes,No,No,No,No,Yes,No,No,Yes,One year,Yes,Electronic check,33.32,1397.88,Yes
CUST-01924,Female,0,Yes,No,28,No,Yes,DSL,No,Yes,Yes,No,Yes,No,Month-to-month,Yes,Mailed check,51.44,1401.41,No
CUST-01925,Female,0,No,Yes,33,Yes,No,Fiber optic,No,No,No,No,No,No,One year,No,Electronic check,48.49,1566.65,Yes
CUST-01926,Female,0,No,No,22,Yes,No,DSL,No,No,Yes,No,No,Yes,Two year,Yes,Electronic check,33.39,711.65,Yes
CUST-01927,Female,0,Yes,Yes,6,Yes,No,Fiber optic,Yes,No,No,No,No,No,Two year,Yes,Credit card (automatic),37.27,218.95,No
CUST-01928,Female,0,Yes,Yes,34,Yes,No,Fiber optic,No,No,Yes,No,No,No,One year,Yes,Credit card (automatic),58.24,1954.75,No
CUST-01929,Female,0,No,No,32,Yes,Yes,DSL,No,Yes,Yes,No,No,No,Month-to-month,No,Electronic check,60.75,1919.44,Yes
CUST-01930,Male,0,No,No,56,Yes,Yes,No,No,Yes,Yes,No,No,No,Two year,Yes,Mailed check,28.12,1610.98,No
CUST-01931,Female,0,Yes,No,8,Yes,No,DSL,No,No,No,Yes,Yes,Yes,Month-to-month,Yes,Electronic check,34.83,275.34,Yes
CUST-01932,Female,1,Yes,No,35,Yes,Yes,Fiber optic,No,Yes,Yes,No,No,Yes,Two year,No,Electronic check,55.86,1987.18,Yes
CUST-01933,Male,0,No,No,61,Yes,Yes,DSL,No,Yes,Yes,No,No,Yes,Two year,Yes,Credit card (automatic),49.46,3017.25,No
CUST-01934,Male,0,Yes,No,20,Yes,No,Fiber optic,No,No,No,Yes,No,Yes,Month-to-month,No,Credit card (automatic),56.59,1103.31,Yes
CUST-01935,Female,0,No,Yes,23,Yes,No,Fiber optic,No,Yes,Yes,No,No,No,Month-to-month,No,Mailed check,43.16,1036.97,No
CUST-01936,Female,0,No,No,7,Yes,Yes,Fiber optic,Yes,No,No,No,Yes,Yes,Two year,No,Credit card (automatic),42.87,283.94,No
CUST-01937,Female,0,Yes,Yes,41,Yes,No,Fiber optic,Yes,No,No,Yes,No,No,Month-to-month,Yes,Electronic check,40.6,1678.15,No
CUST-01938,Male,0,No,No,61,Yes,Yes,Fiber optic,No,No,Yes,No,Yes,Yes,Month-to-month,Yes,Bank transfer (automatic),57.15,3515.55,No
CUST-01939,Male,0,Yes,No,35,Yes,No,No,No,No,Yes,Yes,No,No,Month-to-month,No,Electronic check,39.34,1369.33,No
CUST-01940,Female,0,Yes,No,30,Yes,Yes,No,No,Yes,Yes,No,No,Yes,Two year,Yes,Electronic check,35.42,1052.47,Yes
CUST-01941,Female,0,No,Yes,54,Yes,No,DSL,Yes,No,No,Yes,No,No,Month-to-month,No,Mailed check,33.32,1767.93,No
CUST-01942,Female,0,No,No,32,Yes,No,Fiber optic,Yes,No,No,Yes,Yes,No,Month-to-month,Yes,Electronic check,46.52,1492.8,No
CUST-01943,Male,1,No,Yes,29,Yes,No,DSL,Yes,No,Yes,Yes,Yes,No,Month-to-month,No,Electronic check,50.38,1430.34,Yes
CUST-01944,Female,1,Yes,Yes,55,Yes,No,DSL,Yes,No,Yes,Yes,No,Yes,One year,Yes,Electronic check,31.67,1730.73,No
CUST-01945,Female,0,No,No,21,Yes,Yes,Fiber optic,No,Yes,Yes,No,Yes,No,Month-to-month,No,Mailed check,68.2,1417.77,Yes
CUST-01946,Female,0,Yes,No,61,Yes,Yes,Fiber optic,No,No,No,No,No,No,Month-to-month,Yes,Electronic check,57.9,3509.07,Yes
CUST-01947,Female,0,No,No,20,No,No,Fiber optic,No,Yes,No,No,Yes,No,Month-to-month,Yes,Electronic check,52.2,1054.45,Yes
CUST-01948,Male,0,No,No,37,Yes,Yes,Fiber optic,Yes,No,Yes,No,No,Yes,One year,Yes,Electronic check,36.69,1403.04,Yes
CUST-01949,Female,0,Yes,No,18,Yes,No,Fiber optic,Yes,Yes,Yes,Yes,Yes,Yes,Month-to-month,Yes,Electronic check,48.52,904.33,Yes
CUST-01950,Female,0,Yes,No,45,Yes,No,No,No,Yes,No,No,No,No,One year,Yes,Mailed check,33.33,1421.96,No
CUST-01951,Male,0,No,No,31,Yes,Yes,DSL,Yes,No,No,No,Yes,Yes,One year,Yes,Electronic check,40.33,1251.68,Yes
CUST-01952,Male,1,Yes,No,17,Yes,No,DSL,No,No,Yes,Yes,No,No,One year,No,Bank transfer (automatic),30.54,607.75,No
CUST-01953,Female,0,No,Yes,53,No,Yes,DSL,No,No,No,No,No,No,Month-to-month,No,Electronic check,37.92,2013.28,No
CUST-01954,Female,0,No,No,67,Yes,No,DSL,Yes,Yes,No,No,No,Yes,Month-to-month,No,Electronic check,48.26,3220.03,No
CUST-01955,Male,0,No,No,2,Yes,No,No,No,No,Yes,No,Yes,Yes,Two year,Yes,Electronic check,53.3,157.58,Yes
CUST-01956,Female,0,Yes,Yes,41,Yes,Yes,DSL,No,No,Yes,Yes,No,Yes,Month-to-month,Yes,Electronic check,39.6,1622.43,No
CUST-01957,Male,0,Yes,Yes,52,Yes,Yes,DSL,Yes,Yes,Yes,No,Yes,Yes,Two year,Yes,Electronic check,35.1,1871.88,No
CUST-01958,Male,0,Yes,Yes,52,Yes,No,Fiber optic,No,Yes,Yes,Yes,Yes,No,Month-to-month,Yes,Bank transfer (automatic),30.61,1584.88,Yes
CUST-01959,Male,0,No,No,16,Yes,Yes,DSL,Yes,No,Yes,No,Yes,Yes,One year,No,Electronic check,34.13,562.57,No
CUST-01960,Female,0,No,No,9,Yes,Yes,Fiber optic,Yes,Yes,No,No,No,No,Month-to-month,Yes,Bank transfer (automatic),68.25,588.69,Yes
CUST-01961,Male,0,No,No,37,Yes,Yes,No,Yes,No,No,No,No,Yes,One year,Yes,Electronic check,49.1,1856.46,Yes
CUST-01962,Male,0,Yes,No,46,No,No,Fiber optic,No,No,No,Yes,Yes,Yes,Month-to-month,No,Electronic check,50.95,2341.59,Yes
CUST-01963,Female,0,Yes,No,21,Yes,No,Fiber optic,No,No,No,Yes,No,Yes,One year,No,Electronic check,32.75,692.83,Yes
CUST-01964,Male,1,Yes,Yes,27,Yes,Yes,Fiber optic,No,Yes,No,No,Yes,Yes,Month-to-month,Yes,Electronic check,53.42,1479.61,Yes
CUST-01965,Male,0,No,No,38,Yes,Yes,No,No,No,No,No,No,No,Month-to-month,Yes,Bank transfer (automatic),39.37,1514.37,Yes
CUST-01966,Male,0,Yes,No,32,Yes,No,DSL,Yes,No,No,No,No,Yes,Month-to-month,Yes,Bank transfer (automatic),51.17,1630.52,Yes
CUST-01967,Female,0,Yes,Yes,35,Yes,No,Fiber optic,No,No,No,No,No,Yes,Two year,Yes,Electronic check,54.41,1848.71,Yes
CUST-01968,Female,0,No,Yes,49,Yes,No,Fiber optic,No,No,Yes,Yes,Yes,No,Two year,No,Electronic check,35.07,1713.93,No
CUST-01969,Male,1,No,Yes,70,Yes,No,Fiber optic,No,No,No,No,No,Yes,Month-to-month,Yes,Electronic check,61.77,4309.52,No
CUST-01970,Female,0,Yes,No,57,Yes,No,DSL,No,Yes,No,No,No,No,Month-to-month,No,Electronic check,37.19,2120.43,Yes
CUST-01971,Male,1,No,No,1,Yes,Yes,Fiber optic,Yes,Yes,Yes,No,No,Yes,Two year,Yes,Mailed check,46.65,38.17,Yes
CUST-01972,Male,0,Yes,Yes,25,Yes,Yes,Fiber optic,No,No,No,No,No,Yes,Month-to-month,No,Credit card (automatic),55.98,1449.55,Yes
CUST-01973,Male,0,Yes,Yes,1,Yes,Yes,Fiber optic,No,Yes,Yes,No,Yes,Yes,Month-to-month,Yes,Bank transfer (automatic),67.35,88.7,Yes
CUST-01974,Female,0,Yes,Yes,62,Yes,Yes,DSL,No,Yes,Yes,No,No,No,Month-to-month,No,Electronic check,35.31,2175.23,Yes
CUST-01975,Male,0,Yes,No,46,Yes,No,DSL,No,Yes,No,No,No,No,Month-to-month,No,Electronic check,54.71,2544.35,Yes
CUST-01976,Female,0,No,No,16,Yes,Yes,Fiber optic,No,No,Yes,No,Yes,Yes,Two year,Yes,Mailed check,59.9,1015.91,No
CUST-01977,Male,0,No,No,60,Yes,Yes,Fiber optic,Yes,No,No,No,No,No,One year,Yes,Credit card (automatic),28.26,1670.09,Yes
CUST-01978,Female,0,No,No,40,Yes,Yes,No,Yes,No,No,No,Yes,No,Month-to-month,No,Electronic check,29.96,1189.21,Yes
CUST-01979,Female,0,Yes,Yes,4,Yes,No,Fiber optic,Yes,Yes,Yes,Yes,Yes,No,One year,Yes,Electronic check,60.18,213.58,Yes
CUST-01980,Male,1,No,No,11,Yes,Yes,DSL,Yes,Yes,No,No,Yes,Yes,One year,Yes,Mailed check,40.17,456.49,No
CUST-01981,Male,0,No,No,58,Yes,No,Fiber optic,Yes,Yes,No,No,Yes,Yes,Month-to-month,No,Mailed check,39.78,2390.6,No
CUST-01982,Male,0,Yes,No,21,Yes,No,Fiber optic,No,No,Yes,No,No,No,Month-to-month,Yes,Credit card (automatic),60.06,1308.55,No
CUST-01983,Female,0,No,No,38,No,No,Fiber optic,Yes,No,No,No,No,Yes,Month-to-month,Yes,Mailed check,38.49,1449.89,Yes
CUST-01984,Male,0,No,Yes,64,Yes,No,Fiber optic,Yes,Yes,Yes,No,Yes,No,Month-to-month,Yes,Electronic check,52.76,3402.24,Yes
CUST-01985,Male,1,No,No,21,Yes,Yes,DSL,No,Yes,Yes,Yes,Yes,No,Month-to-month,Yes,Bank transfer (automatic),36.71,820.22,Yes
CUST-01986,Male,0,Yes,No,1,Yes,No,DSL,No,Yes,No,No,Yes,Yes,Month-to-month,Yes,Electronic check,60.62,-4.47,Yes
CUST-01987,Male,0,No,Yes,6,Yes,No,DSL,Yes,No,Yes,Yes,No,Yes,Month-to-month,Yes,Credit card (automatic),51.58,269.56,No
CUST-01988,Female,0,Yes,No,66,Yes,Yes,DSL,No,No,No,No,Yes,Yes,One year,Yes,Mailed check,38.59,2584.2,No
CUST-01989,Female,0,No,No,43,Yes,Yes,Fiber optic,No,No,Yes,No,No,No,Month-to-month,Yes,Credit card (automatic),49.32,2061.84,Yes
CUST-01990,Male,0,No,Yes,24,Yes,No,DSL,No,No,No,No,Yes,No,One year,Yes,Electronic check,43.61,1049.51,Yes
CUST-01991,Male,0,Yes,No,6,Yes,No,No,No,Yes,Yes,Yes,No,No,One year,No,Bank transfer (automatic),34.35,235.13,Yes
CUST-01992,Female,1,No,No,50,Yes,No,DSL,No,No,No,No,No,Yes,One year,No,Bank transfer (automatic),33.63,1694.36,No
CUST-01993,Female,1,No,No,3,Yes,Yes,Fiber optic,Yes,No,Yes,No,No,No,Month-to-month,No,Electronic check,63.7,187.33,Yes
CUST-01994,Male,0,No,No,7,Yes,Yes,Fiber optic,No,Yes,Yes,No,No,No,Month-to-month,Yes,Mailed check,40.94,341.6,Yes
CUST-01995,Male,0,Yes,Yes,43,No,No,DSL,Yes,No,Yes,No,No,No,Month-to-month,Yes,Bank transfer (automatic),55.4,2415.59,No
CUST-01996,Female,0,Yes,No,46,Yes,Yes,Fiber optic,Yes,No,No,No,Yes,Yes,Month-to-month,No,Bank transfer (automatic),44.72,2145.35,No
CUST-01997,Male,0,Yes,No,41,Yes,Yes,No,No,No,No,No,No,Yes,Month-to-month,Yes,Electronic check,67.24,2712.05,Yes
CUST-01998,Male,0,Yes,Yes,65,Yes,Yes,No,No,No,No,Yes,Yes,Yes,Month-to-month,No,Electronic check,45.23,2918.89,Yes
CUST-01999,Female,1,No,No,20,Yes,No,DSL,Yes,No,No,Yes,No,No,One year,Yes,Electronic check,42.3,843.38,No
CUST-02000,Female,0,Yes,No,40,Yes,Yes,Fiber optic,Yes,Yes,No,No,No,No,One year,Yes,Electronic check,50.23,2061.26,Yes
CUST-02001,Male,0,No,Yes,22,Yes,No,DSL,No,Yes,Yes,Yes,No,No,Month-to-month,Yes,Bank transfer (automatic),33.72,771.54,No
CUST-02002,Female,0,No,No,26,Yes,No,Fiber optic,No,No,No,No,No,No,Two year,Yes,Electronic check,36.17,924.2,Yes
CUST-02003,Female,0,No,No,11,Yes,No,DSL,No,Yes,Yes,Yes,Yes,Yes,Month-to-month,No,Electronic check,46.11,468.07,No
CUST-02004,Female,0,Yes,No,57,Yes,No,No,Yes,No,No,Yes,Yes,Yes,One year,Yes,Electronic check,37.32,2083.69,No
CUST-02005,Male,0,No,No,50,Yes,No,Fiber optic,Yes,No,No,No,Yes,Yes,One year,Yes,Credit card (automatic),46.97,2418.24,No
CUST-02006,Female,0,No,No,51,Yes,No,DSL,Yes,Yes,Yes,No,Yes,Yes,Month-to-month,Yes,Electronic check,46.33,2361.88,Yes
CUST-02007,Female,0,No,No,11,Yes,No,No,No,No,Yes,Yes,No,Yes,Month-to-month,No,Bank transfer (automatic),54.33,605.6,Yes
CUST-02008,Female,0,Yes,Yes,9,No,No,Fiber optic,No,No,No,No,Yes,Yes,Two year,Yes,Credit card (automatic),21.3,151.93,Yes
CUST-02009,Male,0,No,No,56,Yes,Yes,DSL,No,Yes,No,No,Yes,No,Month-to-month,No,Bank transfer (automatic),54.67,3062.77,Yes
CUST-02010,Male,0,Yes,No,48,Yes,Yes,Fiber optic,No,No,No,Yes,Yes,Yes,Month-to-month,Yes,Electronic check,48.93,2314.38,Yes
CUST-02011,Female,0,No,No,3,Yes,No,Fiber optic,Yes,Yes,No,No,Yes,No,Month-to-month,Yes,Bank transfer (automatic),57.17,176.78,Yes
CUST-02012,Female,0,Yes,No,48,Yes,No,Fiber optic,Yes,No,Yes,No,Yes,Yes,One year,No,Credit card (automatic),44.31,2113.58,No
CUST-02013,Female,1,Yes,No,70,Yes,No,DSL,Yes,No,No,No,No,No,Month-to-month,Yes,Electronic check,37.68,2609.02,No
CUST-02014,Male,0,No,No,54,Yes,Yes,DSL,No,No,Yes,No,Yes,No,Month-to-month,Yes,Credit card (automatic),55.77,3059.49,Yes
CUST-02015,Male,0,Yes,No,20,Yes,Yes,DSL,No,No,No,No,No,Yes,Month-to-month,No,Bank transfer (automatic),49.24,1035.98,Yes
CUST-02016,Female,0,No,No,23,Yes,No,No,No,No,Yes,No,Yes,Yes,Month-to-month,Yes,Bank transfer (automatic),59.91,1397.77,No
CUST-02017,Female,0,No,No,54,Yes,Yes,DSL,Yes,No,Yes,No,Yes,No,Month-to-month,Yes,Mailed check,42.82,2240.47,No
CUST-02018,Male,0,Yes,Yes,29,Yes,Yes,Fiber optic,No,Yes,No,Yes,Yes,No,Month-to-month,Yes,Mailed check,50.18,1412.96,No
CUST-02019,Male,0,Yes,Yes,53,Yes,Yes,No,Yes,Yes,No,Yes,Yes,No,One year,No,Electronic check,28.28,1458.26,No
CUST-02020,Female,0,Yes,No,69,Yes,Yes,No,Yes,Yes,No,No,No,Yes,Month-to-month,Yes,Credit card (automatic),36.57,2598.55,Yes
CUST-02021,Female,0,No,No,29,Yes,No,Fiber optic,Yes,No,No,No,No,No,Two year,Yes,Credit card (automatic),37.19,1120.9,No
CUST-02022,Male,0,No,Yes,41,Yes,Yes,Fiber optic,Yes,Yes,No,No,Yes,No,Month-to-month,Yes,Electronic check,56.88,2386.44,No
CUST-02023,Male,0,Yes,Yes,35,No,Yes,No,Yes,Yes,No,No,No,No,Month-to-month,Yes,Bank transfer (automatic),51.22,1762.76,Yes
CUST-02024,Male,1,Yes,No,37,No,Yes,Fiber optic,Yes,No,No,No,No,No,Month-to-month,Yes,Bank transfer (automatic),41.62,1478.59,No
CUST-02025,Female,0,Yes,No,6,Yes,Yes,Fiber optic,No,Yes,No,No,No,No,One year,No,Electronic check,48.39,331.01,No
CUST-02026,Female,0,No,No,71,Yes,Yes,DSL,No,No,Yes,No,Yes,Yes,Month-to-month,Yes,Bank transfer (automatic),46.01,3176.02,Yes
CUST-02027,Male,0,Yes,No,39,Yes,Yes,DSL,No,Yes,Yes,No,Yes,No,Month-to-month,Yes,Electronic check,31.97,1250.07,Yes
CUST-02028,Male,0,Yes,No,17,Yes,No,Fiber optic,No,Yes,No,No,Yes,Yes,Two year,Yes,Electronic check,51.58,901.02,Yes
CUST-02029,Male,0,No,Yes,41,Yes,No,DSL,No,Yes,Yes,Yes,Yes,Yes,Month-to-month,Yes,Electronic check,43.6,1742.8,Yes
CUST-02030,Female,0,Yes,Yes,29,Yes,Yes,DSL,No,No,Yes,No,No,No,Two year,Yes,Electronic check,41.28,1257.51,No
CUST-02031,Male,0,No,Yes,59,Yes,Yes,DSL,Yes,Yes,Yes,No,Yes,No,Month-to-month,Yes,Mailed check,53.82,3163.99,Yes
CUST-02032,Female,0,No,Yes,54,Yes,No,Fiber optic,No,Yes,Yes,Yes,Yes,No,Month-to-month,Yes,Electronic check,42.7,2318.86,Yes
CUST-02033,Female,0,No,No,28,Yes,No,DSL,Yes,No,Yes,No,No,No,Two year,No,Bank transfer (automatic),21.69,628.64,Yes
CUST-02034,Male,0,Yes,Yes,51,Yes,Yes,DSL,No,Yes,Yes,No,No,No,Month-to-month,Yes,Credit card (automatic),25.84,1325.43,No
CUST-02035,Male,0,No,No,3,Yes,No,Fiber optic,No,No,Yes,No,No,Yes,Month-to-month,Yes,Bank transfer (automatic),53.02,136.57,Yes
CUST-02036,Male,0,Yes,No,69,Yes,No,DSL,Yes,No,No,No,Yes,Yes,One year,No,Mailed check,38.33,2612.31,No
CUST-02037,Male,0,No,No,37,Yes,Yes,Fiber optic,Yes,No,No,No,Yes,No,One year,Yes,Bank transfer (automatic),23.19,873.27,No
CUST-02038,Female,1,Yes,No,47,No,No,DSL,No,No,No,Yes,Yes,No,Month-to-month,Yes,Credit card (automatic),34.78,1659.76,No
CUST-02039,Male,0,No,No,46,Yes,No,Fiber optic,No,Yes,No,Yes,No,Yes,One year,Yes,Bank transfer (automatic),39.86,1872.68,No
CUST-02040,Female,0,Yes,No,23,No,Yes,No,No,No,Yes,Yes,Yes,Yes,Month-to-month,Yes,Electronic check,46.35,1060.12,No
CUST-02041,Female,0,No,No,49,Yes,Yes,DSL,Yes,No,No,No,No,Yes,Month-to-month,Yes,Electronic check,43.42,2130.76,No
CUST-02042,Male,0,No,No,29,Yes,No,No,Yes,Yes,Yes,Yes,Yes,No,Month-to-month,No,Electronic check,43.77,1234.03,Yes
CUST-02043,Male,1,Yes,No,49,Yes,No,No,No,No,No,No,No,Yes,Two year,No,Credit card (automatic),44.73,2232.67,No
CUST-02044,Male,0,No,No,7,Yes,No,No,Yes,No,No,No,No,No,Month-to-month,Yes,Bank transfer (automatic),46.87,294.23,Yes
CUST-02045,Female,0,No,Yes,11,Yes,Yes,No,Yes,No,No,Yes,No,Yes,Two year,Yes,Mailed check,36.96,430.15,Yes
CUST-02046,Male,0,Yes,No,66,Yes,No,Fiber optic,Yes,No,Yes,Yes,No,No,Month-to-month,Yes,Electronic check,52.39,3498.29,Yes
CUST-02047,Female,1,No,No,53,Yes,No,DSL,No,Yes,Yes,No,Yes,Yes,Month-to-month,Yes,Credit card (automatic),29.45,1600.73,Yes
CUST-02048,Male,0,No,Yes,10,Yes,Yes,DSL,Yes,No,No,No,Yes,Yes,One year,Yes,Bank transfer (automatic),43.63,381.83,No
CUST-02049,Male,0,No,Yes,16,Yes,Yes,DSL,Yes,No,No,No,No,Yes,Month-to-month,Yes,Electronic check,37.7,541.43,Yes
CUST-02050,Male,0,Yes,Yes,39,No,No,Fiber optic,Yes,Yes,Yes,Yes,Yes,No,Month-to-month,Yes,Mailed check,43.76,1669.88,No
CUST-02051,Female,0,No,Yes,1,Yes,No,No,No,No,Yes,Yes,No,Yes,Month-to-month,Yes,Electronic check,60.29,17.96,Yes
CUST-02052,Female,0,Yes,Yes,29,Yes,Yes,DSL,Yes,No,Yes,No,Yes,No,Month-to-month,Yes,Credit card (automatic),41.7,1293.77,No
CUST-02053,Female,0,No,No,24,Yes,No,Fiber optic,No,No,Yes,Yes,Yes,No,Month-to-month,Yes,Bank transfer (automatic),57.13,1385.92,Yes
CUST-02054,Male,0,Yes,No,10,Yes,Yes,No,No,No,No,Yes,Yes,Yes,Month-to-month,Yes,Electronic check,39.22,341.58,Yes
CUST-02055,Male,0,Yes,No,22,No,No,DSL,Yes,No,Yes,Yes,No,No,Month-to-month,No,Electronic check,44.75,944.69,Yes
CUST-02056,Female,0,Yes,No,21,Yes,No,DSL,Yes,Yes,No,No,No,No,Two year,Yes,Mailed check,34.87,794.87,No
CUST-02057,Male,0,Yes,Yes,5,No,No,DSL,Yes,No,No,Yes,No,No,Month-to-month,Yes,Mailed check,22.96,166.58,No
CUST-02058,Male,0,No,No,45,Yes,No,DSL,No,Yes,Yes,Yes,No,No,Two year,Yes,Electronic check,38.63,1685.38,No
CUST-02059,Female,0,No,Yes,20,Yes,Yes,Fiber optic,No,Yes,Yes,No,No,No,Month-to-month,Yes,Bank transfer (automatic),28.14,593.8,Yes
CUST-02060,Female,0,No,Yes,3,Yes,Yes,Fiber optic,No,Yes,No,No,Yes,Yes,Month-to-month,Yes,Electronic check,61.38,171.55,Yes
CUST-02061,Male,1,No,No,2,Yes,Yes,Fiber optic,No,No,No,No,No,No,Month-to-month,Yes,Credit card (automatic),61.08,114.01,Yes
CUST-02062,Male,0,Yes,No,69,Yes,Yes,DSL,No,Yes,No,No,Yes,Yes,Month-to-month,Yes,Credit card (automatic),40.59,2746.51,Yes
CUST-02063,Female,0,Yes,No,9,Yes,No,Fiber optic,No,No,No,Yes,No,Yes,Month-to-month,Yes,Mailed check,52.84,459.8,Yes
CUST-02064,Male,0,No,No,65,Yes,Yes,DSL,Yes,No,No,No,No,Yes,Month-to-month,Yes,Electronic check,65.11,4190.72,No
CUST-02065,Male,0,No,No,12,Yes,Yes,Fiber optic,No,Yes,Yes,No,No,Yes,One year,No,Electronic check,41.61,549.94,Yes
CUST-02066,Male,0,No,No,7,Yes,No,DSL,No,No,Yes,Yes,Yes,No,Month-to-month,Yes,Electronic check,42.13,256.17,Yes
CUST-02067,Male,0,Yes,No,39,Yes,Yes,Fiber optic,No,No,Yes,Yes,No,Yes,Two year,Yes,Bank transfer (automatic),52.32,2086.83,Yes
CUST-02068,Male,0,No,Yes,62,Yes,Yes,Fiber optic,No,Yes,No,Yes,Yes,No,Two year,No,Credit card (automatic),33.52,2062.73,No
CUST-02069,Female,0,Yes,Yes,6,Yes,No,DSL,No,Yes,Yes,No,Yes,No,Month-to-month,Yes,Mailed check,57.72,269.45,Yes
CUST-02070,Female,0,No,No,24,Yes,No,Fiber optic,No,No,No,Yes,No,No,Month-to-month,Yes,Credit card (automatic),35.31,820.99,Yes
CUST-02071,Female,0,Yes,No,54,Yes,No,Fiber optic,No,Yes,Yes,No,No,No,One year,Yes,Credit card (automatic),20.6,1061.5,No
CUST-02072,Male,1,No,No,5,Yes,Yes,No,No,Yes,No,No,Yes,No,Month-to-month,Yes,Bank transfer (automatic),45.33,243.95,Yes
CUST-02073,Female,0,Yes,Yes,13,Yes,Yes,No,Yes,No,No,No,Yes,No,One year,Yes,Electronic check,41.34,488.38,Yes
CUST-02074,Female,0,No,Yes,22,Yes,Yes,DSL,Yes,Yes,No,No,No,No,Month-to-month,Yes,Credit card (automatic),40.57,872.13,Yes
CUST-02075,Male,0,Yes,No,58,Yes,Yes,Fiber optic,No,No,Yes,Yes,Yes,No,Two year,Yes,Electronic check,36.55,2130.24,Yes
CUST-02076,Female,0,No,Yes,58,Yes,No,DSL,No,Yes,Yes,Yes,Yes,Yes,Month-to-month,Yes,Credit card (automatic),25.26,1414.34,No
CUST-02077,Female,0,Yes,No,51,Yes,Yes,Fiber optic,No,Yes,Yes,No,No,Yes,Month-to-month,No,Electronic check,51.49,2678.8,Yes
CUST-02078,Female,0,No,Yes,48,Yes,No,DSL,Yes,Yes,No,No,Yes,Yes,One year,Yes,Electronic check,36.12,1739.06,Yes
CUST-02079,Female,0,Yes,Yes,2,No,Yes,Fiber optic,No,Yes,Yes,No,No,Yes,One year,Yes,Electronic check,35.1,70.83,Yes
CUST-02080,Female,0,Yes,Yes,17,Yes,No,No,Yes,No,No,No,No,No,Month-to-month,Yes,Electronic check,45.73,714.25,Yes
CUST-02081,Male,0,No,No,66,Yes,No,Fiber optic,No,No,No,No,Yes,Yes,One year,Yes,Mailed check,39.13,2558.86,Yes
CUST-02082,Female,0,Yes,No,52,Yes,No,No,No,No,Yes,No,Yes,No,Two year,Yes,Mailed check,39.67,2048.82,Yes
CUST-02083,Female,0,Yes,No,18,Yes,No,DSL,No,No,Yes,No,Yes,No,Month-to-month,No,Bank transfer (automatic),36.89,611.78,Yes
CUST-02084,Male,1,No,No,51,Yes,No,No,No,Yes,Yes,Yes,No,Yes,Month-to-month,No,Electronic check,51.47,2656.32,Yes
CUST-02085,Female,0,No,No,52,Yes,No,Fiber optic,No,No,No,No,Yes,No,Two year,Yes,Mailed check,43.07,2237.63,Yes
CUST-02086,Male,0,No,Yes,53,Yes,Yes,Fiber optic,Yes,No,Yes,No,No,No,Two year,Yes,Bank transfer (automatic),29.09,1503.73,No
CUST-02087,Male,0,Yes,No,70,Yes,Yes,DSL,No,No,No,No,No,No,Month-to-month,No,Credit card (automatic),45.07,3137.61,No
CUST-02088,Male,1,No,Yes,39,Yes,No,Fiber optic,Yes,No,Yes,Yes,Yes,No,Month-to-month,Yes,Credit card (automatic),54.81,2135.43,No
CUST-02089,Female,0,No,No,5,Yes,No,Fiber optic,Yes,No,Yes,No,Yes,No,Month-to-month,No,Electronic check,60.91,380.56,Yes
CUST-02090,Female,1,Yes,No,59,Yes,No,DSL,No,No,No,Yes,Yes,Yes,Two year,Yes,Mailed check,34.46,2045.35,No
CUST-02091,Male,0,No,No,2,Yes,Yes,No,Yes,Yes,Yes,No,No,No,Two year,Yes,Electronic check,40.78,45.34,Yes
CUST-02092,Female,0,Yes,No,46,No,Yes,Fiber optic,No,Yes,No,Yes,No,No,Month-to-month,Yes,Electronic check,40.69,1841.26,Yes
CUST-02093,Male,0,No,No,57,Yes,Yes,No,No,Yes,Yes,Yes,No,Yes,Two year,Yes,Electronic check,45.1,2550.56,No
CUST-02094,Female,0,No,No,9,Yes,No,DSL,Yes,No,No,Yes,Yes,No,Month-to-month,Yes,Credit card (automatic),32.4,310.71,No
CUST-02095,Female,0,Yes,Yes,57,Yes,No,Fiber optic,Yes,Yes,No,No,No,Yes,Month-to-month,Yes,Bank transfer (automatic),43.77,2506.66,Yes
CUST-02096,Male,1,Yes,No,58,Yes,Yes,DSL,Yes,Yes,Yes,No,No,Yes,Month-to-month,Yes,Credit card (automatic),52.77,3075.56,Yes
CUST-02097,Male,0,Yes,Yes,47,Yes,Yes,DSL,Yes,No,No,No,No,No,Two year,Yes,Electronic check,27.58,1288.26,No
CUST-02098,Male,0,Yes,Yes,23,No,No,DSL,No,No,No,Yes,No,No,Month-to-month,Yes,Credit card (automatic),43.0,922.64,Yes
CUST-02099,Male,0,No,No,15,No,Yes,DSL,No,Yes,Yes,No,Yes,Yes,Two year,No,Bank transfer (automatic),18.93,301.48,No
CUST-02100,Female,0,No,No,51,Yes,No,Fiber optic,No,Yes,No,No,Yes,No,One year,Yes,Electronic check,42.15,2114.5,Yes
CUST-02101,Male,0,No,No,12,Yes,No,DSL,No,No,Yes,No,No,Yes,Two year,No,Electronic check,27.06,342.13,Yes
CUST-02102,Male,1,Yes,No,48,Yes,No,DSL,No,No,No,No,No,No,Month-to-month,Yes,Bank transfer (automatic),38.25,1782.49,No
CUST-02103,Female,1,No,No,13,No,Yes,Fiber optic,No,No,No,No,Yes,No,Month-to-month,Yes,Electronic check,63.61,822.2,Yes
CUST-02104,Female,0,Yes,No,24,Yes,Yes,Fiber optic,No,Yes,Yes,No,No,No,Month-to-month,No,Electronic check,57.83,1413.33,Yes
CUST-02105,Male,0,Yes,No,36,Yes,No,Fiber optic,No,No,No,Yes,No,No,Month-to-month,Yes,Credit card (automatic),43.45,1639.56,Yes
CUST-02106,Female,0,No,No,12,Yes,No,Fiber optic,Yes,Yes,No,Yes,Yes,Yes,One year,Yes,Mailed check,41.24,469.42,No
CUST-02107,Male,1,Yes,Yes,57,Yes,No,DSL,Yes,No,Yes,No,Yes,No,Month-to-month,Yes,Electronic check,43.87,2554.8,Yes
CUST-02108,Female,0,No,No,50,Yes,No,Fiber optic,Yes,No,Yes,Yes,Yes,No,Month-to-month,Yes,Electronic check,45.22,2298.49,No
CUST-02109,Female,0,No,No,2,Yes,Yes,Fiber optic,No,No,Yes,Yes,No,Yes,Month-to-month,Yes,Bank transfer (automatic),43.31,68.53,No
CUST-02110,Female,1,Yes,No,61,Yes,No,DSL,No,Yes,No,No,No,No,One year,Yes,Bank transfer (automatic),33.39,2033.62,No
CUST-02111,Female,1,No,Yes,51,Yes,Yes,DSL,No,Yes,Yes,No,No,Yes,Month-to-month,No,Credit card (automatic),26.29,1315.39,Yes
CUST-02112,Male,0,No,No,60,Yes,Yes,No,Yes,No,Yes,Yes,Yes,No,Month-to-month,No,Bank transfer (automatic),52.41,3112.0,No
CUST-02113,Male,0,No,No,43,Yes,No,DSL,Yes,No,Yes,No,Yes,Yes,Month-to-month,Yes,Credit card (automatic),49.68,2074.67,Yes
CUST-02114,Male,0,Yes,Yes,45,Yes,Yes,DSL,Yes,Yes,Yes,Yes,Yes,No,Month-to-month,No,Bank transfer (automatic),55.16,2439.19,Yes
CUST-02115,Male,0,Yes,No,28,Yes,Yes,DSL,No,No,No,Yes,Yes,No,One year,No,Mailed check,42.62,1088.58,No
CUST-02116,Female,0,Yes,Yes,17,Yes,No,No,No,Yes,No,Yes,No,No,Month-to-month,Yes,Credit card (automatic),45.53,776.29,No
CUST-02117,Male,0,Yes,No,17,Yes,No,Fiber optic,No,No,Yes,No,No,No,One year,No,Electronic check,26.58,509.39,Yes
CUST-02118,Male,0,Yes,No,23,No,Yes,No,No,No,Yes,Yes,No,Yes,One year,Yes,Bank transfer (automatic),45.89,1062.6,Yes
CUST-02119,Male,0,No,No,21,Yes,Yes,No,Yes,Yes,No,No,No,Yes,Month-to-month,Yes,Mailed check,55.38,1162.44,No
CUST-02120,Male,0,No,Yes,54,Yes,Yes,Fiber optic,No,No,No,Yes,Yes,No,Month-to-month,Yes,Electronic check,42.5,2268.19,Yes
CUST-02121,Male,0,Yes,No,38,Yes,No,DSL,No,Yes,No,Yes,Yes,Yes,Month-to-month,Yes,Electronic check,49.58,1957.84,No
CUST-02122,Male,1,No,No,30,Yes,Yes,DSL,No,No,Yes,Yes,No,Yes,Month-to-month,No,Bank transfer (automatic),44.33,1369.35,Yes
CUST-02123,Male,0,No,No,52,Yes,Yes,No,Yes,No,No,No,No,Yes,One year,Yes,Credit card (automatic),34.05,1717.7,No
CUST-02124,Male,1,No,No,53,Yes,No,No,No,No,Yes,No,Yes,No,Month-to-month,Yes,Mailed check,49.01,2679.17,Yes
CUST-02125,Male,0,No,No,67,Yes,No,No,No,Yes,No,Yes,No,No,Two year,No,Mailed check,28.85,1992.31,No
CUST-02126,Female,0,No,Yes,22,Yes,No,No,No,No,No,No,No,No,Two year,Yes,Credit card (automatic),26.15,531.57,No
CUST-02127,Female,0,Yes,No,18,Yes,Yes,Fiber optic,Yes,No,Yes,Yes,No,No,Month-to-month,Yes,Electronic check,60.37,1116.42,Yes
CUST-02128,Male,0,Yes,No,1,Yes,No,Fiber optic,No,No,Yes,Yes,Yes,No,One year,No,Electronic check,33.44,24.47,Yes
CUST-02129,Female,0,No,No,12,Yes,Yes,Fiber optic,No,Yes,No,Yes,Yes,No,Month-to-month,Yes,Electronic check,58.51,621.85,Yes
CUST-02130,Female,0,No,No,43,Yes,No,Fiber optic,Yes,No,No,Yes,No,Yes,Month-to-month,No,Electronic check,46.47,1960.18,No
CUST-02131,Male,0,No,Yes,58,No,Yes,DSL,No,Yes,No,No,Yes,No,One year,Yes,Mailed check,30.59,1803.21,Yes
CUST-02132,Male,0,No,Yes,43,Yes,No,DSL,Yes,No,No,No,Yes,Yes,Month-to-month,Yes,Electronic check,55.09,2392.82,Yes
CUST-02133,Male,0,Yes,No,71,Yes,Yes,DSL,Yes,No,No,No,No,Yes,Two year,Yes,Electronic check,20.46,1561.63,No
CUST-02134,Female,0,Yes,No,45,Yes,No,DSL,No,Yes,No,No,Yes,Yes,Two year,No,Electronic check,34.25,1547.09,No
CUST-02135,Female,0,No,Yes,63,Yes,Yes,DSL,Yes,No,No,No,Yes,Yes,Month-to-month,Yes,Electronic check,48.16,2960.25,Yes
CUST-02136,Male,0,Yes,No,20,Yes,Yes,Fiber optic,Yes,Yes,No,Yes,Yes,No,Two year,Yes,Mailed check,49.25,944.24,No
CUST-02137,Male,0,No,No,23,No,No,Fiber optic,No,Yes,No,Yes,Yes,No,Two year,Yes,Electronic check,47.36,1069.78,Yes
CUST-02138,Female,0,No,No,58,Yes,No,Fiber optic,No,Yes,Yes,Yes,Yes,No,One year,Yes,Bank transfer (automatic),20.29,1163.23,No
CUST-02139,Male,0,No,No,47,Yes,No,Fiber optic,Yes,No,No,Yes,No,No,One year,Yes,Bank transfer (automatic),32.36,1505.86,Yes
CUST-02140,Female,0,Yes,No,35,Yes,No,Fiber optic,Yes,Yes,Yes,Yes,Yes,Yes,One year,Yes,Bank transfer (automatic),52.0,1830.88,No
CUST-02141,Male,0,No,No,68,Yes,Yes,Fiber optic,Yes,No,No,Yes,Yes,Yes,One year,Yes,Mailed check,36.27,2524.13,No
CUST-02142,Male,0,Yes,No,55,Yes,No,Fiber optic,Yes,No,No,No,Yes,Yes,Month-to-month,Yes,Mailed check,36.13,2000.8,No
CUST-02143,Male,0,No,No,21,No,Yes,DSL,No,Yes,No,Yes,Yes,Yes,Month-to-month,Yes,Bank transfer (automatic),44.1,846.79,Yes
CUST-02144,Male,0,Yes,No,44,Yes,No,Fiber optic,No,No,No,No,Yes,Yes,Month-to-month,No,Electronic check,61.42,2714.83,Yes
CUST-02145,Female,0,No,Yes,29,No,Yes,Fiber optic,No,No,Yes,No,Yes,Yes,Two year,Yes,Electronic check,38.72,1048.38,Yes
CUST-02146,Female,1,Yes,No,30,Yes,No,DSL,Yes,No,No,Yes,No,Yes,Month-to-month,No,Mailed check,31.12,904.84,No
CUST-02147,Female,1,Yes,Yes,58,Yes,Yes,No,No,Yes,Yes,Yes,No,Yes,Month-to-month,Yes,Credit card (automatic),42.18,2513.65,Yes
CUST-02148,Male,0,Yes,No,49,Yes,No,DSL,No,Yes,Yes,No,Yes,Yes,Month-to-month,Yes,Mailed check,36.81,1719.51,Yes
CUST-02149,Male,0,Yes,No,1,Yes,Yes,Fiber optic,No,No,Yes,No,Yes,Yes,Month-to-month,No,Electronic check,61.4,136.89,No
CUST-02150,Male,0,Yes,No,41,Yes,Yes,No,No,Yes,No,No,No,Yes,Two year,Yes,Electronic check,34.68,1439.92,Yes
CUST-02151,Female,0,No,No,46,Yes,No,Fiber optic,No,No,Yes,No,No,Yes,Month-to-month,No,Electronic check,50.81,2347.37,Yes
CUST-02152,Female,0,No,Yes,37,Yes,Yes,Fiber optic,No,Yes,No,Yes,Yes,Yes,One year,No,Credit card (automatic),48.54,1738.72,Yes
CUST-02153,Male,0,Yes,No,22,Yes,No,Fiber optic,No,No,Yes,No,No,No,Two year,No,Electronic check,32.41,712.95,Yes
CUST-02154,Male,0,No,No,47,Yes,No,DSL,Yes,Yes,Yes,No,Yes,Yes,Two year,No,Credit card (automatic),33.3,1541.76,No
CUST-02155,Male,0,No,Yes,68,Yes,No,Fiber optic,No,Yes,Yes,No,No,Yes,Two year,No,Credit card (automatic),39.24,2630.12,No
CUST-02156,Female,1,No,Yes,7,Yes,Yes,Fiber optic,No,No,Yes,Yes,No,No,One year,Yes,Mailed check,38.07,257.87,No
CUST-02157,Female,1,Yes,No,43,Yes,Yes,DSL,No,Yes,No,No,No,No,Month-to-month,No,Mailed check,53.01,2370.11,Yes
CUST-02158,Male,0,Yes,No,65,Yes,No,DSL,No,No,No,No,Yes,No,One year,No,Electronic check,26.16,1728.33,No
CUST-02159,Male,0,No,No,29,Yes,Yes,No,Yes,No,Yes,No,Yes,Yes,One year,Yes,Bank transfer (automatic),25.85,737.29,Yes
CUST-02160,Female,0,Yes,Yes,24,Yes,No,DSL,No,No,Yes,No,Yes,No,Month-to-month,Yes,Electronic check,43.28,1050.11,Yes
CUST-02161,Male,0,Yes,No,18,Yes,No,No,No,Yes,Yes,No,No,Yes,Month-to-month,Yes,Electronic check,43.57,763.54,Yes
CUST-02162,Female,1,No,No,16,Yes,No,DSL,Yes,No,No,No,Yes,No,Two year,Yes,Electronic check,36.73,612.39,Yes
CUST-02163,Female,0,Yes,No,28,Yes,No,Fiber optic,No,Yes,Yes,No,Yes,No,Month-to-month,Yes,Electronic check,46.13,1238.94,Yes
CUST-02164,Male,0,No,No,55,Yes,Yes,Fiber optic,No,Yes,Yes,No,Yes,Yes,Two year,Yes,Electronic check,47.05,2618.48,Yes
CUST-02165,Male,0,Yes,Yes,13,Yes,No,Fiber optic,Yes,Yes,No,Yes,Yes,Yes,One year,No,Mailed check,33.96,376.83,No
CUST-02166,Male,0,No,No,17,Yes,No,Fiber optic,Yes,No,No,No,No,Yes,Month-to-month,No,Electronic check,50.47,843.03,Yes
CUST-02167,Female,0,No,Yes,71,Yes,No,DSL,No,Yes,Yes,Yes,No,No,Month-to-month,No,Credit card (automatic),41.43,2982.41,No
CUST-02168,Male,0,No,No,71,No,Yes,Fiber optic,No,Yes,No,No,Yes,No,Month-to-month,No,Mailed check,56.69,4094.18,No
CUST-02169,Male,1,No,Yes,17,No,Yes,Fiber optic,Yes,Yes,No,Yes,Yes,No,Month-to-month,No,Bank transfer (automatic),42.53,629.58,Yes
CUST-02170,Male,0,No,Yes,30,Yes,No,Fiber optic,Yes,Yes,Yes,No,No,No,Month-to-month,No,Electronic check,44.08,1271.52,Yes
CUST-02171,Female,0,Yes,No,29,No,Yes,Fiber optic,No,No,No,No,Yes,Yes,Month-to-month,Yes,Bank transfer (automatic),57.9,1676.42,Yes
CUST-02172,Male,0,No,Yes,22,Yes,No,DSL,Yes,No,Yes,Yes,Yes,Yes,Month-to-month,Yes,Electronic check,56.04,1258.61,Yes
CUST-02173,Male,0,No,No,11,No,Yes,DSL,No,No,Yes,Yes,Yes,No,Month-to-month,No,Bank transfer (automatic),44.14,458.07,Yes
CUST-02174,Male,0,No,No,5,Yes,No,DSL,No,Yes,Yes,Yes,Yes,Yes,Month-to-month,Yes,Mailed check,46.56,228.73,Yes
CUST-02175,Female,0,Yes,No,44,Yes,No,DSL,No,No,No,No,Yes,Yes,Two year,No,Bank transfer (automatic),25.32,1112.56,Yes
CUST-02176,Male,0,Yes,Yes,3,Yes,No,Fiber optic,Yes,Yes,No,No,No,Yes,One year,No,Electronic check,40.07,114.61,Yes
CUST-02177,Female,0,No,No,45,Yes,No,No,Yes,Yes,No,No,No,Yes,Two year,No,Credit card (automatic),21.85,979.79,No
CUST-02178,Female,0,No,No,7,Yes,No,DSL,No,Yes,Yes,Yes,No,No,One year,No,Mailed check,34.35,239.74,No
CUST-02179,Male,0,Yes,Yes,11,Yes,Yes,DSL,Yes,No,No,No,No,Yes,Month-to-month,No,Bank transfer (automatic),48.79,600.83,Yes
CUST-02180,Female,1,Yes,No,1,Yes,No,No,Yes,No,No,Yes,Yes,Yes,One year,No,Electronic check,47.2,37.97,Yes
CUST-02181,Male,1,No,No,29,No,No,DSL,Yes,Yes,No,Yes,No,Yes,One year,No,Bank transfer (automatic),25.17,779.78,No
CUST-02182,Female,0,Yes,No,24,Yes,Yes,Fiber optic,No,Yes,No,No,No,No,Month-to-month,Yes,Credit card (automatic),52.01,1245.66,Yes
CUST-02183,Male,0,No,No,24,Yes,Yes,Fiber optic,Yes,No,No,Yes,Yes,Yes,Month-to-month,Yes,Credit card (automatic),41.76,973.42,Yes
CUST-02184,Male,0,Yes,No,23,Yes,Yes,DSL,Yes,Yes,No,No,Yes,Yes,Month-to-month,No,Credit card (automatic),38.45,873.11,Yes
CUST-02185,Male,1,Yes,No,67,No,No,Fiber optic,Yes,No,No,No,No,Yes,Month-to-month,No,Mailed check,44.54,2914.76,Yes
CUST-02186,Female,0,Yes,No,31,Yes,Yes,No,No,Yes,No,No,No,Yes,Month-to-month,Yes,Electronic check,59.18,1790.47,No
CUST-02187,Female,0,No,Yes,58,Yes,Yes,Fiber optic,Yes,Yes,No,Yes,No,No,Two year,No,Electronic check,33.38,1906.26,No
CUST-02188,Female,0,No,No,17,Yes,No,Fiber optic,No,No,No,Yes,Yes,Yes,One year,Yes,Bank transfer (automatic),44.55,762.26,Yes
CUST-02189,Female,1,Yes,No,35,Yes,No,DSL,No,No,No,No,Yes,No,Month-to-month,No,Electronic check,39.95,1463.65,Yes
CUST-02190,Male,0,Yes,No,5,Yes,No,DSL,No,Yes,Yes,Yes,No,No,Month-to-month,Yes,Electronic check,41.92,195.03,Yes
CUST-02191,Female,0,Yes,No,19,Yes,No,No,No,Yes,No,No,Yes,Yes,Month-to-month,Yes,Electronic check,47.93,868.79,Yes
CUST-02192,Female,0,Yes,Yes,6,Yes,Yes,No,No,No,Yes,No,Yes,No,Month-to-month,Yes,Electronic check,81.19,520.67,No
CUST-02193,Female,0,No,No,2,Yes,Yes,No,Yes,No,Yes,Yes,Yes,Yes,One year,Yes,Mailed check,32.21,71.75,No
CUST-02194,Female,1,Yes,Yes,13,Yes,No,DSL,Yes,No,No,Yes,No,No,Month-to-month,No,Bank transfer (automatic),40.73,575.87,No
CUST-02195,Male,0,No,No,12,Yes,No,No,No,No,Yes,Yes,Yes,No,Month-to-month,Yes,Mailed check,46.26,593.99,No
CUST-02196,Male,0,Yes,No,23,No,Yes,DSL,No,Yes,No,Yes,Yes,Yes,Two year,Yes,Mailed check,33.76,799.0,Yes
CUST-02197,Female,0,Yes,Yes,53,Yes,No,Fiber optic,Yes,Yes,Yes,No,No,No,Month-to-month,Yes,Credit card (automatic),40.22,2145.87,Yes
CUST-02198,Male,0,Yes,No,11,Yes,No,Fiber optic,No,Yes,No,No,Yes,Yes,Two year,Yes,Electronic check,51.45,604.91,No
CUST-02199,Male,0,Yes,No,44,Yes,Yes,Fiber optic,No,Yes,Yes,No,Yes,Yes,Month-to-month,No,Bank transfer (automatic),37.21,1673.33,Yes
CUST-02200,Female,0,Yes,No,26,Yes,No,Fiber optic,No,No,Yes,Yes,Yes,Yes,Month-to-month,Yes,Mailed check,51.04,1364.91,Yes
CUST-02201,Female,1,Yes,No,29,Yes,Yes,Fiber optic,Yes,Yes,No,Yes,No,Yes,Month-to-month,No,Mailed check,41.34,1235.9,Yes
CUST-02202,Female,0,Yes,No,66,No,Yes,No,No,No,No,No,Yes,Yes,One year,Yes,Credit card (automatic),44.47,2932.24,Yes
CUST-02203,Female,0,No,No,34,Yes,No,DSL,No,Yes,No,No,Yes,Yes,Two year,Yes,Electronic check,24.69,807.07,Yes
CUST-02204,Female,0,Yes,Yes,19,Yes,No,DSL,Yes,No,No,No,Yes,No,Month-to-month,No,Credit card (automatic),38.12,725.38,No
CUST-02205,Female,0,Yes,Yes,17,Yes,Yes,Fiber optic,Yes,No,No,Yes,No,No,Month-to-month,Yes,Mailed check,38.55,639.21,No
CUST-02206,Male,0,Yes,Yes,12,Yes,No,DSL,Yes,No,Yes,No,No,No,One year,Yes,Credit card (automatic),42.61,474.27,No
CUST-02207,Female,0,No,No,57,Yes,No,DSL,No,Yes,Yes,Yes,Yes,No,Month-to-month,Yes,Mailed check,46.72,2726.95,No
CUST-02208,Male,0,No,No,48,Yes,No,DSL,No,No,Yes,No,No,No,One year,No,Electronic check,18.0,863.55,Yes
CUST-02209,Female,0,No,No,20,Yes,Yes,DSL,No,No,Yes,No,No,No,Month-to-month,No,Mailed check,32.56,609.17,No
CUST-02210,Female,0,No,No,35,Yes,No,Fiber optic,Yes,No,No,No,No,Yes,Month-to-month,Yes,Credit card (automatic),55.45,1994.31,Yes
CUST-02211,Male,0,No,Yes,36,Yes,No,No,No,No,Yes,No,Yes,No,Month-to-month,No,Electronic check,44.93,1622.07,Yes
CUST-02212,Male,0,Yes,No,4,Yes,No,No,No,Yes,Yes,No,No,Yes,Month-to-month,Yes,Credit card (automatic),52.88,251.31,Yes
CUST-02213,Male,0,No,No,65,Yes,No,Fiber optic,No,No,No,Yes,No,No,One year,No,Bank transfer (automatic),33.86,2186.15,No
CUST-02214,Female,1,No,Yes,56,Yes,Yes,DSL,Yes,No,No,No,No,No,Two year,Yes,Credit card (automatic),34.28,1943.47,No
CUST-02215,Female,0,Yes,No,39,Yes,Yes,Fiber optic,Yes,Yes,No,No,Yes,No,Month-to-month,Yes,Credit card (automatic),54.41,2147.56,No
CUST-02216,Female,0,Yes,Yes,51,Yes,No,Fiber optic,No,Yes,No,Yes,Yes,Yes,Month-to-month,Yes,Electronic check,40.47,2068.15,Yes
CUST-02217,Female,0,Yes,No,8,Yes,Yes,Fiber optic,No,Yes,Yes,No,No,Yes,Month-to-month,Yes,Mailed check,50.96,382.56,Yes
CUST-02218,Male,0,Yes,No,70,Yes,Yes,Fiber optic,No,No,Yes,No,No,Yes,Two year,Yes,Bank transfer (automatic),29.21,2060.72,Yes
CUST-02219,Female,0,No,Yes,46,Yes,Yes,Fiber optic,Yes,No,Yes,Yes,Yes,No,One year,No,Credit card (automatic),35.67,1664.81,No
CUST-02220,Female,0,Yes,No,67,Yes,No,DSL,Yes,No,Yes,Yes,No,No,Two year,Yes,Electronic check,21.54,1395.11,No
CUST-02221,Male,0,No,No,62,Yes,No,No,Yes,No,No,Yes,Yes,Yes,Month-to-month,Yes,Credit card (automatic),45.39,2911.04,No
CUST-02222,Female,0,No,Yes,42,Yes,Yes,Fiber optic,Yes,Yes,No,Yes,No,No,One year,No,Electronic check,34.22,1502.4,No
CUST-02223,Female,0,Yes,No,21,Yes,Yes,DSL,No,No,Yes,No,Yes,Yes,Two year,No,Bank transfer (automatic),35.59,753.24,Yes
CUST-02224,Female,0,Yes,No,49,Yes,Yes,No,No,Yes,Yes,No,Yes,No,Month-to-month,Yes,Bank transfer (automatic),37.57,1875.05,No
CUST-02225,Female,0,No,Yes,37,Yes,No,DSL,No,Yes,Yes,Yes,Yes,No,Two year,Yes,Bank transfer (automatic),35.46,1311.32,No
CUST-02226,Male,0,No,No,30,Yes,No,DSL,Yes,Yes,No,No,Yes,No,Month-to-month,Yes,Electronic check,57.5,1699.71,No
CUST-02227,Male,0,Yes,No,51,Yes,No,Fiber optic,Yes,No,No,Yes,No,No,Two year,Yes,Mailed check,38.09,1980.61,No
CUST-02228,Male,0,Yes,Yes,64,Yes,No,Fiber optic,No,Yes,Yes,No,Yes,No,Month-to-month,Yes,Electronic check,44.94,2843.52,No
CUST-02229,Female,0,No,No,13,Yes,No,DSL,No,Yes,No,No,Yes,No,Month-to-month,No,Mailed check,52.68,699.68,No
CUST-02230,Male,0,No,No,40,No,No,DSL,No,No,Yes,Yes,Yes,No,Month-to-month,No,Electronic check,46.53,1834.83,Yes
CUST-02231,Male,0,Yes,No,56,Yes,No,DSL,No,Yes,No,Yes,Yes,No,Month-to-month,No,Credit card (automatic),30.92,1697.99,No
CUST-02232,Female,1,Yes,Yes,24,Yes,No,DSL,No,No,Yes,No,Yes,No,Month-to-month,No,Electronic check,50.73,1223.38,Yes
CUST-02233,Male,0,No,Yes,25,Yes,Yes,Fiber optic,Yes,No,Yes,Yes,No,Yes,Month-to-month,Yes,Mailed check,59.79,1536.46,No
CUST-02234,Female,0,Yes,No,1,Yes,No,DSL,No,No,No,No,Yes,Yes,Month-to-month,No,Credit card (automatic),36.83,47.3,Yes
CUST-02235,Male,1,Yes,No,23,Yes,No,Fiber optic,No,Yes,Yes,Yes,No,Yes,Month-to-month,Yes,Bank transfer (automatic),43.11,994.09,Yes
CUST-02236,Male,0,No,Yes,42,Yes,Yes,Fiber optic,Yes,Yes,Yes,Yes,Yes,No,Month-to-month,No,Electronic check,44.47,1795.93,Yes
CUST-02237,Female,0,Yes,No,69,Yes,No,Fiber optic,Yes,No,Yes,No,Yes,Yes,One year,Yes,Credit card (automatic),26.79,1840.5,No
CUST-02238,Female,0,Yes,No,38,Yes,No,No,Yes,No,Yes,Yes,Yes,Yes,Month-to-month,Yes,Electronic check,43.87,1610.64,No
CUST-02239,Female,0,No,No,21,Yes,No,DSL,No,No,No,No,Yes,No,One year,No,Mailed check,39.84,838.95,No
CUST-02240,Male,0,No,No,58,Yes,No,DSL,No,Yes,Yes,No,Yes,No,One year,No,Bank transfer (automatic),32.37,1877.25,Yes
CUST-02241,Female,0,Yes,No,14,Yes,No,DSL,Yes,No,No,No,Yes,Yes,Month-to-month,Yes,Electronic check,42.2,588.47,Yes
CUST-02242,Male,0,Yes,No,14,Yes,No,DSL,Yes,No,No,No,No,No,Month-to-month,Yes,Bank transfer (automatic),50.26,702.4,No
CUST-02243,Female,0,No,No,38,Yes,No,Fiber optic,No,No,Yes,No,Yes,Yes,One year,No,Bank transfer (automatic),34.63,1336.03,No
CUST-02244,Female,0,No,No,58,Yes,No,DSL,No,Yes,Yes,No,No,No,One year,Yes,Bank transfer (automatic),28.68,1686.1,Yes
CUST-02245,Male,0,No,No,16,Yes,No,Fiber optic,Yes,Yes,No,Yes,Yes,No,Month-to-month,Yes,Bank transfer (automatic),48.07,782.64,No
CUST-02246,Male,0,No,No,2,Yes,Yes,No,No,No,No,No,No,Yes,Month-to-month,Yes,Electronic check,64.14,167.05,Yes
CUST-02247,Male,0,No,No,52,Yes,No,DSL,Yes,Yes,No,No,Yes,No,Month-to-month,Yes,Electronic check,40.36,2002.11,Yes
CUST-02248,Female,0,No,No,42,Yes,No,DSL,Yes,Yes,No,Yes,Yes,No,One year,No,Electronic check,44.8,1841.5,No
CUST-02249,Female,1,No,No,49,No,No,Fiber optic,Yes,No,No,No,Yes,No,One year,Yes,Electronic check,46.12,2277.5,No
CUST-02250,Female,0,Yes,No,29,Yes,Yes,Fiber optic,Yes,No,No,No,No,Yes,Month-to-month,Yes,Electronic check,55.52,1610.31,Yes
CUST-02251,Male,0,No,Yes,9,Yes,No,DSL,Yes,Yes,No,No,No,Yes,One year,Yes,Electronic check,44.92,369.82,Yes
CUST-02252,Male,0,No,Yes,24,Yes,Yes,Fiber optic,Yes,No,No,No,Yes,No,Two year,No,Credit card (automatic),30.07,739.12,Yes
CUST-02253,Female,0,Yes,No,34,Yes,No,DSL,Yes,No,No,No,Yes,No,One year,No,Electronic check,26.86,942.64,Yes
CUST-02254,Male,0,Yes,No,31,Yes,Yes,Fiber optic,No,No,No,Yes,No,No,Month-to-month,Yes,Credit card (automatic),65.15,1989.37,No
CUST-02255,Female,1,No,No,64,Yes,No,Fiber optic,No,Yes,Yes,Yes,No,Yes,Month-to-month,No,Electronic check,39.06,2474.05,Yes
CUST-02256,Male,0,Yes,No,16,Yes,Yes,DSL,Yes,No,No,No,Yes,Yes,Month-to-month,No,Bank transfer (automatic),50.44,741.6,No
CUST-02257,Male,0,No,Yes,23,Yes,No,DSL,No,No,Yes,No,Yes,Yes,Two year,Yes,Electronic check,52.83,1211.11,Yes
CUST-02258,Male,1,No,No,14,Yes,No,Fiber optic,Yes,Yes,No,No,Yes,No,One year,Yes,Credit card (automatic),37.79,527.24,Yes
CUST-02259,Female,0,Yes,Yes,41,Yes,Yes,Fiber optic,No,Yes,Yes,No,Yes,Yes,Month-to-month,Yes,Electronic check,58.45,2354.06,No
CUST-02260,Male,1,Yes,No,58,Yes,Yes,No,Yes,No,No,Yes,Yes,No,Two year,No,Electronic check,37.52,2155.3,Yes
CUST-02261,Female,0,No,No,63,Yes,Yes,Fiber optic,Yes,Yes,Yes,Yes,Yes,No,One year,Yes,Credit card (automatic),43.04,2709.47,Yes
CUST-02262,Male,0,Yes,No,17,No,No,Fiber optic,No,Yes,No,Yes,Yes,No,Month-to-month,Yes,Electronic check,47.95,851.92,Yes
CUST-02263,Female,1,No,No,31,Yes,No,Fiber optic,Yes,No,No,Yes,No,Yes,One year,Yes,Electronic check,43.4,1330.04,Yes
CUST-02264,Male,0,Yes,Yes,53,Yes,No,Fiber optic,Yes,No,No,No,Yes,Yes,Two year,Yes,Electronic check,45.43,2371.64,Yes
CUST-02265,Female,0,Yes,Yes,4,Yes,Yes,DSL,Yes,Yes,Yes,No,Yes,No,Two year,No,Electronic check,24.38,156.77,Yes
CUST-02266,Female,0,No,No,51,No,No,DSL,No,No,No,Yes,No,Yes,Month-to-month,No,Electronic check,24.99,1302.22,Yes
CUST-02267,Male,0,Yes,Yes,10,Yes,No,Fiber optic,Yes,No,Yes,No,Yes,No,One year,Yes,Electronic check,49.83,446.32,Yes
CUST-02268,Male,0,No,No,3,Yes,No,DSL,Yes,No,No,No,Yes,Yes,Month-to-month,No,Electronic check,45.97,166.44,Yes
CUST-02269,Female,0,No,Yes,9,Yes,Yes,DSL,No,No,Yes,Yes,Yes,No,Month-to-month,No,Electronic check,49.76,426.84,Yes
CUST-02270,Male,0,Yes,No,63,Yes,No,DSL,Yes,Yes,No,Yes,Yes,Yes,One year,Yes,Bank transfer (automatic),25.22,1629.86,No
CUST-02271,Female,0,Yes,Yes,49,Yes,No,No,Yes,No,Yes,Yes,Yes,Yes,Month-to-month,No,Bank transfer (automatic),40.28,1957.09,No
CUST-02272,Female,0,No,No,57,Yes,No,Fiber optic,No,No,No,No,Yes,Yes,Month-to-month,No,Bank transfer (automatic),49.79,2766.19,Yes
CUST-02273,Female,0,No,No,49,Yes,No,No,Yes,Yes,No,No,Yes,No,One year,No,Electronic check,35.31,1707.37,Yes
CUST-02274,Female,0,No,Yes,57,Yes,No,No,No,Yes,No,No,No,No,Month-to-month,Yes,Bank transfer (automatic),31.42,1755.77,Yes
CUST-02275,Female,0,No,No,36,Yes,Yes,Fiber optic,Yes,No,Yes,No,No,No,Month-to-month,Yes,Credit card (automatic),57.83,2055.26,Yes
CUST-02276,Female,0,Yes,Yes,58,No,No,Fiber optic,Yes,Yes,No,No,Yes,Yes,Two year,No,Credit card (automatic),18.0,952.18,No
CUST-02277,Female,0,Yes,No,5,Yes,No,Fiber optic,No,No,Yes,Yes,No,No,Two year,No,Credit card (automatic),25.9,124.74,Yes
CUST-02278,Female,0,No,Yes,42,Yes,No,Fiber optic,No,Yes,No,Yes,No,Yes,Month-to-month,No,Electronic check,52.07,2105.51,Yes
CUST-02279,Female,0,No,No,54,Yes,No,No,No,No,Yes,No,Yes,No,Two year,No,Credit card (automatic),18.0,966.92,No
CUST-02280,Male,0,No,Yes,71,No,Yes,No,Yes,Yes,Yes,No,Yes,No,Month-to-month,Yes,Electronic check,40.61,2786.79,Yes
CUST-02281,Male,0,Yes,No,26,Yes,No,Fiber optic,No,No,No,No,Yes,No,Month-to-month,No,Electronic check,52.07,1309.96,Yes
CUST-02282,Female,1,Yes,No,13,No,Yes,Fiber optic,No,No,Yes,Yes,Yes,No,One year,Yes,Electronic check,57.37,767.74,No
CUST-02283,Female,1,No,No,52,Yes,No,Fiber optic,No,Yes,No,Yes,No,Yes,Month-to-month,No,Electronic check,53.15,2791.74,Yes
CUST-02284,Male,0,Yes,No,6,Yes,No,Fiber optic,No,No,No,No,No,No,One year,Yes,Bank transfer (automatic),56.57,307.61,Yes
CUST-02285,Male,1,Yes,Yes,56,Yes,No,DSL,No,No,No,No,No,Yes,One year,Yes,Credit card (automatic),33.9,1920.22,No
CUST-02286,Male,1,No,No,50,Yes,No,DSL,No,No,No,No,Yes,No,One year,Yes,Bank transfer (automatic),30.57,1455.43,Yes
CUST-02287,Male,0,Yes,No,50,Yes,No,DSL,Yes,Yes,Yes,Yes,Yes,Yes,Two year,No,Bank transfer (automatic),18.0,939.03,No
CUST-02288,Male,0,Yes,No,21,Yes,No,Fiber optic,No,No,No,Yes,Yes,Yes,Two year,No,Electronic check,38.89,863.79,Yes
CUST-02289,Male,0,Yes,No,9,Yes,Yes,DSL,No,No,No,No,Yes,No,Month-to-month,Yes,Bank transfer (automatic),51.69,456.75,Yes
CUST-02290,Female,0,No,No,44,Yes,No,No,No,Yes,Yes,No,No,No,Month-to-month,Yes,Electronic check,66.59,2912.31,No
CUST-02291,Female,0,Yes,No,26,Yes,No,DSL,No,No,No,Yes,Yes,Yes,Month-to-month,Yes,Electronic check,52.9,1281.48,Yes
CUST-02292,Female,0,Yes,No,28,Yes,No,DSL,No,Yes,No,No,Yes,Yes,One year,No,Mailed check,20.29,565.68,No
CUST-02293,Female,0,Yes,No,14,Yes,No,Fiber optic,No,No,Yes,No,Yes,No,Month-to-month,Yes,Credit card (automatic),59.2,855.16,No
CUST-02294,Male,1,Yes,No,24,Yes,No,DSL,No,No,Yes,No,No,No,Month-to-month,Yes,Electronic check,45.74,1112.24,Yes
CUST-02295,Male,0,Yes,No,60,Yes,No,DSL,No,Yes,No,Yes,No,No,Month-to-month,Yes,Credit card (automatic),29.5,1775.99,No
CUST-02296,Male,0,No,No,64,Yes,No,DSL,No,No,No,No,Yes,Yes,One year,Yes,Mailed check,43.28,2712.59,No
CUST-02297,Female,0,Yes,No,25,Yes,Yes,Fiber optic,No,Yes,No,Yes,No,Yes,One year,Yes,Electronic check,54.23,1360.94,Yes
CUST-02298,Female,0,Yes,Yes,11,Yes,No,DSL,No,No,No,Yes,Yes,No,Month-to-month,No,Bank transfer (automatic),50.72,523.41,Yes
CUST-02299,Female,0,Yes,No,3,Yes,No,Fiber optic,No,No,No,Yes,No,Yes,One year,No,Bank transfer (automatic),35.01,161.82,Yes
CUST-02300,Male,0,Yes,No,14,Yes,Yes,DSL,Yes,No,Yes,Yes,Yes,No,Two year,Yes,Credit card (automatic),49.29,714.13,No
CUST-02301,Female,0,Yes,Yes,1,Yes,No,DSL,No,Yes,Yes,No,Yes,Yes,Month-to-month,Yes,Electronic check,60.33,70.97,Yes
CUST-02302,Female,0,No,No,48,Yes,Yes,DSL,No,No,No,Yes,No,Yes,Month-to-month,Yes,Electronic check,38.9,1868.8,No
CUST-02303,Male,0,No,Yes,46,Yes,No,DSL,No,No,No,Yes,Yes,Yes,Two year,Yes,Mailed check,46.74,2112.06,No
CUST-02304,Male,0,No,Yes,56,Yes,No,Fiber optic,Yes,No,Yes,Yes,No,No,Month-to-month,Yes,Electronic check,52.62,2914.04,Yes
CUST-02305,Male,0,Yes,No,24,Yes,No,Fiber optic,No,Yes,No,Yes,No,Yes,One year,No,Mailed check,36.86,961.15,No
CUST-02306,Female,0,No,No,60,Yes,Yes,Fiber optic,Yes,No,Yes,Yes,Yes,Yes,Month-to-month,No,Mailed check,36.03,2125.99,No
CUST-02307,Female,0,No,No,13,Yes,No,No,No,Yes,No,Yes,Yes,No,Two year,Yes,Electronic check,18.0,234.66,Yes
CUST-02308,Female,0,Yes,Yes,17,No,No,DSL,No,No,No,Yes,Yes,No,One year,Yes,Credit card (automatic),42.12,720.02,No
CUST-02309,Female,0,Yes,No,66,No,No,No,No,Yes,Yes,No,No,No,One year,Yes,Electronic check,35.04,2312.7,Yes
CUST-02310,Male,0,No,Yes,63,Yes,No,Fiber optic,No,Yes,No,No,No,Yes,One year,Yes,Electronic check,43.12,2723.68,No
CUST-02311,Female,0,Yes,No,43,Yes,No,Fiber optic,Yes,Yes,No,Yes,No,Yes,Month-to-month,Yes,Mailed check,42.21,1889.78,Yes
CUST-02312,Female,0,Yes,Yes,44,No,No,No,No,Yes,Yes,No,Yes,No,Month-to-month,No,Mailed check,31.1,1374.11,Yes
CUST-02313,Male,0,No,No,50,Yes,Yes,DSL,No,No,Yes,Yes,No,Yes,Month-to-month,No,Mailed check,41.64,2101.84,No
CUST-02314,Female,1,Yes,Yes,59,Yes,Yes,Fiber optic,No,No,No,Yes,Yes,No,One year,Yes,Bank transfer (automatic),35.27,2068.73,Yes
CUST-02315,Female,0,No,Yes,17,Yes,Yes,Fiber optic,Yes,No,No,Yes,No,No,One year,Yes,Electronic check,32.68,547.75,Yes
CUST-02316,Female,0,Yes,No,5,Yes,No,Fiber optic,No,Yes,Yes,Yes,No,No,Month-to-month,Yes,Credit card (automatic),51.52,276.29,Yes
CUST-02317,Female,0,Yes,No,14,Yes,No,DSL,No,Yes,Yes,Yes,Yes,No,Two year,Yes,Electronic check,32.36,509.19,No
CUST-02318,Female,0,Yes,No,26,Yes,Yes,DSL,No,Yes,Yes,Yes,Yes,No,Month-to-month,Yes,Bank transfer (automatic),28.83,801.12,No
CUST-02319,Male,0,Yes,No,17,Yes,Yes,No,No,No,No,No,No,No,Month-to-month,Yes,Mailed check,36.67,496.95,Yes
CUST-02320,Male,0,No,No,38,Yes,No,Fiber optic,No,No,No,Yes,Yes,Yes,One year,No,Electronic check,40.34,1465.79,Yes
CUST-02321,Female,0,No,Yes,10,Yes,Yes,DSL,No,Yes,No,Yes,No,Yes,One year,Yes,Electronic check,46.62,549.23,Yes
CUST-02322,Female,0,No,No,41,Yes,No,DSL,Yes,Yes,Yes,No,Yes,Yes,Month-to-month,Yes,Mailed check,51.13,2075.02,Yes
CUST-02323,Female,0,No,No,51,Yes,Yes,Fiber optic,No,No,No,No,No,No,Two year,Yes,Electronic check,51.9,2631.54,Yes
CUST-02324,Male,0,Yes,No,8,Yes,Yes,DSL,No,No,Yes,No,Yes,No,Month-to-month,Yes,Electronic check,58.02,440.89,Yes
CUST-02325,Male,0,Yes,No,21,Yes,Yes,DSL,No,Yes,Yes,No,No,No,Month-to-month,Yes,Mailed check,40.86,805.83,Yes
CUST-02326,Male,0,Yes,No,39,No,No,No,Yes,Yes,No,No,Yes,No,One year,No,Mailed check,24.63,929.63,No
CUST-02327,Female,0,No,No,5,Yes,No,DSL,Yes,Yes,Yes,No,Yes,No,Month-to-month,Yes,Mailed check,49.5,225.78,Yes
CUST-02328,Female,0,Yes,Yes,48,Yes,Yes,DSL,No,Yes,No,Yes,No,Yes,Month-to-month,No,Credit card (automatic),45.45,2161.53,No
CUST-02329,Female,0,Yes,No,54,Yes,Yes,Fiber optic,No,No,No,No,No,No,Month-to-month,Yes,Credit card (automatic),52.85,2814.73,Yes
CUST-02330,Female,1,Yes,No,26,Yes,No,DSL,Yes,No,Yes,No,No,Yes,Month-to-month,No,Bank transfer (automatic),37.75,1018.17,No
CUST-02331,Female,0,No,No,1,Yes,No,DSL,No,Yes,No,Yes,Yes,No,Month-to-month,Yes,Credit card (automatic),47.66,43.97,Yes
CUST-02332,Male,0,Yes,No,36,Yes,No,Fiber optic,Yes,No,No,Yes,Yes,Yes,Two year,No,Electronic check,33.94,1227.75,Yes
CUST-02333,Female,0,No,No,62,Yes,No,Fiber optic,Yes,Yes,Yes,Yes,No,Yes,One year,No,Electronic check,20.09,1249.2,No
CUST-02334,Male,0,No,Yes,21,Yes,Yes,Fiber optic,Yes,Yes,No,No,No,No,Month-to-month,No,Mailed check,43.8,898.87,Yes
CUST-02335,Male,0,No,No,61,Yes,Yes,Fiber optic,Yes,Yes,Yes,No,No,Yes,Two year,No,Bank transfer (automatic),28.21,1692.53,No
CUST-02336,Male,0,Yes,No,62,Yes,No,No,Yes,Yes,No,No,Yes,No,Two year,Yes,Bank transfer (automatic),35.36,2133.04,No
CUST-02337,Female,0,Yes,No,20,Yes,No,Fiber optic,Yes,No,Yes,Yes,No,No,Month-to-month,No,Bank transfer (automatic),33.17,692.33,Yes
CUST-02338,Male,0,Yes,No,43,Yes,No,Fiber optic,Yes,Yes,No,No,No,Yes,Month-to-month,Yes,Electronic check,42.09,1803.96,Yes
CUST-02339,Female,0,No,No,3,Yes,No,No,No,Yes,No,No,Yes,No,Month-to-month,No,Electronic check,57.46,221.43,Yes
CUST-02340,Female,0,No,Yes,40,Yes,No,DSL,Yes,No,Yes,No,Yes,Yes,One year,Yes,Electronic check,30.63,1240.28,No
CUST-02341,Female,1,No,Yes,63,Yes,Yes,Fiber optic,No,Yes,Yes,No,Yes,No,Month-to-month,No,Mailed check,41.49,2677.08,Yes
CUST-02342,Female,0,Yes,No,68,No,Yes,DSL,No,Yes,No,No,No,Yes,One year,Yes,Electronic check,45.47,3076.65,No
CUST-02343,Male,0,Yes,No,15,Yes,No,DSL,No,Yes,No,No,No,No,Month-to-month,Yes,Bank transfer (automatic),50.71,721.74,Yes
CUST-02344,Male,0,No,No,48,Yes,Yes,No,Yes,Yes,Yes,No,Yes,No,One year,Yes,Bank transfer (automatic),45.67,2266.57,No
CUST-02345,Male,0,Yes,Yes,5,Yes,Yes,DSL,Yes,Yes,No,No,No,No,Month-to-month,No,Electronic check,45.67,274.49,Yes
CUST-02346,Female,0,No,Yes,20,Yes,Yes,DSL,No,No,Yes,No,No,No,Month-to-month,No,Bank transfer (automatic),40.12,727.94,No
CUST-02347,Female,0,No,Yes,60,Yes,Yes,DSL,Yes,Yes,No,No,No,Yes,One year,Yes,Electronic check,38.19,2309.74,No
CUST-02348,Male,0,Yes,No,46,No,No,Fiber optic,No,Yes,No,No,Yes,No,Two year,Yes,Electronic check,36.18,1692.54,Yes
CUST-02349,Female,0,Yes,Yes,28,Yes,Yes,No,No,No,No,No,Yes,No,Month-to-month,Yes,Bank transfer (automatic),49.97,1390.22,Yes
CUST-02350,Male,0,Yes,Yes,69,Yes,Yes,Fiber optic,Yes,Yes,No,No,No,No,One year,No,Credit card (automatic),32.87,2216.63,No
CUST-02351,Male,0,Yes,No,54,Yes,Yes,No,Yes,Yes,Yes,No,No,No,One year,Yes,Bank transfer (automatic),24.72,1327.45,No
CUST-02352,Male,0,No,No,2,Yes,No,Fiber optic,No,Yes,Yes,Yes,No,No,One year,Yes,Electronic check,34.87,77.48,Yes
CUST-02353,Male,0,Yes,No,6,Yes,No,No,No,Yes,Yes,No,Yes,No,One year,No,Mailed check,35.99,187.84,Yes
CUST-02354,Female,0,Yes,Yes,45,Yes,No,No,No,No,No,No,No,No,Month-to-month,Yes,Credit card (automatic),46.96,2142.01,Yes
CUST-02355,Female,0,Yes,No,63,Yes,Yes,DSL,No,Yes,Yes,Yes,Yes,Yes,Month-to-month,No,Electronic check,37.01,2267.35,Yes
CUST-02356,Female,1,Yes,No,12,Yes,No,No,No,Yes,Yes,Yes,No,No,One year,Yes,Credit card (automatic),28.05,343.66,No
CUST-02357,Female,0,No,No,39,Yes,Yes,DSL,Yes,No,Yes,No,No,Yes,One year,Yes,Electronic check,51.78,2097.03,No
CUST-02358,Female,0,No,Yes,58,Yes,Yes,Fiber optic,No,No,Yes,No,Yes,No,One year,Yes,Electronic check,43.67,2556.79,Yes
CUST-02359,Male,0,Yes,Yes,62,Yes,No,DSL,Yes,No,No,No,Yes,Yes,Month-to-month,Yes,Bank transfer (automatic),47.2,2984.23,Yes
CUST-02360,Female,0,Yes,No,46,Yes,No,Fiber optic,No,Yes,No,Yes,Yes,No,Month-to-month,No,Mailed check,49.42,2267.88,No
CUST-02361,Male,0,Yes,Yes,71,Yes,Yes,No,Yes,Yes,Yes,No,No,No,One year,Yes,Bank transfer (automatic),46.58,3315.5,No
CUST-02362,Male,1,Yes,No,67,Yes,No,Fiber optic,No,Yes,Yes,No,No,Yes,One year,Yes,Mailed check,42.04,2799.37,Yes
CUST-02363,Male,0,Yes,Yes,60,Yes,Yes,Fiber optic,No,Yes,Yes,No,Yes,No,One year,No,Credit card (automatic),26.06,1547.63,Yes
CUST-02364,Female,0,No,Yes,48,Yes,Yes,No,Yes,Yes,No,No,No,No,Month-to-month,Yes,Credit card (automatic),26.2,1277.91,Yes
CUST-02365,Male,0,Yes,Yes,70,Yes,No,DSL,No,No,No,No,No,No,One year,Yes,Bank transfer (automatic),32.88,2264.09,No
CUST-02366,Female,0,Yes,Yes,2,Yes,No,DSL,No,No,Yes,Yes,No,No,One year,No,Bank transfer (automatic),48.57,130.47,Yes
CUST-02367,Female,0,Yes,No,7,Yes,Yes,No,No,No,Yes,Yes,Yes,No,Month-to-month,No,Electronic check,49.09,363.15,Yes
CUST-02368,Female,0,No,Yes,37,Yes,Yes,DSL,Yes,Yes,No,Yes,No,Yes,Month-to-month,Yes,Bank transfer (automatic),50.36,1814.71,No
CUST-02369,Female,0,Yes,No,48,Yes,No,No,No,No,No,Yes,Yes,Yes,Month-to-month,No,Credit card (automatic),28.23,1393.82,No
CUST-02370,Female,0,No,Yes,65,Yes,Yes,DSL,No,Yes,No,No,Yes,Yes,Month-to-month,Yes,Credit card (automatic),55.12,3667.08,No
CUST-02371,Female,0,Yes,No,49,Yes,No,DSL,Yes,No,Yes,No,No,Yes,One year,Yes,Electronic check,43.4,2162.15,No
CUST-02372,Male,0,No,No,17,Yes,No,DSL,No,No,No,Yes,Yes,Yes,Month-to-month,Yes,Bank transfer (automatic),44.04,671.13,Yes
CUST-02373,Female,0,No,No,65,Yes,No,DSL,Yes,No,No,No,Yes,Yes,Month-to-month,No,Electronic check,48.51,3248.18,No
CUST-02374,Female,0,Yes,No,6,Yes,Yes,DSL,No,Yes,Yes,Yes,Yes,No,One year,No,Mailed check,31.95,103.12,No
CUST-02375,Male,0,Yes,No,7,Yes,Yes,DSL,No,No,Yes,Yes,Yes,Yes,Two year,No,Bank transfer (automatic),36.2,184.71,No
CUST-02376,Male,0,Yes,No,52,Yes,No,DSL,Yes,No,Yes,Yes,Yes,Yes,Two year,Yes,Credit card (automatic),20.24,982.21,No
CUST-02377,Male,0,No,No,69,Yes,No,Fiber optic,Yes,No,No,Yes,No,No,One year,Yes,Electronic check,36.11,2480.53,Yes
CUST-02378,Female,0,No,No,36,Yes,No,Fiber optic,Yes,No,Yes,No,Yes,No,Month-to-month,Yes,Electronic check,45.66,1565.98,Yes
CUST-02379,Male,0,Yes,Yes,10,Yes,Yes,DSL,No,Yes,Yes,No,Yes,No,Month-to-month,Yes,Electronic check,47.35,383.59,Yes
CUST-02380,Male,0,Yes,No,4,Yes,Yes,DSL,Yes,No,No,Yes,No,Yes,Month-to-month,Yes,Bank transfer (automatic),31.6,98.45,Yes
CUST-02381,Female,0,Yes,Yes,70,Yes,No,DSL,No,Yes,No,Yes,No,No,Month-to-month,Yes,Electronic check,63.2,4394.62,Yes
CUST-02382,Female,0,Yes,No,20,Yes,Yes,DSL,No,Yes,Yes,No,Yes,Yes,One year,Yes,Electronic check,34.88,685.16,Yes
CUST-02383,Male,0,No,Yes,46,Yes,Yes,Fiber optic,Yes,No,No,No,No,Yes,Two year,No,Electronic check,44.77,2077.96,Yes
CUST-02384,Female,0,Yes,Yes,24,Yes,Yes,DSL,No,Yes,Yes,No,No,Yes,Month-to-month,No,Bank transfer (automatic),29.0,754.2,No
CUST-02385,Female,1,Yes,No,16,No,Yes,No,No,Yes,Yes,No,No,No,Month-to-month,No,Electronic check,45.38,724.27,Yes
CUST-02386,Male,0,No,No,48,Yes,No,DSL,Yes,Yes,Yes,No,Yes,Yes,One year,No,Mailed check,26.14,1272.0,No
CUST-02387,Male,0,No,No,53,Yes,Yes,Fiber optic,No,No,No,No,No,No,One year,Yes,Electronic check,57.88,3055.29,Yes
CUST-02388,Male,0,No,No,34,Yes,No,Fiber optic,No,No,No,No,No,Yes,One year,No,Bank transfer (automatic),41.65,1462.04,Yes
CUST-02389,Male,0,Yes,No,37,Yes,Yes,DSL,Yes,No,No,No,Yes,Yes,Two year,No,Electronic check,22.92,908.16,Yes
CUST-02390,Male,1,No,No,35,Yes,No,DSL,No,No,Yes,Yes,No,No,Month-to-month,No,Electronic check,44.54,1534.63,Yes
CUST-02391,Female,0,No,No,42,Yes,Yes,DSL,No,Yes,Yes,No,Yes,Yes,Month-to-month,No,Credit card (automatic),48.99,2003.18,Yes
CUST-02392,Female,0,Yes,No,58,Yes,No,Fiber optic,No,Yes,No,Yes,Yes,No,Month-to-month,No,Electronic check,54.4,3131.0,Yes
CUST-02393,Male,0,Yes,Yes,51,Yes,No,No,Yes,Yes,Yes,No,Yes,No,Month-to-month,Yes,Electronic check,39.65,2002.79,Yes
CUST-02394,Female,0,No,No,20,Yes,Yes,DSL,No,Yes,No,No,Yes,No,Month-to-month,Yes,Bank transfer (automatic),34.74,685.29,Yes
CUST-02395,Female,0,No,No,18,Yes,No,No,Yes,No,No,Yes,Yes,No,Two year,Yes,Electronic check,29.86,537.05,Yes
CUST-02396,Male,0,No,No,48,Yes,No,Fiber optic,No,Yes,No,No,No,Yes,Month-to-month,No,Electronic check,53.43,2555.23,No
CUST-02397,Male,0,No,Yes,46,Yes,Yes,Fiber optic,Yes,Yes,No,No,Yes,Yes,Month-to-month,Yes,Electronic check,37.46,1671.89,Yes
CUST-02398,Female,0,No,Yes,27,Yes,No,DSL,No,No,Yes,No,Yes,Yes,Month-to-month,Yes,Mailed check,43.61,1166.83,Yes
CUST-02399,Female,1,No,Yes,60,Yes,No,No,No,No,Yes,No,No,No,One year,Yes,Mailed check,27.75,1675.57,No
CUST-02400,Male,0,No,No,30,Yes,Yes,DSL,Yes,No,No,Yes,No,No,One year,Yes,Credit card (automatic),31.61,1008.1,No
CUST-02401,Female,0,Yes,No,24,Yes,No,DSL,Yes,Yes,No,No,No,Yes,Month-to-month,Yes,Electronic check,52.09,1226.41,Yes
CUST-02402,Male,0,Yes,No,40,Yes,No,Fiber optic,No,No,No,Yes,No,Yes,Month-to-month,No,Credit card (automatic),40.48,1617.42,No
CUST-02403,Male,0,No,Yes,14,Yes,Yes,No,Yes,Yes,Yes,No,No,No,One year,Yes,Electronic check,48.06,666.82,No
CUST-02404,Male,1,Yes,No,50,Yes,Yes,DSL,Yes,Yes,No,No,No,No,One year,Yes,Electronic check,51.8,2568.3,Yes
CUST-02405,Female,0,No,No,64,Yes,No,DSL,No,No,No,No,Yes,Yes,Month-to-month,Yes,Electronic check,76.84,4897.13,Yes
CUST-02406,Male,0,No,No,68,Yes,No,No,No,No,Yes,No,No,Yes,Month-to-month,No,Bank transfer (automatic),45.26,3002.17,Yes
CUST-02407,Female,1,No,No,32,Yes,No,No,Yes,No,No,Yes,No,Yes,Month-to-month,Yes,Electronic check,53.32,1723.1,Yes
CUST-02408,Male,0,No,Yes,20,Yes,No,Fiber optic,No,No,Yes,No,Yes,Yes,Month-to-month,Yes,Electronic check,49.76,1020.9,Yes
CUST-02409,Female,0,Yes,No,35,Yes,No,Fiber optic,Yes,No,Yes,No,Yes,Yes,Month-to-month,Yes,Mailed check,55.15,1912.63,Yes
CUST-02410,Female,0,No,No,8,Yes,Yes,Fiber optic,No,Yes,No,No,Yes,No,Month-to-month,Yes,Electronic check,72.01,594.98,No
CUST-02411,Male,0,Yes,Yes,48,Yes,No,No,No,No,Yes,No,Yes,Yes,Month-to-month,Yes,Bank transfer (automatic),36.6,1686.13,Yes
CUST-02412,Female,0,No,No,31,Yes,No,DSL,Yes,No,No,No,Yes,No,One year,No,Mailed check,27.52,911.13,No
CUST-02413,Male,0,No,No,9,Yes,Yes,Fiber optic,No,Yes,Yes,No,No,Yes,Month-to-month,No,Electronic check,50.31,420.88,Yes
CUST-02414,Male,1,Yes,No,39,Yes,No,Fiber optic,No,Yes,No,Yes,No,No,One year,Yes,Credit card (automatic),29.92,1155.24,No
CUST-02415,Female,0,Yes,Yes,52,Yes,Yes,No,No,No,Yes,No,Yes,Yes,One year,Yes,Electronic check,41.37,2187.13,No
CUST-02416,Female,0,Yes,Yes,17,Yes,Yes,Fiber optic,No,Yes,No,Yes,Yes,Yes,Two year,No,Electronic check,28.72,429.15,Yes
CUST-02417,Male,0,No,No,29,Yes,No,DSL,Yes,No,Yes,No,Yes,Yes,Two year,No,Bank transfer (automatic),27.21,768.8,No
CUST-02418,Female,0,Yes,Yes,64,Yes,No,Fiber optic,No,No,No,No,No,No,One year,No,Credit card (automatic),38.56,2437.74,Yes
CUST-02419,Female,1,Yes,No,51,Yes,No,No,No,No,No,Yes,Yes,No,One year,Yes,Mailed check,37.76,1946.47,No
CUST-02420,Female,0,No,No,57,Yes,No,No,No,Yes,Yes,No,No,No,Month-to-month,Yes,Credit card (automatic),38.03,2128.94,Yes
CUST-02421,Female,0,Yes,No,32,Yes,No,DSL,No,No,No,Yes,Yes,Yes,Two year,No,Electronic check,20.61,688.78,No
CUST-02422,Male,0,No,No,36,Yes,No,DSL,No,No,Yes,Yes,No,No,One year,Yes,Electronic check,50.75,1836.17,Yes
CUST-02423,Female,0,No,No,36,Yes,No,Fiber optic,Yes,Yes,Yes,Yes,Yes,No,Month-to-month,Yes,Bank transfer (automatic),31.86,1083.55,No
CUST-02424,Male,1,Yes,Yes,32,Yes,Yes,Fiber optic,No,Yes,Yes,No,No,Yes,Month-to-month,Yes,Bank transfer (automatic),54.94,1790.78,Yes
CUST-02425,Female,0,Yes,Yes,11,Yes,No,DSL,Yes,No,No,No,Yes,Yes,One year,Yes,Electronic check,55.89,688.49,Yes
CUST-02426,Male,0,No,No,3,Yes,No,DSL,Yes,Yes,No,Yes,No,Yes,Month-to-month,Yes,Bank transfer (automatic),44.73,96.91,No
CUST-02427,Female,0,No,No,60,Yes,No,DSL,Yes,Yes,No,No,No,No,Two year,Yes,Bank transfer (automatic),39.23,2332.33,No
CUST-02428,Female,0,Yes,No,39,Yes,No,DSL,No,Yes,Yes,No,No,No,Two year,Yes,Electronic check,40.08,1510.3,Yes
CUST-02429,Male,0,No,No,38,Yes,Yes,DSL,No,Yes,Yes,Yes,No,No,Month-to-month,Yes,Electronic check,35.35,1340.09,No
CUST-02430,Female,0,Yes,No,43,Yes,Yes,No,No,No,No,No,Yes,Yes,Month-to-month,Yes,Mailed check,53.99,2364.34,Yes
CUST-02431,Female,0,Yes,Yes,30,Yes,No,Fiber optic,No,Yes,No,No,Yes,No,Two year,No,Mailed check,30.29,880.64,Yes
CUST-02432,Male,0,No,Yes,64,Yes,No,DSL,Yes,No,Yes,No,No,Yes,One year,No,Mailed check,25.57,1598.71,Yes
CUST-02433,Female,0,Yes,No,34,No,No,Fiber optic,Yes,No,Yes,No,No,Yes,Month-to-month,Yes,Credit card (automatic),53.47,1868.01,Yes
CUST-02434,Female,0,Yes,Yes,36,Yes,Yes,Fiber optic,Yes,No,No,Yes,Yes,Yes,One year,Yes,Electronic check,37.92,1333.75,No
CUST-02435,Female,0,No,No,38,Yes,No,Fiber optic,No,No,Yes,No,Yes,No,Month-to-month,No,Bank transfer (automatic),50.52,1890.42,Yes
CUST-02436,Male,0,Yes,Yes,12,Yes,Yes,No,No,Yes,Yes,Yes,Yes,No,Month-to-month,Yes,Credit card (automatic),47.87,564.12,Yes
CUST-02437,Male,0,Yes,No,13,Yes,No,DSL,Yes,Yes,Yes,No,Yes,Yes,Two year,Yes,Mailed check,45.24,517.74,No
CUST-02438,Male,0,Yes,Yes,13,Yes,No,No,Yes,No,Yes,No,Yes,Yes,Two year,Yes,Bank transfer (automatic),41.18,500.79,No
CUST-02439,Male,0,No,No,19,Yes,No,DSL,Yes,No,Yes,Yes,No,No,One year,Yes,Bank transfer (automatic),32.36,688.61,No
CUST-02440,Female,0,No,Yes,12,Yes,No,Fiber optic,Yes,No,Yes,No,Yes,No,Month-to-month,No,Electronic check,45.67,575.95,Yes
CUST-02441,Female,1,No,No,16,Yes,No,No,No,Yes,Yes,Yes,Yes,Yes,Month-to-month,Yes,Mailed check,39.65,658.19,Yes
CUST-02442,Female,0,Yes,No,67,Yes,No,Fiber optic,No,Yes,Yes,Yes,Yes,No,Month-to-month,Yes,Electronic check,48.0,3240.36,No
CUST-02443,Female,0,No,No,26,Yes,No,DSL,Yes,No,Yes,No,Yes,No,One year,Yes,Credit card (automatic),28.79,773.01,No
CUST-02444,Female,1,No,Yes,57,Yes,Yes,DSL,Yes,No,Yes,Yes,No,No,One year,Yes,Electronic check,37.53,2122.27,No
CUST-02445,Male,0,Yes,No,28,Yes,No,DSL,No,No,No,No,Yes,No,One year,No,Electronic check,28.88,805.31,Yes
CUST-02446,Male,0,Yes,No,59,Yes,Yes,DSL,No,No,Yes,No,No,No,One year,Yes,Mailed check,28.71,1708.04,No
CUST-02447,Male,0,No,Yes,54,Yes,No,DSL,No,Yes,Yes,No,Yes,Yes,Month-to-month,Yes,Mailed check,52.94,2839.35,No
CUST-02448,Male,0,Yes,No,60,Yes,No,DSL,No,No,No,No,No,Yes,Month-to-month,No,Mailed check,27.28,1689.19,No
CUST-02449,Male,0,No,No,21,Yes,No,Fiber optic,No,Yes,No,No,Yes,No,Two year,Yes,Bank transfer (automatic),27.57,511.04,Yes
CUST-02450,Female,0,No,No,7,Yes,Yes,DSL,No,Yes,No,No,No,Yes,Two year,Yes,Credit card (automatic),32.69,216.02,Yes
CUST-02451,Male,0,Yes,No,22,Yes,Yes,Fiber optic,Yes,No,Yes,No,No,No,One year,No,Mailed check,49.42,1131.47,Yes
CUST-02452,Male,0,No,No,50,Yes,Yes,Fiber optic,No,Yes,No,Yes,Yes,No,Two year,Yes,Bank transfer (automatic),27.97,1438.27,Yes
CUST-02453,Female,0,No,No,47,Yes,No,DSL,No,Yes,No,No,No,No,One year,Yes,Electronic check,37.53,1743.82,Yes
CUST-02454,Female,1,Yes,No,51,Yes,No,Fiber optic,No,Yes,Yes,No,No,No,One year,Yes,Credit card (automatic),44.75,2294.71,Yes
CUST-02455,Male,0,No,No,71,Yes,Yes,Fiber optic,No,Yes,Yes,No,Yes,No,One year,Yes,Electronic check,50.7,3611.8,Yes
CUST-02456,Female,0,Yes,No,16,Yes,Yes,Fiber optic,No,Yes,Yes,No,No,Yes,Month-to-month,No,Bank transfer (automatic),46.62,832.88,No
CUST-02457,Male,1,No,Yes,32,Yes,No,Fiber optic,No,No,Yes,No,No,Yes,Two year,Yes,Credit card (automatic),44.6,1395.21,Yes
CUST-02458,Male,0,Yes,No,35,Yes,Yes,Fiber optic,Yes,Yes,Yes,Yes,No,No,Month-to-month,Yes,Bank transfer (automatic),55.2,1940.33,Yes
CUST-02459,Female,0,Yes,No,11,Yes,Yes,Fiber optic,No,No,Yes,No,Yes,No,Month-to-month,No,Mailed check,40.18,425.35,Yes
CUST-02460,Female,0,Yes,Yes,48,No,No,Fiber optic,Yes,No,No,No,No,No,Month-to-month,No,Mailed check,35.54,1766.89,Yes
CUST-02461,Female,0,Yes,Yes,4,Yes,Yes,No,No,Yes,No,Yes,No,Yes,One year,Yes,Electronic check,38.77,149.53,Yes
CUST-02462,Female,0,Yes,Yes,64,Yes,No,No,Yes,No,Yes,No,No,No,One year,Yes,Bank transfer (automatic),30.03,1897.07,No
CUST-02463,Female,0,Yes,Yes,7,Yes,No,DSL,No,Yes,Yes,No,Yes,No,Month-to-month,No,Mailed check,53.92,406.95,Yes
CUST-02464,Male,0,No,No,8,Yes,Yes,Fiber optic,No,No,No,No,Yes,No,Month-to-month,No,Bank transfer (automatic),58.28,434.33,Yes
CUST-02465,Female,0,Yes,No,13,Yes,Yes,No,Yes,No,Yes,No,Yes,Yes,One year,Yes,Electronic check,41.81,551.01,Yes
CUST-02466,Female,0,Yes,No,64,Yes,No,Fiber optic,Yes,No,No,No,Yes,No,One year,Yes,Bank transfer (automatic),44.43,2870.34,No
CUST-02467,Female,0,Yes,No,62,Yes,No,Fiber optic,No,No,No,No,Yes,No,Month-to-month,Yes,Electronic check,68.93,4204.35,Yes
CUST-02468,Male,0,No,No,66,Yes,No,DSL,No,No,No,Yes,Yes,Yes,Month-to-month,No,Mailed check,26.03,1685.41,No
CUST-02469,Female,0,Yes,No,60,Yes,No,DSL,Yes,Yes,Yes,Yes,No,No,Month-to-month,No,Electronic check,33.68,2097.27,Yes
CUST-02470,Female,0,No,No,66,Yes,Yes,Fiber optic,Yes,No,No,No,No,Yes,One year,Yes,Bank transfer (automatic),37.33,2472.6,No
CUST-02471,Male,0,No,No,34,Yes,No,No,Yes,Yes,Yes,No,Yes,Yes,Month-to-month,No,Electronic check,47.01,1552.8,Yes
CUST-02472,Female,0,Yes,No,1,Yes,No,DSL,Yes,No,Yes,No,Yes,Yes,Two year,No,Bank transfer (automatic),35.12,40.86,No
CUST-02473,Female,0,No,No,32,Yes,Yes,No,No,No,No,No,No,Yes,Month-to-month,No,Credit card (automatic),34.0,1013.07,Yes
CUST-02474,Female,1,Yes,No,16,Yes,No,Fiber optic,Yes,No,Yes,Yes,Yes,No,One year,No,Bank transfer (automatic),38.93,629.51,No
CUST-02475,Female,0,No,Yes,18,Yes,No,Fiber optic,No,No,Yes,No,Yes,No,Month-to-month,Yes,Bank transfer (automatic),56.77,1037.62,Yes
CUST-02476,Female,0,Yes,No,50,Yes,Yes,No,Yes,Yes,No,Yes,No,Yes,Month-to-month,Yes,Credit card (automatic),29.74,1483.48,Yes
CUST-02477,Male,0,No,No,12,Yes,No,DSL,No,Yes,Yes,No,No,Yes,Month-to-month,Yes,Credit card (automatic),46.2,524.57,Yes
CUST-02478,Female,0,No,No,23,Yes,No,DSL,No,No,Yes,No,No,No,One year,No,Electronic check,34.09,855.56,Yes
CUST-02479,Female,0,Yes,No,28,Yes,No,DSL,No,No,No,No,No,Yes,Month-to-month,No,Mailed check,29.45,811.33,No
CUST-02480,Female,1,Yes,No,5,Yes,No,Fiber optic,No,Yes,Yes,Yes,No,No,Month-to-month,Yes,Electronic check,66.35,256.04,Yes
CUST-02481,Male,1,Yes,Yes,50,No,Yes,DSL,Yes,No,No,No,No,No,Month-to-month,Yes,Electronic check,52.73,2629.94,Yes
CUST-02482,Male,0,Yes,No,55,Yes,Yes,Fiber optic,Yes,No,No,No,No,Yes,Month-to-month,Yes,Electronic check,44.31,2483.87,Yes
CUST-02483,Female,0,No,No,40,Yes,No,No,No,Yes,No,Yes,Yes,No,Month-to-month,Yes,Bank transfer (automatic),47.33,1957.94,No
CUST-02484,Female,0,No,No,3,Yes,No,DSL,No,Yes,Yes,Yes,Yes,Yes,Two year,No,Credit card (automatic),47.96,36.05,No
CUST-02485,Female,0,No,No,56,Yes,No,Fiber optic,Yes,No,No,Yes,No,No,Month-to-month,Yes,Credit card (automatic),43.85,2422.18,Yes
CUST-02486,Female,0,No,No,32,Yes,Yes,Fiber optic,Yes,Yes,Yes,No,Yes,Yes,Month-to-month,No,Electronic check,39.44,1247.09,Yes
CUST-02487,Female,0,No,No,19,Yes,Yes,Fiber optic,No,No,Yes,Yes,No,No,One year,Yes,Mailed check,40.09,768.34,Yes
CUST-02488,Female,0,No,No,68,Yes,Yes,No,No,Yes,Yes,No,No,No,One year,Yes,Credit card (automatic),20.98,1372.13,Yes
CUST-02489,Male,1,Yes,No,62,Yes,No,DSL,No,No,No,Yes,No,No,Month-to-month,Yes,Mailed check,41.54,2597.68,Yes
CUST-02490,Female,0,Yes,No,32,Yes,Yes,DSL,No,Yes,Yes,Yes,Yes,No,Month-to-month,Yes,Credit card (automatic),41.43,1362.88,No
CUST-02491,Female,0,Yes,No,32,Yes,Yes,No,No,No,No,Yes,Yes,No,Month-to-month,Yes,Electronic check,55.75,1748.63,Yes
CUST-02492,Female,1,Yes,Yes,65,Yes,No,DSL,No,Yes,No,No,Yes,Yes,Two year,No,Mailed check,24.72,1604.91,Yes
CUST-02493,Male,0,Yes,Yes,14,Yes,No,Fiber optic,Yes,Yes,Yes,Yes,Yes,No,Two year,Yes,Mailed check,42.16,622.82,Yes
CUST-02494,Male,0,Yes,No,30,Yes,No,DSL,No,No,No,Yes,Yes,Yes,Two year,Yes,Credit card (automatic),25.6,838.75,No
CUST-02495,Female,0,Yes,No,41,No,No,Fiber optic,Yes,No,Yes,Yes,Yes,No,Month-to-month,Yes,Electronic check,47.05,1971.27,Yes
CUST-02496,Female,0,Yes,No,25,Yes,No,Fiber optic,No,No,Yes,No,No,Yes,One year,No,Mailed check,27.75,672.89,No
CUST-02497,Male,0,Yes,No,23,Yes,No,Fiber optic,Yes,Yes,No,No,Yes,No,Month-to-month,Yes,Credit card (automatic),39.45,925.48,Yes
CUST-02498,Male,0,Yes,Yes,8,Yes,Yes,DSL,Yes,Yes,No,No,No,Yes,One year,Yes,Electronic check,51.77,404.76,Yes
CUST-02499,Female,0,Yes,Yes,19,Yes,Yes,No,Yes,Yes,Yes,Yes,Yes,No,Month-to-month,Yes,Mailed check,51.06,940.16,Yes
CUST-02500,Male,0,Yes,No,26,Yes,No,No,No,Yes,No,Yes,Yes,No,Month-to-month,Yes,Credit card (automatic),37.77,1001.85,Yes
CUST-02501,Male,0,No,No,60,Yes,No,Fiber optic,Yes,Yes,Yes,No,No,No,Month-to-month,Yes,Electronic check,54.15,3268.42,No
CUST-02502,Female,0,No,Yes,24,Yes,No,No,No,Yes,No,No,No,No,Month-to-month,Yes,Mailed check,51.24,1229.46,No
CUST-02503,Male,0,Yes,Yes,12,Yes,No,No,Yes,No,Yes,No,Yes,Yes,Two year,Yes,Electronic check,28.46,381.61,Yes
CUST-02504,Female,0,Yes,No,61,Yes,Yes,Fiber optic,No,Yes,Yes,Yes,Yes,No,Month-to-month,Yes,Credit card (automatic),50.11,3045.38,No
CUST-02505,Female,0,Yes,No,25,Yes,No,Fiber optic,No,Yes,No,No,Yes,Yes,One year,No,Bank transfer (automatic),39.1,973.83,Yes
CUST-02506,Female,0,Yes,Yes,66,Yes,Yes,No,No,No,No,No,No,No,Month-to-month,Yes,Credit card (automatic),46.31,3064.35,No
CUST-02507,Female,0,Yes,No,8,Yes,Yes,No,Yes,No,Yes,No,No,No,Month-to-month,Yes,Credit card (automatic),46.53,385.11,Yes
CUST-02508,Male,0,No,No,2,Yes,Yes,Fiber optic,Yes,No,No,No,No,No,One year,Yes,Bank transfer (automatic),28.45,19.94,Yes
CUST-02509,Female,0,Yes,No,66,Yes,No,DSL,Yes,Yes,Yes,No,Yes,Yes,Month-to-month,No,Electronic check,42.34,2869.93,No
CUST-02510,Female,0,Yes,No,7,Yes,No,DSL,No,No,Yes,No,Yes,Yes,One year,Yes,Mailed check,39.67,304.58,Yes
CUST-02511,Female,0,No,Yes,1,Yes,Yes,Fiber optic,No,Yes,Yes,No,Yes,No,Month-to-month,Yes,Electronic check,56.84,56.91,Yes
CUST-02512,Male,0,Yes,Yes,46,No,Yes,No,Yes,No,No,Yes,No,Yes,Month-to-month,Yes,Mailed check,26.36,1213.48,Yes
CUST-02513,Male,0,Yes,No,23,Yes,Yes,DSL,No,No,Yes,Yes,No,No,One year,Yes,Credit card (automatic),45.51,1043.69,No
CUST-02514,Male,0,Yes,No,35,Yes,Yes,No,Yes,No,Yes,No,Yes,Yes,One year,Yes,Mailed check,37.83,1382.53,No
CUST-02515,Female,0,No,No,29,Yes,No,DSL,No,No,Yes,No,Yes,Yes,Two year,Yes,Electronic check,22.82,700.11,Yes
CUST-02516,Male,0,Yes,No,22,Yes,No,Fiber optic,No,Yes,No,No,No,Yes,One year,Yes,Electronic check,58.89,1320.97,Yes
CUST-02517,Male,0,No,No,35,Yes,No,No,No,Yes,Yes,No,Yes,Yes,Month-to-month,Yes,Bank transfer (automatic),48.41,1793.47,Yes
CUST-02518,Male,0,No,No,19,Yes,No,No,No,Yes,Yes,No,No,Yes,Two year,No,Credit card (automatic),37.37,733.71,No
CUST-02519,Female,0,Yes,Yes,16,Yes,Yes,Fiber optic,No,Yes,No,Yes,No,No,One year,Yes,Bank transfer (automatic),40.13,606.09,No
CUST-02520,Male,0,No,No,16,Yes,Yes,No,Yes,Yes,No,No,No,Yes,Month-to-month,No,Bank transfer (automatic),40.39,675.85,Yes
CUST-02521,Female,1,Yes,No,9,Yes,No,No,Yes,No,Yes,No,No,Yes,One year,Yes,Electronic check,55.02,516.51,Yes
CUST-02522,Female,0,Yes,No,38,No,No,No,No,Yes,No,Yes,Yes,Yes,One year,Yes,Electronic check,41.48,1631.74,Yes
CUST-02523,Female,1,Yes,No,39,Yes,No,No,Yes,No,No,No,Yes,No,Two year,Yes,Electronic check,35.39,1410.03,Yes
CUST-02524,Female,0,No,No,2,Yes,No,Fiber optic,No,No,No,Yes,No,Yes,Month-to-month,Yes,Electronic check,50.9,107.32,Yes
CUST-02525,Female,0,Yes,No,33,Yes,Yes,DSL,Yes,No,Yes,No,Yes,No,One year,Yes,Credit card (automatic),18.0,632.56,Yes
CUST-02526,Female,0,Yes,No,53,Yes,Yes,DSL,Yes,No,No,No,Yes,No,One year,Yes,Bank transfer (automatic),41.81,2148.72,No
CUST-02527,Female,0,No,Yes,1,Yes,No,DSL,No,Yes,Yes,No,No,Yes,Month-to-month,No,Electronic check,56.55,75.71,Yes
CUST-02528,Male,0,Yes,No,22,Yes,Yes,DSL,Yes,No,No,No,Yes,No,Month-to-month,Yes,Mailed check,50.47,1133.18,Yes
CUST-02529,Female,0,No,No,69,Yes,No,DSL,No,No,No,Yes,No,No,Month-to-month,Yes,Bank transfer (automatic),49.13,3336.63,No
CUST-02530,Male,0,No,No,31,Yes,Yes,DSL,No,No,No,No,No,No,Month-to-month,Yes,Credit card (automatic),39.09,1216.74,No
CUST-02531,Male,0,No,No,2,Yes,Yes,Fiber optic,Yes,No,No,Yes,Yes,Yes,Month-to-month,No,Electronic check,48.74,70.97,Yes
CUST-02532,Male,1,No,No,38,Yes,No,DSL,Yes,No,Yes,Yes,Yes,No,Two year,No,Electronic check,26.7,997.11,No
CUST-02533,Male,0,No,Yes,30,Yes,Yes,DSL,Yes,No,Yes,No,Yes,No,Month-to-month,Yes,Electronic check,33.84,1052.16,No
CUST-02534,Female,0,Yes,Yes,16,Yes,No,DSL,No,Yes,No,Yes,Yes,Yes,Two year,No,Electronic check,28.22,410.21,No
CUST-02535,Male,0,No,No,6,Yes,Yes,DSL,No,Yes,Yes,No,Yes,No,Month-to-month,Yes,Electronic check,55.86,326.09,Yes
CUST-02536,Male,0,No,Yes,63,Yes,No,Fiber optic,No,Yes,No,No,No,No,Month-to-month,No,Credit card (automatic),51.38,3199.88,Yes
CUST-02537,Female,1,No,No,58,Yes,No,No,Yes,No,No,No,No,No,One year,No,Credit card (automatic),35.65,2076.72,Yes
CUST-02538,Female,0,No,Yes,49,Yes,Yes,Fiber optic,Yes,Yes,No,No,Yes,No,Two year,No,Bank transfer (automatic),26.47,1310.4,Yes
CUST-02539,Male,1,No,No,2,Yes,No,Fiber optic,Yes,No,No,No,No,Yes,Month-to-month,Yes,Bank transfer (automatic),61.16,70.79,Yes
CUST-02540,Female,0,No,No,62,No,No,No,Yes,Yes,Yes,No,Yes,No,One year,No,Mailed check,31.46,1936.87,No
CUST-02541,Female,0,Yes,No,34,Yes,Yes,Fiber optic,No,No,Yes,Yes,Yes,Yes,Two year,No,Bank transfer (automatic),21.45,721.76,Yes
CUST-02542,Male,0,Yes,No,34,Yes,No,DSL,No,No,No,Yes,No,No,Month-to-month,Yes,Credit card (automatic),44.68,1523.79,No
CUST-02543,Male,0,No,Yes,63,Yes,Yes,DSL,Yes,No,No,Yes,Yes,No,Month-to-month,No,Credit card (automatic),42.02,2685.19,No
CUST-02544,Female,0,No,No,31,Yes,Yes,Fiber optic,No,Yes,No,No,No,No,Month-to-month,No,Electronic check,57.02,1729.33,Yes
CUST-02545,Male,0,Yes,No,17,Yes,No,Fiber optic,No,No,Yes,Yes,Yes,Yes,Month-to-month,Yes,Credit card (automatic),38.85,644.14,Yes
CUST-02546,Female,1,Yes,No,17,Yes,Yes,No,No,Yes,No,No,No,Yes,Month-to-month,No,Electronic check,42.72,778.66,Yes
CUST-02547,Male,0,No,Yes,66,Yes,No,DSL,No,No,Yes,Yes,No,No,One year,Yes,Electronic check,54.83,3650.08,Yes
CUST-02548,Male,0,Yes,No,39,Yes,No,No,No,No,No,Yes,No,Yes,Month-to-month,No,Electronic check,34.04,1289.07,Yes
CUST-02549,Female,0,No,No,42,Yes,No,Fiber optic,Yes,No,Yes,No,No,Yes,One year,Yes,Mailed check,38.74,1622.51,Yes
CUST-02550,Female,1,No,No,43,Yes,Yes,No,Yes,No,Yes,Yes,Yes,No,Month-to-month,No,Electronic check,23.1,1009.92,Yes
CUST-02551,Male,0,Yes,No,16,Yes,No,Fiber optic,Yes,Yes,Yes,Yes,No,Yes,Month-to-month,Yes,Credit card (automatic),56.79,944.13,Yes
CUST-02552,Female,0,Yes,No,30,Yes,No,DSL,Yes,No,Yes,No,Yes,No,Two year,Yes,Mailed check,38.62,1171.37,No
CUST-02553,Female,0,No,No,68,Yes,No,DSL,No,No,No,Yes,Yes,No,One year,Yes,Mailed check,47.12,3220.53,No
CUST-02554,Female,0,Yes,No,11,Yes,Yes,DSL,No,No,No,No,Yes,No,Month-to-month,No,Credit card (automatic),37.38,428.51,Yes
CUST-02555,Male,0,No,No,68,Yes,No,DSL,No,No,No,No,No,No,Month-to-month,Yes,Bank transfer (automatic),52.06,3541.86,Yes
CUST-02556,Female,0,Yes,No,20,Yes,No,No,Yes,No,Yes,Yes,No,Yes,Month-to-month,Yes,Bank transfer (automatic),32.98,596.28,Yes
CUST-02557,Male,0,Yes,No,21,Yes,No,DSL,Yes,Yes,No,Yes,Yes,Yes,One year,Yes,Electronic check,51.7,1065.58,No
CUST-02558,Male,0,Yes,No,2,No,No,DSL,No,Yes,Yes,No,No,Yes,One year,No,Electronic check,23.02,95.52,Yes
CUST-02559,Female,0,No,No,48,Yes,Yes,DSL,Yes,No,No,No,Yes,No,One year,No,Electronic check,44.15,2153.68,No
CUST-02560,Male,0,No,Yes,23,No,No,Fiber optic,Yes,No,No,No,No,Yes,One year,Yes,Credit card (automatic),41.6,956.19,Yes
CUST-02561,Male,0,No,Yes,33,Yes,No,DSL,Yes,No,Yes,Yes,No,No,Month-to-month,No,Mailed check,42.76,1401.35,No
CUST-02562,Female,0,Yes,No,42,Yes,No,DSL,No,Yes,No,Yes,Yes,Yes,Month-to-month,No,Electronic check,45.81,1894.35,Yes
CUST-02563,Male,0,No,No,46,Yes,Yes,No,Yes,No,No,No,No,No,Two year,Yes,Mailed check,34.47,1551.05,Yes
CUST-02564,Female,0,Yes,Yes,68,Yes,No,DSL,No,No,No,No,No,Yes,Month-to-month,Yes,Electronic check,66.76,4577.59,Yes
CUST-02565,Female,1,No,No,40,Yes,No,No,No,Yes,No,Yes,No,No,Month-to-month,Yes,Bank transfer (automatic),57.53,2288.54,No
CUST-02566,Female,0,No,No,13,Yes,Yes,DSL,No,No,No,No,No,No,Two year,Yes,Mailed check,40.48,538.05,No
CUST-02567,Male,0,Yes,No,50,Yes,Yes,Fiber optic,No,No,Yes,No,Yes,Yes,Month-to-month,Yes,Electronic check,55.55,2873.76,Yes
CUST-02568,Male,0,No,No,4,Yes,No,Fiber optic,No,No,No,No,Yes,No,Month-to-month,Yes,Credit card (automatic),65.27,265.14,Yes
CUST-02569,Female,0,Yes,Yes,60,No,No,DSL,Yes,Yes,No,No,No,Yes,Month-to-month,No,Mailed check,48.85,2900.86,No
CUST-02570,Male,0,Yes,No,22,Yes,No,Fiber optic,Yes,No,Yes,No,Yes,Yes,Month-to-month,Yes,Mailed check,49.34,1120.52,Yes
CUST-02571,Male,0,No,Yes,52,Yes,Yes,Fiber optic,Yes,Yes,Yes,Yes,Yes,No,Month-to-month,Yes,Bank transfer (automatic),45.45,2406.46,Yes
CUST-02572,Male,0,No,No,12,Yes,No,Fiber optic,No,No,Yes,Yes,Yes,Yes,One year,Yes,Bank transfer (automatic),33.79,327.77,Yes
CUST-02573,Male,0,Yes,Yes,29,Yes,No,No,Yes,No,Yes,No,No,Yes,Month-to-month,Yes,Electronic check,50.98,1528.32,Yes
CUST-02574,Female,0,No,No,50,Yes,No,No,No,No,No,No,No,Yes,Two year,Yes,Mailed check,33.24,1625.92,No
CUST-02575,Male,1,Yes,No,45,Yes,No,DSL,Yes,No,No,No,No,No,Month-to-month,Yes,Credit card (automatic),50.84,2352.33,Yes
CUST-02576,Female,0,No,No,1,Yes,Yes,Fiber optic,No,No,No,No,No,No,Month-to-month,Yes,Credit card (automatic),69.46,120.47,Yes
CUST-02577,Female,0,No,No,3,Yes,No,DSL,No,Yes,No,No,No,Yes,One year,Yes,Electronic check,56.36,174.27,Yes
CUST-02578,Female,0,Yes,No,70,Yes,No,DSL,No,No,No,Yes,No,Yes,Month-to-month,No,Electronic check,49.91,3459.89,No
CUST-02579,Male,0,No,No,38,Yes,Yes,DSL,No,No,Yes,Yes,Yes,No,Month-to-month,No,Electronic check,41.16,1608.03,Yes
CUST-02580,Male,0,No,Yes,61,Yes,Yes,Fiber optic,Yes,Yes,Yes,No,No,No,One year,Yes,Credit card (automatic),36.72,2256.69,Yes
CUST-02581,Female,0,Yes,No,6,Yes,Yes,Fiber optic,Yes,Yes,Yes,No,No,Yes,Month-to-month,Yes,Credit card (automatic),58.96,322.8,Yes
CUST-02582,Female,0,Yes,No,35,Yes,Yes,Fiber optic,No,No,No,No,No,Yes,Month-to-month,Yes,Mailed check,56.63,2003.01,Yes
CUST-02583,Female,0,Yes,No,41,No,No,No,No,Yes,No,Yes,No,No,Month-to-month,Yes,Bank transfer (automatic),46.08,1844.12,No
CUST-02584,Male,0,No,No,66,Yes,No,Fiber optic,Yes,Yes,No,No,No,Yes,Month-to-month,Yes,Electronic check,42.61,2822.99,Yes
CUST-02585,Female,1,No,No,51,Yes,Yes,DSL,No,Yes,Yes,Yes,Yes,No,Two year,Yes,Bank transfer (automatic),25.56,1315.06,No
CUST-02586,Male,0,No,No,45,Yes,Yes,DSL,No,No,No,No,No,No,Month-to-month,No,Electronic check,40.81,1855.57,No
CUST-02587,Female,0,No,Yes,21,Yes,No,Fiber optic,Yes,Yes,Yes,Yes,Yes,No,Month-to-month,No,Electronic check,53.14,1164.37,Yes
CUST-02588,Female,0,No,No,71,Yes,No,DSL,No,No,Yes,No,No,No,One year,No,Mailed check,31.39,2208.89,No
CUST-02589,Male,1,Yes,Yes,24,Yes,No,DSL,No,Yes,No,No,No,No,Month-to-month,Yes,Credit card (automatic),60.14,1417.77,No
CUST-02590,Female,0,Yes,No,20,Yes,No,DSL,Yes,Yes,No,No,Yes,No,Two year,No,Electronic check,25.22,505.49,Yes
CUST-02591,Female,0,No,No,52,Yes,Yes,Fiber optic,No,Yes,No,Yes,Yes,No,Month-to-month,Yes,Electronic check,43.83,2311.77,Yes
CUST-02592,Female,0,Yes,No,71,Yes,Yes,Fiber optic,Yes,Yes,No,No,Yes,No,Month-to-month,Yes,Bank transfer (automatic),45.04,3189.45,No
CUST-02593,Male,0,Yes,Yes,61,Yes,No,Fiber optic,No,Yes,No,Yes,No,Yes,One year,Yes,Electronic check,38.85,2305.57,Yes
CUST-02594,Female,0,No,No,13,Yes,Yes,Fiber optic,No,Yes,No,Yes,No,No,Month-to-month,No,Electronic check,44.2,564.06,Yes
CUST-02595,Female,1,No,No,58,Yes,Yes,No,Yes,No,No,No,Yes,Yes,Two year,No,Mailed check,29.81,1735.34,No
CUST-02596,Female,0,No,No,26,Yes,No,No,No,Yes,No,Yes,Yes,Yes,One year,Yes,Electronic check,42.09,1063.23,No
CUST-02597,Male,0,Yes,No,16,Yes,No,DSL,No,Yes,No,No,Yes,Yes,Month-to-month,No,Electronic check,36.04,482.61,Yes
CUST-02598,Male,0,No,No,67,No,Yes,Fiber optic,No,Yes,No,No,Yes,No,Month-to-month,Yes,Credit card (automatic),43.86,2951.09,Yes
CUST-02599,Male,0,Yes,No,68,Yes,No,DSL,Yes,No,No,No,No,No,Month-to-month,Yes,Bank transfer (automatic),45.84,3064.79,No
CUST-02600,Female,1,Yes,Yes,27,Yes,Yes,No,Yes,Yes,Yes,Yes,No,No,Month-to-month,Yes,Bank transfer (automatic),42.92,1197.56,Yes
CUST-02601,Male,0,No,No,2,Yes,No,Fiber optic,No,No,No,No,Yes,No,Month-to-month,Yes,Electronic check,51.5,195.15,Yes
CUST-02602,Female,0,No,No,15,Yes,Yes,DSL,Yes,No,Yes,Yes,No,Yes,Month-to-month,Yes,Bank transfer (automatic),39.69,559.59,Yes
CUST-02603,Male,0,No,No,39,Yes,No,Fiber optic,Yes,Yes,No,No,No,Yes,One year,No,Electronic check,29.26,1155.21,Yes
CUST-02604,Male,0,No,Yes,5,Yes,No,Fiber optic,Yes,Yes,No,No,No,Yes,One year,No,Credit card (automatic),54.29,283.41,Yes
CUST-02605,Male,0,No,No,17,Yes,Yes,No,No,No,Yes,No,Yes,Yes,Month-to-month,No,Bank transfer (automatic),49.63,782.32,Yes
CUST-02606,Male,0,Yes,No,11,Yes,No,DSL,Yes,No,No,Yes,No,No,Month-to-month,Yes,Bank transfer (automatic),63.68,603.54,Yes
CUST-02607,Male,0,Yes,No,68,Yes,No,DSL,Yes,No,No,Yes,Yes,Yes,Month-to-month,Yes,Electronic check,43.81,2924.85,No
CUST-02608,Female,0,No,Yes,26,No,No,No,No,Yes,Yes,Yes,Yes,No,Two year,Yes,Mailed check,29.22,747.58,No
CUST-02609,Male,0,No,No,27,Yes,No,Fiber optic,Yes,Yes,No,Yes,Yes,Yes,Month-to-month,Yes,Electronic check,44.12,1288.79,Yes
CUST-02610,Male,0,Yes,No,30,Yes,No,DSL,Yes,Yes,Yes,Yes,Yes,Yes,One year,Yes,Electronic check,42.67,1303.01,Yes
CUST-02611,Male,0,Yes,Yes,1,Yes,No,Fiber optic,Yes,Yes,No,No,No,Yes,Month-to-month,Yes,Electronic check,52.42,17.05,Yes
CUST-02612,Male,0,Yes,No,39,Yes,No,Fiber optic,Yes,No,No,Yes,No,No,One year,Yes,Electronic check,33.32,1263.72,Yes
CUST-02613,Female,0,Yes,No,65,Yes,No,DSL,Yes,Yes,Yes,Yes,Yes,Yes,Month-to-month,Yes,Electronic check,53.59,3455.96,Yes
CUST-02614,Male,1,No,No,58,Yes,No,DSL,Yes,Yes,Yes,No,Yes,Yes,Month-to-month,No,Bank transfer (automatic),38.81,2175.82,No
CUST-02615,Female,0,Yes,Yes,18,Yes,Yes,DSL,No,Yes,Yes,No,Yes,Yes,Month-to-month,Yes,Electronic check,53.6,929.4,Yes
CUST-02616,Male,1,Yes,No,1,Yes,No,DSL,Yes,No,No,Yes,No,Yes,Two year,Yes,Credit card (automatic),37.26,55.7,Yes
CUST-02617,Male,0,No,Yes,55,Yes,Yes,Fiber optic,Yes,No,Yes,No,Yes,No,Month-to-month,Yes,Mailed check,49.8,2729.94,No
CUST-02618,Female,0,No,No,60,Yes,No,DSL,No,Yes,No,Yes,Yes,No,Month-to-month,Yes,Mailed check,26.01,1544.28,Yes
CUST-02619,Male,0,Yes,No,66,Yes,No,Fiber optic,No,Yes,Yes,No,No,Yes,Month-to-month,No,Mailed check,33.79,2263.49,Yes
CUST-02620,Male,0,Yes,No,41,Yes,No,Fiber optic,Yes,Yes,No,No,Yes,Yes,One year,Yes,Mailed check,52.74,2117.27,No
CUST-02621,Male,0,Yes,Yes,34,Yes,No,Fiber optic,No,Yes,No,No,Yes,No,Month-to-month,Yes,Electronic check,54.63,1874.56,Yes
CUST-02622,Female,0,Yes,No,54,Yes,No,DSL,No,No,No,Yes,No,Yes,Month-to-month,Yes,Mailed check,43.3,2292.58,Yes
CUST-02623,Female,0,Yes,Yes,50,Yes,Yes,Fiber optic,No,No,No,No,Yes,Yes,Month-to-month,Yes,Electronic check,59.88,3027.23,Yes
CUST-02624,Male,0,Yes,No,54,Yes,No,DSL,No,No,No,No,Yes,Yes,Month-to-month,Yes,Mailed check,39.0,2108.56,Yes
CUST-02625,Male,0,Yes,No,21,Yes,No,No,Yes,No,No,No,Yes,No,One year,No,Mailed check,23.44,498.79,No
CUST-02626,Male,0,Yes,No,65,Yes,Yes,DSL,Yes,No,Yes,Yes,Yes,No,Month-to-month,No,Electronic check,29.57,1916.66,No
CUST-02627,Male,0,Yes,No,3,Yes,No,No,No,No,Yes,Yes,No,Yes,Month-to-month,Yes,Bank transfer (automatic),37.93,135.56,Yes
CUST-02628,Female,0,No,Yes,7,Yes,Yes,Fiber optic,No,Yes,Yes,No,No,Yes,Two year,Yes,Credit card (automatic),37.99,231.8,Yes
CUST-02629,Male,1,Yes,Yes,47,Yes,No,No,No,No,Yes,Yes,No,No,One year,Yes,Electronic check,34.41,1657.71,Yes
CUST-02630,Female,1,Yes,No,41,Yes,No,No,Yes,No,No,Yes,Yes,Yes,Two year,Yes,Mailed check,19.19,776.54,No
CUST-02631,Male,0,No,No,40,Yes,No,No,No,Yes,No,Yes,Yes,Yes,Month-to-month,Yes,Credit card (automatic),47.37,1914.56,Yes
CUST-02632,Male,0,Yes,Yes,65,Yes,No,Fiber optic,No,Yes,No,Yes,No,Yes,Two year,Yes,Credit card (automatic),45.79,3002.74,Yes
CUST-02633,Male,0,Yes,No,62,Yes,No,DSL,No,No,Yes,No,Yes,Yes,One year,Yes,Electronic check,32.52,1985.64,No
CUST-02634,Male,0,No,No,52,Yes,Yes,Fiber optic,No,No,No,No,Yes,Yes,Month-to-month,Yes,Electronic check,39.81,2089.89,Yes
CUST-02635,Female,1,No,No,12,Yes,No,DSL,Yes,Yes,No,Yes,Yes,Yes,Month-to-month,Yes,Electronic check,48.98,557.99,No
CUST-02636,Female,0,Yes,No,7,Yes,Yes,DSL,Yes,Yes,Yes,No,No,No,Month-to-month,No,Bank transfer (automatic),55.61,325.66,No
CUST-02637,Female,0,No,Yes,10,Yes,No,No,No,No,No,No,No,Yes,Two year,No,Credit card (automatic),22.36,231.33,No
CUST-02638,Male,0,No,Yes,44,Yes,No,Fiber optic,Yes,No,Yes,No,Yes,No,One year,Yes,Electronic check,32.58,1520.08,Yes
CUST-02639,Female,0,Yes,No,51,Yes,No,DSL,No,No,Yes,No,Yes,No,One year,Yes,Bank transfer (automatic),18.0,891.8,No
CUST-02640,Male,0,Yes,No,57,Yes,Yes,No,No,No,Yes,No,No,No,Two year,Yes,Bank transfer (automatic),34.57,1990.95,No
CUST-02641,Female,0,Yes,No,8,Yes,No,DSL,No,No,Yes,Yes,Yes,No,Month-to-month,Yes,Electronic check,43.0,376.76,Yes
CUST-02642,Female,0,No,No,20,Yes,Yes,No,Yes,Yes,Yes,No,Yes,No,Month-to-month,Yes,Electronic check,56.54,1084.42,Yes
CUST-02643,Female,0,Yes,Yes,24,Yes,No,Fiber optic,No,Yes,No,No,Yes,Yes,Month-to-month,Yes,Electronic check,60.8,1434.46,Yes
CUST-02644,Female,1,Yes,No,45,No,Yes,DSL,Yes,Yes,Yes,Yes,Yes,Yes,Two year,No,Mailed check,38.96,1803.18,No
CUST-02645,Female,0,Yes,No,4,Yes,Yes,DSL,No,No,Yes,No,Yes,Yes,One year,Yes,Electronic check,56.27,251.28,Yes
CUST-02646,Female,0,No,Yes,60,No,Yes,No,No,No,No,No,No,No,Month-to-month,Yes,Electronic check,35.83,2152.62,No
CUST-02647,Male,1,Yes,No,6,Yes,Yes,DSL,No,No,No,No,Yes,Yes,Two year,Yes,Credit card (automatic),38.77,169.54,No
CUST-02648,Male,0,Yes,No,38,Yes,No,No,No,No,Yes,No,Yes,Yes,Month-to-month,Yes,Electronic check,56.11,2109.09,Yes
CUST-02649,Male,1,Yes,No,67,Yes,Yes,Fiber optic,No,No,No,No,No,Yes,Month-to-month,No,Electronic check,41.05,2771.18,Yes
CUST-02650,Female,0,No,No,14,Yes,No,DSL,No,Yes,Yes,Yes,No,No,Month-to-month,Yes,Bank transfer (automatic),39.98,433.98,No
CUST-02651,Male,0,Yes,Yes,49,Yes,No,Fiber optic,No,Yes,Yes,No,No,Yes,Month-to-month,No,Credit card (automatic),43.56,2166.92,Yes
CUST-02652,Male,0,No,No,40,Yes,Yes,Fiber optic,No,No,No,Yes,Yes,No,Two year,Yes,Bank transfer (automatic),35.1,1449.27,No
CUST-02653,Male,0,Yes,No,59,Yes,Yes,Fiber optic,No,No,No,No,Yes,No,Month-to-month,No,Bank transfer (automatic),46.87,2837.35,Yes
CUST-02654,Female,0,Yes,Yes,42,Yes,No,Fiber optic,No,No,No,Yes,Yes,No,One year,Yes,Electronic check,37.56,1628.47,No
CUST-02655,Male,0,Yes,No,61,Yes,Yes,DSL,Yes,Yes,Yes,Yes,No,No,Month-to-month,No,Electronic check,33.01,2029.65,No
CUST-02656,Male,0,Yes,No,29,Yes,No,DSL,Yes,No,No,No,Yes,Yes,Month-to-month,No,Credit card (automatic),42.61,1266.83,Yes
CUST-02657,Female,0,Yes,No,12,Yes,No,No,No,No,Yes,No,No,Yes,Two year,Yes,Credit card (automatic),32.57,376.59,Yes
CUST-02658,Female,0,No,No,49,Yes,No,Fiber optic,Yes,Yes,Yes,No,No,Yes,One year,Yes,Electronic check,59.91,2913.49,Yes
CUST-02659,Male,0,Yes,No,69,Yes,Yes,Fiber optic,No,No,No,Yes,Yes,No,Two year,Yes,Credit card (automatic),26.62,1854.28,No
CUST-02660,Female,0,No,Yes,31,Yes,Yes,Fiber optic,No,No,No,No,No,Yes,Month-to-month,Yes,Electronic check,56.03,1704.0,Yes
CUST-02661,Female,1,Yes,Yes,59,Yes,Yes,Fiber optic,Yes,Yes,No,No,No,Yes,Month-to-month,Yes,Electronic check,43.4,2543.51,Yes
CUST-02662,Male,1,No,Yes,63,Yes,No,DSL,No,No,Yes,No,Yes,Yes,Month-to-month,No,Bank transfer (automatic),43.43,2823.72,Yes
CUST-02663,Female,0,Yes,No,46,Yes,Yes,No,Yes,No,No,No,No,Yes,Month-to-month,No,Mailed check,35.84,1619.05,Yes
CUST-02664,Female,0,No,No,57,Yes,No,Fiber optic,No,No,No,No,No,Yes,Month-to-month,No,Electronic check,52.2,2984.86,Yes
CUST-02665,Female,0,Yes,No,40,Yes,No,No,Yes,No,No,No,No,No,Month-to-month,No,Mailed check,30.29,1146.63,No
CUST-02666,Male,0,No,Yes,58,Yes,Yes,No,Yes,Yes,Yes,No,Yes,No,Month-to-month,No,Bank transfer (automatic),22.79,1288.92,No
CUST-02667,Female,0,No,Yes,24,Yes,Yes,Fiber optic,Yes,Yes,Yes,No,No,No,Month-to-month,No,Mailed check,55.71,1304.49,Yes
CUST-02668,Male,0,No,No,38,Yes,Yes,Fiber optic,No,No,No,No,Yes,No,Month-to-month,No,Electronic check,56.7,2149.6,Yes
CUST-02669,Female,0,No,Yes,6,Yes,Yes,DSL,No,No,No,No,Yes,No,Month-to-month,Yes,Credit card (automatic),57.04,307.04,Yes
CUST-02670,Male,0,Yes,No,14,Yes,No,DSL,No,No,No,Yes,Yes,Yes,Month-to-month,Yes,Credit card (automatic),50.11,690.06,Yes
CUST-02671,Male,0,Yes,No,42,Yes,No,Fiber optic,Yes,No,Yes,No,No,Yes,Two year,Yes,Credit card (automatic),34.8,1441.16,No
CUST-02672,Male,0,Yes,No,52,Yes,Yes,DSL,No,Yes,No,Yes,Yes,Yes,Month-to-month,No,Bank transfer (automatic),42.39,2196.18,No
CUST-02673,Male,0,No,No,3,Yes,No,DSL,No,No,Yes,Yes,No,No,One year,Yes,Credit card (automatic),31.75,28.41,Yes
CUST-02674,Female,0,Yes,No,5,Yes,Yes,Fiber optic,No,Yes,No,No,Yes,Yes,Month-to-month,Yes,Credit card (automatic),51.16,193.06,Yes
CUST-02675,Male,0,Yes,Yes,1,Yes,No,DSL,Yes,Yes,Yes,No,No,Yes,Month-to-month,No,Mailed check,51.08,81.89,No
CUST-02676,Male,0,No,No,37,Yes,No,DSL,No,Yes,No,No,Yes,Yes,One year,Yes,Mailed check,51.24,1872.51,Yes
CUST-02677,Male,0,Yes,Yes,24,Yes,Yes,Fiber optic,No,No,No,Yes,Yes,Yes,One year,Yes,Bank transfer (automatic),45.13,1090.62,Yes
CUST-02678,Male,0,No,Yes,4,Yes,Yes,DSL,No,Yes,Yes,Yes,Yes,Yes,Month-to-month,No,Electronic check,22.05,103.4,No
CUST-02679,Male,0,Yes,No,57,Yes,No,DSL,Yes,Yes,No,Yes,Yes,Yes,Month-to-month,Yes,Electronic check,45.84,2615.4,No
CUST-02680,Female,0,No,Yes,38,Yes,No,DSL,Yes,No,Yes,No,No,Yes,One year,Yes,Credit card (automatic),44.35,1631.03,No
CUST-02681,Female,0,No,No,1,Yes,No,Fiber optic,Yes,No,Yes,No,No,No,Month-to-month,No,Mailed check,44.57,-37.99,Yes
CUST-02682,Female,0,No,No,49,Yes,No,No,No,Yes,Yes,No,No,No,Month-to-month,Yes,Electronic check,38.97,1892.32,No
CUST-02683,Female,0,Yes,No,65,Yes,Yes,DSL,No,Yes,No,No,Yes,Yes,Month-to-month,Yes,Credit card (automatic),51.19,3328.21,No
CUST-02684,Male,0,Yes,No,30,Yes,No,Fiber optic,No,No,Yes,Yes,No,No,Month-to-month,Yes,Credit card (automatic),45.16,1410.11,Yes
CUST-02685,Male,0,Yes,No,68,Yes,No,DSL,No,Yes,Yes,Yes,Yes,No,Two year,Yes,Bank transfer (automatic),26.11,1853.64,No
CUST-02686,Female,1,Yes,No,30,Yes,Yes,Fiber optic,Yes,Yes,No,No,No,Yes,Month-to-month,Yes,Credit card (automatic),38.64,1172.5,Yes
CUST-02687,Female,0,No,Yes,6,Yes,Yes,DSL,Yes,No,Yes,No,Yes,No,Month-to-month,No,Credit card (automatic),30.3,177.72,Yes
CUST-02688,Male,0,Yes,No,9,No,No,No,No,No,Yes,Yes,No,Yes,Month-to-month,No,Electronic check,53.69,479.17,Yes
CUST-02689,Male,1,Yes,Yes,5,Yes,Yes,Fiber optic,Yes,Yes,Yes,Yes,Yes,No,Month-to-month,No,Bank transfer (automatic),39.11,192.72,Yes
CUST-02690,Male,0,Yes,Yes,22,Yes,No,Fiber optic,No,No,Yes,No,No,Yes,Two year,Yes,Electronic check,58.15,1250.97,Yes
CUST-02691,Male,0,No,Yes,28,Yes,No,DSL,Yes,No,No,No,No,Yes,Month-to-month,No,Bank transfer (automatic),54.95,1591.92,Yes
CUST-02692,Male,0,Yes,No,32,Yes,Yes,No,No,No,No,No,No,No,Month-to-month,No,Electronic check,39.15,1235.33,Yes
CUST-02693,Male,0,Yes,No,35,Yes,No,DSL,Yes,No,No,Yes,No,No,One year,No,Electronic check,29.48,1044.6,No
CUST-02694,Female,0,Yes,Yes,62,Yes,Yes,Fiber optic,No,No,Yes,No,No,No,One year,No,Credit card (automatic),43.14,2686.88,No
CUST-02695,Male,1,Yes,No,1,Yes,Yes,Fiber optic,No,Yes,No,No,Yes,No,Month-to-month,Yes,Electronic check,74.22,-20.15,Yes
CUST-02696,Female,1,No,No,64,Yes,Yes,Fiber optic,Yes,Yes,Yes,Yes,Yes,Yes,Month-to-month,Yes,Credit card (automatic),48.35,3052.43,Yes
CUST-02697,Female,0,Yes,No,17,Yes,No,No,No,Yes,Yes,Yes,Yes,No,Month-to-month,Yes,Electronic check,42.79,740.45,Yes
CUST-02698,Female,0,No,Yes,68,Yes,No,Fiber optic,No,No,No,Yes,Yes,Yes,Month-to-month,No,Electronic check,42.91,2966.75,Yes
CUST-02699,Female,0,No,Yes,10,Yes,Yes,Fiber optic,No,No,No,No,Yes,Yes,Month-to-month,No,Electronic check,56.4,571.07,Yes
CUST-02700,Female,0,No,No,8,No,Yes,DSL,Yes,No,No,Yes,No,Yes,One year,Yes,Credit card (automatic),34.2,300.17,Yes
CUST-02701,Male,0,No,Yes,9,Yes,Yes,DSL,No,Yes,Yes,No,No,Yes,One year,Yes,Mailed check,52.26,425.86,No
CUST-02702,Male,0,No,No,22,Yes,No,Fiber optic,Yes,No,Yes,No,Yes,Yes,One year,Yes,Mailed check,35.45,780.98,Yes
CUST-02703,Female,0,Yes,No,67,Yes,Yes,Fiber optic,Yes,No,No,No,No,No,Month-to-month,No,Credit card (automatic),46.17,3046.33,No
CUST-02704,Male,0,Yes,No,33,Yes,No,Fiber optic,No,Yes,No,No,No,Yes,Month-to-month,Yes,Mailed check,56.1,1882.29,Yes
CUST-02705,Female,0,No,Yes,12,Yes,No,Fiber optic,No,No,No,Yes,No,No,Month-to-month,No,Credit card (automatic),44.08,530.67,Yes
CUST-02706,Female,0,No,No,46,No,No,Fiber optic,Yes,Yes,Yes,No,No,No,One year,No,Electronic check,37.19,1780.15,No
CUST-02707,Male,0,Yes,No,37,Yes,Yes,DSL,Yes,No,No,No,No,No,Month-to-month,Yes,Electronic check,46.31,1712.6,No
CUST-02708,Female,1,Yes,No,50,Yes,No,Fiber optic,Yes,No,Yes,Yes,Yes,No,One year,Yes,Credit card (automatic),31.53,1513.34,Yes
CUST-02709,Male,0,Yes,No,53,Yes,No,No,No,No,Yes,Yes,No,Yes,Month-to-month,No,Credit card (automatic),42.2,2249.71,No
CUST-02710,Male,0,Yes,No,56,Yes,Yes,DSL,No,No,No,No,Yes,No,One year,Yes,Bank transfer (automatic),35.45,1966.83,No
CUST-02711,Female,0,Yes,No,11,Yes,Yes,DSL,No,Yes,No,No,Yes,Yes,Month-to-month,No,Electronic check,48.49,571.47,Yes
CUST-02712,Female,0,Yes,Yes,36,No,No,Fiber optic,Yes,No,No,Yes,No,Yes,Month-to-month,Yes,Credit card (automatic),37.24,1311.52,Yes
CUST-02713,Male,1,Yes,No,45,Yes,Yes,DSL,Yes,Yes,Yes,No,Yes,No,Month-to-month,Yes,Electronic check,64.58,2956.12,Yes
CUST-02714,Male,1,No,No,40,Yes,Yes,Fiber optic,No,No,Yes,No,Yes,No,Month-to-month,Yes,Mailed check,57.86,2258.84,Yes
CUST-02715,Male,0,No,Yes,70,Yes,No,Fiber optic,Yes,No,No,Yes,Yes,Yes,Month-to-month,Yes,Credit card (automatic),31.32,2248.87,No
CUST-02716,Female,0,No,No,69,Yes,Yes,Fiber optic,Yes,Yes,No,Yes,Yes,Yes,One year,No,Mailed check,38.02,2568.48,No
CUST-02717,Female,0,No,No,58,Yes,Yes,No,Yes,No,No,No,Yes,Yes,One year,Yes,Credit card (automatic),29.63,1687.03,No
CUST-02718,Male,0,Yes,No,18,Yes,Yes,No,No,Yes,No,No,Yes,Yes,Month-to-month,Yes,Bank transfer (automatic),39.23,733.3,Yes
CUST-02719,Male,0,Yes,Yes,38,Yes,No,Fiber optic,No,No,No,No,Yes,Yes,One year,No,Credit card (automatic),30.14,1230.97,No
CUST-02720,Female,0,No,No,58,Yes,Yes,No,No,Yes,No,No,No,No,One year,Yes,Electronic check,45.65,2651.08,Yes
CUST-02721,Male,0,No,Yes,20,Yes,Yes,DSL,Yes,No,Yes,Yes,Yes,No,Month-to-month,Yes,Bank transfer (automatic),41.35,770.85,No
CUST-02722,Male,0,No,No,51,Yes,Yes,DSL,No,Yes,Yes,Yes,No,Yes,Month-to-month,Yes,Bank transfer (automatic),41.1,2002.59,Yes
CUST-02723,Female,0,No,No,18,Yes,No,Fiber optic,No,Yes,No,Yes,No,Yes,Month-to-month,Yes,Mailed check,50.27,942.95,Yes
CUST-02724,Female,0,No,No,10,Yes,No,Fiber optic,Yes,No,No,No,No,No,One year,Yes,Mailed check,51.51,581.01,Yes
CUST-02725,Male,0,No,No,18,No,Yes,DSL,No,Yes,Yes,Yes,Yes,No,Month-to-month,No,Credit card (automatic),58.99,1105.54,No
CUST-02726,Male,0,No,No,66,Yes,No,DSL,No,No,No,No,No,No,Month-to-month,Yes,Electronic check,44.89,2969.47,No
CUST-02727,Female,0,No,No,71,Yes,Yes,DSL,Yes,No,Yes,No,Yes,No,Month-to-month,Yes,Electronic check,43.1,3029.54,No
CUST-02728,Female,0,Yes,No,61,No,No,DSL,No,Yes,No,No,No,No,One year,No,Mailed check,31.85,1963.34,Yes
CUST-02729,Male,0,Yes,Yes,20,Yes,Yes,DSL,No,Yes,No,Yes,Yes,Yes,Month-to-month,Yes,Credit card (automatic),50.14,1016.78,No
CUST-02730,Female,0,Yes,No,56,Yes,No,No,No,No,No,Yes,Yes,No,Two year,No,Credit card (automatic),33.78,1970.76,No
CUST-02731,Male,0,No,No,16,Yes,Yes,No,No,No,Yes,No,Yes,No,One year,Yes,Credit card (automatic),31.54,525.3,Yes
CUST-02732,Male,1,No,No,10,Yes,Yes,Fiber optic,No,Yes,No,Yes,No,No,Month-to-month,Yes,Bank transfer (automatic),74.4,779.4,No
CUST-02733,Male,0,Yes,Yes,19,Yes,No,Fiber optic,No,Yes,Yes,No,Yes,Yes,Two year,No,Electronic check,30.57,576.01,No
CUST-02734,Female,0,Yes,No,10,Yes,No,DSL,Yes,No,No,No,Yes,No,One year,Yes,Bank transfer (automatic),46.13,421.77,No
CUST-02735,Female,0,No,Yes,46,No,Yes,Fiber optic,No,No,Yes,No,Yes,Yes,Month-to-month,Yes,Bank transfer (automatic),54.51,2505.81,Yes
CUST-02736,Female,0,Yes,No,49,Yes,Yes,Fiber optic,No,No,Yes,No,No,Yes,Month-to-month,No,Mailed check,33.29,1534.37,Yes
CUST-02737,Male,0,No,No,3,Yes,No,Fiber optic,No,Yes,No,Yes,Yes,No,Month-to-month,Yes,Credit card (automatic),53.16,158.63,Yes
CUST-02738,Female,0,Yes,No,8,Yes,No,DSL,No,Yes,Yes,Yes,No,Yes,Month-to-month,No,Credit card (automatic),28.03,236.66,Yes
CUST-02739,Female,0,Yes,No,35,Yes,Yes,No,No,No,No,No,No,No,Two year,No,Credit card (automatic),24.87,847.97,Yes
CUST-02740,Female,0,Yes,Yes,9,Yes,Yes,No,No,Yes,No,Yes,No,Yes,Month-to-month,No,Electronic check,47.96,445.77,Yes
CUST-02741,Female,0,Yes,No,59,Yes,No,DSL,No,No,Yes,Yes,Yes,No,Month-to-month,Yes,Electronic check,46.13,2764.58,No
CUST-02742,Female,0,Yes,No,29,Yes,No,No,Yes,Yes,Yes,No,No,No,Month-to-month,No,Electronic check,53.96,1569.9,Yes
CUST-02743,Male,0,Yes,Yes,30,No,No,DSL,No,No,No,Yes,Yes,No,One year,Yes,Electronic check,35.46,1059.84,Yes
CUST-02744,Male,0,Yes,No,1,Yes,Yes,No,No,No,No,No,Yes,No,Two year,Yes,Bank transfer (automatic),41.41,25.59,Yes
CUST-02745,Female,0,Yes,No,50,No,Yes,Fiber optic,No,No,No,Yes,No,No,Month-to-month,Yes,Bank transfer (automatic),53.91,2685.13,Yes
CUST-02746,Female,0,No,No,52,Yes,No,Fiber optic,No,Yes,Yes,No,No,Yes,Month-to-month,No,Mailed check,42.54,2291.03,Yes
CUST-02747,Female,0,Yes,No,54,Yes,No,Fiber optic,No,Yes,Yes,Yes,No,No,One year,Yes,Bank transfer (automatic),37.96,2017.97,Yes
CUST-02748,Male,0,Yes,Yes,39,Yes,No,Fiber optic,No,No,Yes,No,No,No,Month-to-month,Yes,Electronic check,40.34,1547.8,Yes
CUST-02749,Female,0,Yes,No,20,Yes,No,No,No,No,Yes,Yes,Yes,Yes,Month-to-month,Yes,Credit card (automatic),30.06,638.97,No
CUST-02750,Male,0,No,Yes,6,Yes,Yes,No,No,No,No,Yes,Yes,Yes,Month-to-month,Yes,Electronic check,45.77,243.71,No
CUST-02751,Female,0,No,No,23,Yes,Yes,Fiber optic,No,No,Yes,No,No,Yes,Two year,Yes,Electronic check,56.64,1337.85,Yes
CUST-02752,Female,0,No,Yes,39,Yes,No,No,No,Yes,No,No,Yes,Yes,One year,Yes,Credit card (automatic),46.17,1763.16,Yes
CUST-02753,Male,0,No,No,9,Yes,No,Fiber optic,Yes,Yes,Yes,No,No,No,Month-to-month,Yes,Credit card (automatic),60.99,548.47,No
CUST-02754,Male,0,Yes,Yes,4,Yes,No,Fiber optic,No,No,No,No,Yes,Yes,One year,No,Electronic check,49.97,237.01,Yes
CUST-02755,Male,0,No,Yes,16,Yes,Yes,DSL,Yes,No,Yes,No,Yes,Yes,Two year,No,Electronic check,38.68,569.78,No
CUST-02756,Male,1,Yes,Yes,6,Yes,No,No,No,No,Yes,No,No,Yes,Two year,Yes,Bank transfer (automatic),36.21,246.56,Yes
CUST-02757,Male,0,No,No,2,Yes,No,Fiber optic,Yes,No,No,No,No,No,Month-to-month,Yes,Bank transfer (automatic),48.02,132.07,Yes
CUST-02758,Male,0,Yes,Yes,35,Yes,Yes,Fiber optic,No,Yes,No,No,No,Yes,Two year,Yes,Credit card (automatic),24.25,838.12,No
CUST-02759,Female,0,Yes,Yes,53,Yes,No,Fiber optic,Yes,No,No,Yes,No,No,One year,Yes,Electronic check,42.68,2313.28,Yes
CUST-02760,Female,0,No,Yes,36,Yes,Yes,No,No,Yes,No,No,No,No,Month-to-month,Yes,Credit card (automatic),50.27,1802.79,No
CUST-02761,Female,0,No,Yes,7,Yes,No,DSL,No,No,Yes,No,Yes,No,Month-to-month,No,Electronic check,44.07,304.36,No
CUST-02762,Female,0,No,No,25,No,No,Fiber optic,Yes,Yes,No,Yes,No,No,Two year,No,Electronic check,43.3,1111.11,Yes
CUST-02763,Female,0,Yes,No,3,Yes,Yes,Fiber optic,Yes,Yes,No,Yes,Yes,No,Month-to-month,No,Bank transfer (automatic),56.33,218.35,No
CUST-02764,Female,1,Yes,Yes,45,Yes,Yes,DSL,No,No,No,Yes,Yes,Yes,Month-to-month,No,Credit card (automatic),31.02,1282.83,No
CUST-02765,Female,0,Yes,Yes,17,Yes,Yes,DSL,Yes,No,No,No,No,No,Month-to-month,Yes,Mailed check,62.98,987.35,No
CUST-02766,Male,0,Yes,Yes,28,Yes,No,Fiber optic,No,No,No,No,Yes,No,Month-to-month,Yes,Electronic check,59.36,1610.57,Yes
CUST-02767,Female,0,Yes,No,65,Yes,No,DSL,No,No,Yes,No,Yes,No,Month-to-month,Yes,Bank transfer (automatic),54.41,3561.6,No
CUST-02768,Male,1,Yes,Yes,42,No,No,No,No,No,Yes,No,No,No,Month-to-month,Yes,Mailed check,39.0,1646.8,No
CUST-02769,Female,1,No,Yes,55,Yes,No,No,Yes,No,No,No,Yes,Yes,One year,Yes,Credit card (automatic),47.11,2515.7,Yes
CUST-02770,Male,0,Yes,Yes,25,Yes,No,DSL,No,No,No,No,Yes,Yes,Month-to-month,Yes,Mailed check,50.3,1335.09,Yes
CUST-02771,Male,1,No,No,67,Yes,No,Fiber optic,No,Yes,No,No,No,No,Two year,Yes,Bank transfer (automatic),36.15,2444.82,Yes
CUST-02772,Female,1,No,No,51,Yes,No,DSL,Yes,Yes,Yes,Yes,Yes,Yes,Two year,Yes,Credit card (automatic),20.7,1045.35,No
CUST-02773,Female,0,No,Yes,37,Yes,No,Fiber optic,No,Yes,Yes,No,No,Yes,Month-to-month,Yes,Electronic check,52.08,1947.08,Yes
CUST-02774,Male,1,Yes,No,42,Yes,No,Fiber optic,Yes,No,Yes,No,No,No,One year,Yes,Electronic check,51.73,2160.2,Yes
CUST-02775,Male,0,Yes,No,45,Yes,No,Fiber optic,No,Yes,No,No,Yes,No,One year,Yes,Bank transfer (automatic),40.62,1871.58,Yes
CUST-02776,Female,0,Yes,No,12,Yes,Yes,Fiber optic,Yes,Yes,Yes,No,Yes,Yes,Month-to-month,No,Bank transfer (automatic),46.21,608.48,Yes
CUST-02777,Male,0,No,Yes,18,Yes,Yes,Fiber optic,Yes,Yes,Yes,No,No,Yes,Month-to-month,Yes,Credit card (automatic),45.6,883.49,Yes
CUST-02778,Male,0,Yes,No,49,Yes,No,Fiber optic,Yes,Yes,No,Yes,No,No,One year,No,Electronic check,26.42,1314.05,No
CUST-02779,Female,0,Yes,No,32,Yes,No,No,No,No,No,No,No,No,Month-to-month,No,Mailed check,42.42,1361.89,Yes
CUST-02780,Female,0,No,No,56,Yes,Yes,No,No,Yes,No,No,No,No,Month-to-month,Yes,Electronic check,41.06,2340.75,Yes
CUST-02781,Female,1,No,No,38,Yes,No,Fiber optic,Yes,No,Yes,No,Yes,Yes,Month-to-month,Yes,Bank transfer (automatic),55.11,2162.19,Yes
CUST-02782,Male,0,No,Yes,5,Yes,Yes,DSL,Yes,No,No,No,No,Yes,One year,Yes,Electronic check,52.22,250.68,Yes
CUST-02783,Male,1,Yes,No,48,No,No,Fiber optic,No,No,No,Yes,Yes,No,Month-to-month,Yes,Mailed check,60.86,2979.56,Yes
CUST-02784,Male,0,No,No,44,Yes,Yes,No,Yes,Yes,Yes,No,Yes,No,One year,Yes,Mailed check,31.48,1363.17,No
CUST-02785,Male,0,Yes,Yes,26,Yes,No,Fiber optic,No,No,Yes,No,Yes,Yes,Month-to-month,No,Mailed check,45.66,1155.77,Yes
CUST-02786,Female,0,Yes,Yes,57,Yes,Yes,Fiber optic,No,No,No,No,Yes,Yes,One year,Yes,Electronic check,34.73,1994.52,Yes
CUST-02787,Female,0,No,No,25,Yes,No,DSL,No,Yes,No,No,No,No,Month-to-month,No,Bank transfer (automatic),36.56,884.58,Yes
CUST-02788,Female,0,No,Yes,9,Yes,No,Fiber optic,No,Yes,No,No,No,Yes,One year,Yes,Mailed check,45.95,337.7,No
CUST-02789,Female,0,Yes,No,9,Yes,No,Fiber optic,No,Yes,Yes,No,Yes,No,Two year,No,Electronic check,43.63,385.09,Yes
CUST-02790,Male,0,Yes,No,65,Yes,No,No,Yes,No,Yes,No,No,Yes,Month-to-month,Yes,Bank transfer (automatic),36.96,2499.24,Yes
CUST-02791,Male,0,Yes,No,27,Yes,Yes,DSL,No,Yes,Yes,No,No,No,Month-to-month,No,Credit card (automatic),37.49,938.01,Yes
CUST-02792,Female,0,No,Yes,30,Yes,No,DSL,Yes,No,No,No,No,Yes,One year,Yes,Credit card (automatic),37.95,1173.3,No
CUST-02793,Male,1,No,No,22,Yes,No,DSL,Yes,No,No,Yes,Yes,Yes,Two year,Yes,Credit card (automatic),30.11,652.41,No
CUST-02794,Male,0,Yes,No,53,Yes,No,Fiber optic,No,Yes,Yes,Yes,Yes,Yes,Month-to-month,Yes,Bank transfer (automatic),55.49,2912.98,Yes
CUST-02795,Female,0,Yes,No,43,Yes,No,Fiber optic,No,Yes,No,Yes,Yes,Yes,One year,No,Credit card (automatic),36.02,1515.23,Yes
CUST-02796,Male,0,No,Yes,64,Yes,Yes,DSL,No,No,No,No,Yes,No,Month-to-month,Yes,Bank transfer (automatic),39.23,2514.73,No
CUST-02797,Male,1,No,Yes,64,No,Yes,Fiber optic,No,Yes,Yes,No,No,Yes,Two year,Yes,Mailed check,48.67,3103.73,No
CUST-02798,Male,0,Yes,Yes,71,Yes,No,Fiber optic,Yes,Yes,Yes,No,Yes,Yes,One year,Yes,Electronic check,34.95,2505.76,Yes
CUST-02799,Male,0,No,Yes,24,Yes,No,Fiber optic,No,No,Yes,Yes,Yes,No,Two year,Yes,Bank transfer (automatic),33.87,901.41,Yes
CUST-02800,Female,0,No,No,42,Yes,Yes,Fiber optic,No,Yes,Yes,No,Yes,No,Month-to-month,Yes,Bank transfer (automatic),40.11,1694.0,Yes
CUST-02801,Male,0,Yes,Yes,25,Yes,No,Fiber optic,No,Yes,Yes,No,No,No,Month-to-month,Yes,Credit card (automatic),47.97,1174.96,Yes
CUST-02802,Female,0,No,Yes,51,Yes,Yes,Fiber optic,Yes,No,No,Yes,No,Yes,Month-to-month,Yes,Credit card (automatic),55.49,2845.68,Yes
CUST-02803,Male,0,No,No,54,Yes,No,DSL,No,No,No,No,Yes,No,Month-to-month,No,Mailed check,39.5,2107.4,Yes
CUST-02804,Female,0,No,Yes,18,No,No,Fiber optic,Yes,Yes,No,No,No,No,Month-to-month,Yes,Credit card (automatic),34.18,596.9,Yes
CUST-02805,Female,0,No,Yes,62,Yes,No,Fiber optic,Yes,No,No,No,Yes,Yes,Month-to-month,Yes,Electronic check,46.93,2882.44,Yes
CUST-02806,Male,0,No,No,21,Yes,No,DSL,No,No,Yes,No,Yes,No,Month-to-month,Yes,Electronic check,52.13,1132.9,Yes
CUST-02807,Female,1,Yes,No,70,No,Yes,No,Yes,Yes,No,No,No,No,Month-to-month,No,Mailed check,42.32,2997.41,No
CUST-02808,Female,0,Yes,No,61,Yes,No,Fiber optic,Yes,No,No,Yes,No,No,Month-to-month,Yes,Credit card (automatic),41.6,2530.7,No
CUST-02809,Male,0,No,No,2,Yes,Yes,DSL,No,No,No,Yes,Yes,No,Month-to-month,No,Credit card (automatic),49.65,40.94,No
CUST-02810,Female,0,Yes,Yes,29,Yes,No,Fiber optic,Yes,No,No,Yes,Yes,Yes,Month-to-month,Yes,Mailed check,50.69,1434.47,Yes
CUST-02811,Male,0,Yes,No,28,Yes,Yes,DSL,Yes,Yes,No,No,No,Yes,One year,No,Bank transfer (automatic),32.29,902.44,No
CUST-02812,Female,0,Yes,No,59,Yes,No,Fiber optic,No,Yes,Yes,Yes,No,No,One year,No,Mailed check,35.9,2165.08,No
CUST-02813,Female,0,No,No,52,Yes,No,DSL,No,No,Yes,No,No,Yes,Month-to-month,No,Credit card (automatic),36.88,1796.78,No
CUST-02814,Male,0,No,No,4,Yes,No,DSL,No,No,No,No,Yes,No,Month-to-month,Yes,Credit card (automatic),48.45,203.67,Yes
CUST-02815,Female,0,No,No,60,No,No,Fiber optic,No,No,No,Yes,No,Yes,Two year,No,Electronic check,36.53,2218.92,Yes
CUST-02816,Female,0,No,No,16,Yes,No,Fiber optic,Yes,No,Yes,Yes,No,Yes,Month-to-month,Yes,Electronic check,59.13,974.17,Yes
CUST-02817,Male,0,Yes,No,27,Yes,No,DSL,Yes,No,Yes,No,No,Yes,Two year,Yes,Electronic check,40.78,1129.8,Yes
CUST-02818,Male,1,Yes,Yes,13,Yes,No,DSL,Yes,Yes,Yes,No,Yes,Yes,Month-to-month,No,Credit card (automatic),41.53,582.39,Yes
CUST-02819,Female,0,No,No,12,Yes,No,DSL,No,No,Yes,No,Yes,Yes,Month-to-month,Yes,Bank transfer (automatic),41.76,492.21,Yes
CUST-02820,Male,0,Yes,Yes,38,Yes,No,DSL,Yes,No,Yes,Yes,No,No,Two year,No,Electronic check,33.31,1295.91,No
CUST-02821,Male,0,No,No,7,Yes,Yes,Fiber optic,No,Yes,Yes,Yes,Yes,No,One year,Yes,Bank transfer (automatic),48.04,262.42,Yes
CUST-02822,Male,0,No,No,6,Yes,Yes,DSL,No,Yes,Yes,No,No,No,One year,No,Mailed check,37.73,208.62,Yes
CUST-02823,Female,1,Yes,No,56,Yes,Yes,Fiber optic,No,Yes,No,No,Yes,No,One year,Yes,Bank transfer (automatic),41.56,2341.25,Yes
CUST-02824,Male,0,No,Yes,25,No,Yes,Fiber optic,No,Yes,No,No,Yes,Yes,Two year,No,Bank transfer (automatic),37.03,906.1,No
CUST-02825,Male,0,Yes,No,47,Yes,Yes,DSL,No,Yes,No,Yes,No,No,Month-to-month,Yes,Bank transfer (automatic),36.16,1659.02,Yes
CUST-02826,Male,0,Yes,No,71,Yes,No,Fiber optic,No,Yes,Yes,No,Yes,Yes,Month-to-month,Yes,Electronic check,40.46,2846.98,Yes
CUST-02827,Female,0,Yes,Yes,4,Yes,No,Fiber optic,No,No,Yes,No,Yes,Yes,Month-to-month,Yes,Credit card (automatic),65.59,288.95,Yes
CUST-02828,Male,1,Yes,Yes,57,Yes,No,Fiber optic,Yes,No,No,No,No,Yes,One year,Yes,Credit card (automatic),53.32,3034.89,No
CUST-02829,Male,0,Yes,No,8,Yes,No,Fiber optic,No,Yes,No,Yes,Yes,No,Month-to-month,Yes,Electronic check,57.21,456.18,Yes
CUST-02830,Female,0,No,Yes,55,Yes,Yes,DSL,Yes,No,No,Yes,Yes,Yes,One year,Yes,Bank transfer (automatic),36.82,2040.65,No
CUST-02831,Male,0,Yes,No,22,Yes,Yes,Fiber optic,No,Yes,No,No,Yes,Yes,Month-to-month,Yes,Mailed check,49.79,1106.27,Yes
CUST-02832,Male,0,No,No,10,Yes,Yes,No,No,No,Yes,No,Yes,Yes,Month-to-month,No,Mailed check,49.69,555.69,Yes
CUST-02833,Female,0,No,Yes,17,Yes,Yes,Fiber optic,No,No,Yes,No,Yes,Yes,Month-to-month,Yes,Electronic check,57.5,1024.75,No
CUST-02834,Male,0,Yes,No,26,Yes,Yes,Fiber optic,Yes,No,No,Yes,Yes,Yes,Two year,No,Mailed check,34.19,906.12,Yes
CUST-02835,Female,0,Yes,Yes,52,No,No,Fiber optic,Yes,No,No,No,Yes,Yes,One year,Yes,Bank transfer (automatic),30.29,1564.11,Yes
CUST-02836,Male,0,No,Yes,49,Yes,No,No,No,No,Yes,No,No,Yes,Month-to-month,No,Electronic check,57.43,2868.47,No
CUST-02837,Male,0,No,No,52,No,Yes,DSL,Yes,Yes,Yes,Yes,No,Yes,One year,No,Mailed check,19.8,1097.35,No
CUST-02838,Male,0,No,Yes,2,Yes,Yes,Fiber optic,No,Yes,No,No,No,No,Month-to-month,Yes,Bank transfer (automatic),61.4,61.74,No
CUST-02839,Female,0,Yes,No,70,Yes,No,Fiber optic,No,Yes,Yes,No,No,No,Two year,Yes,Electronic check,34.78,2431.86,Yes
CUST-02840,Male,0,No,No,31,Yes,No,Fiber optic,Yes,No,No,No,No,No,Month-to-month,Yes,Credit card (automatic),32.43,998.45,No
CUST-02841,Female,0,No,Yes,8,Yes,Yes,Fiber optic,No,No,Yes,No,No,Yes,Month-to-month,Yes,Bank transfer (automatic),62.25,460.15,Yes
CUST-02842,Male,0,No,No,66,Yes,Yes,Fiber optic,Yes,No,Yes,No,No,Yes,Month-to-month,No,Bank transfer (automatic),44.04,2887.4,No
CUST-02843,Male,1,Yes,No,57,Yes,No,Fiber optic,No,No,Yes,Yes,No,No,Two year,Yes,Mailed check,25.82,1457.29,Yes
CUST-02844,Female,0,No,Yes,6,Yes,Yes,Fiber optic,Yes,No,Yes,No,No,No,Two year,No,Electronic check,48.05,331.65,Yes
CUST-02845,Female,0,Yes,No,32,Yes,No,DSL,Yes,No,No,No,Yes,Yes,Month-to-month,No,Credit card (automatic),36.37,1108.86,No
CUST-02846,Female,0,No,No,65,Yes,Yes,No,Yes,Yes,Yes,Yes,No,Yes,Month-to-month,No,Electronic check,55.33,3606.91,No
CUST-02847,Male,0,No,No,49,Yes,Yes,DSL,No,No,No,No,Yes,No,One year,Yes,Bank transfer (automatic),25.5,1219.18,No
CUST-02848,Female,0,No,No,14,Yes,Yes,DSL,No,No,No,No,No,No,Month-to-month,No,Electronic check,42.71,647.86,Yes
CUST-02849,Female,0,Yes,No,50,Yes,Yes,DSL,No,No,Yes,No,No,Yes,Month-to-month,Yes,Bank transfer (automatic),50.34,2521.84,No
CUST-02850,Female,0,No,Yes,14,Yes,Yes,Fiber optic,No,Yes,No,No,Yes,Yes,Month-to-month,Yes,Mailed check,48.36,715.29,Yes
CUST-02851,Female,1,Yes,Yes,25,Yes,No,Fiber optic,No,No,Yes,Yes,Yes,No,One year,No,Mailed check,33.24,835.47,No
CUST-02852,Female,0,Yes,No,14,Yes,Yes,Fiber optic,No,Yes,Yes,Yes,No,Yes,Two year,Yes,Credit card (automatic),40.59,504.04,Yes
CUST-02853,Female,0,No,No,50,Yes,No,Fiber optic,No,Yes,Yes,Yes,Yes,No,Month-to-month,No,Credit card (automatic),50.07,2482.93,Yes
CUST-02854,Female,0,No,No,67,Yes,No,DSL,No,No,No,No,No,Yes,Month-to-month,Yes,Electronic check,46.86,3209.06,Yes
CUST-02855,Male,1,Yes,Yes,4,Yes,Yes,DSL,Yes,No,Yes,Yes,Yes,Yes,Month-to-month,Yes,Credit card (automatic),46.56,209.96,Yes
CUST-02856,Female,1,No,No,43,Yes,No,No,No,No,No,Yes,Yes,No,Month-to-month,No,Electronic check,37.7,1702.09,Yes
CUST-02857,Male,0,Yes,Yes,18,Yes,No,Fiber optic,No,Yes,Yes,Yes,No,No,Month-to-month,No,Bank transfer (automatic),40.66,793.99,Yes
CUST-02858,Male,0,No,Yes,54,Yes,No,No,Yes,Yes,Yes,Yes,No,No,Month-to-month,No,Credit card (automatic),25.35,1344.9,No
CUST-02859,Male,0,No,No,10,Yes,No,DSL,No,Yes,Yes,No,Yes,No,Month-to-month,No,Electronic check,59.05,538.38,Yes
CUST-02860,Female,0,No,Yes,27,Yes,No,No,Yes,Yes,Yes,No,No,No,Month-to-month,No,Bank transfer (automatic),44.93,1258.19,No
CUST-02861,Female,0,No,No,15,No,Yes,No,No,Yes,Yes,No,Yes,No,Two year,Yes,Bank transfer (automatic),25.46,424.09,Yes
CUST-02862,Male,0,No,No,63,No,No,Fiber optic,No,Yes,Yes,No,Yes,Yes,Month-to-month,No,Mailed check,38.69,2439.25,Yes
CUST-02863,Male,0,Yes,No,6,Yes,Yes,Fiber optic,Yes,Yes,Yes,Yes,No,No,Two year,Yes,Credit card (automatic),45.74,216.56,Yes
CUST-02864,Male,1,No,No,42,Yes,No,DSL,Yes,Yes,No,No,No,No,Two year,Yes,Bank transfer (automatic),36.97,1531.53,No
CUST-02865,Female,1,Yes,No,9,Yes,No,Fiber optic,No,Yes,Yes,Yes,No,No,Month-to-month,No,Credit card (automatic),48.96,447.64,Yes
CUST-02866,Female,1,Yes,No,43,Yes,No,Fiber optic,No,No,No,Yes,Yes,Yes,Two year,Yes,Electronic check,39.74,1740.07,Yes
CUST-02867,Female,0,No,No,55,Yes,No,Fiber optic,No,No,No,No,Yes,No,Month-to-month,No,Electronic check,48.21,2611.97,Yes
CUST-02868,Female,0,Yes,No,54,Yes,Yes,DSL,No,No,No,Yes,Yes,No,One year,No,Bank transfer (automatic),27.16,1508.12,No
CUST-02869,Male,0,Yes,Yes,3,Yes,Yes,Fiber optic,Yes,Yes,Yes,No,Yes,Yes,Two year,Yes,Credit card (automatic),50.34,183.19,Yes
CUST-02870,Female,0,No,Yes,55,Yes,No,Fiber optic,Yes,Yes,Yes,No,No,No,One year,Yes,Bank transfer (automatic),43.84,2443.92,No
CUST-02871,Female,0,Yes,No,22,No,No,Fiber optic,No,No,No,No,Yes,Yes,Month-to-month,Yes,Mailed check,52.54,1177.43,Yes
CUST-02872,Male,1,Yes,Yes,49,Yes,Yes,Fiber optic,No,No,Yes,Yes,No,No,One year,No,Credit card (automatic),29.5,1358.88,Yes
CUST-02873,Male,0,Yes,No,69,No,No,No,No,No,No,No,Yes,No,Month-to-month,Yes,Credit card (automatic),37.32,2587.78,No
CUST-02874,Female,0,Yes,No,9,Yes,No,DSL,Yes,No,No,No,Yes,No,Month-to-month,No,Bank transfer (automatic),37.22,319.71,Yes
CUST-02875,Female,0,No,No,26,Yes,No,DSL,No,No,Yes,No,Yes,No,Month-to-month,Yes,Electronic check,47.31,1253.38,Yes
CUST-02876,Male,0,No,No,62,Yes,Yes,DSL,Yes,No,Yes,Yes,No,No,Month-to-month,Yes,Bank transfer (automatic),41.15,2487.7,No
CUST-02877,Male,0,No,No,11,Yes,No,No,Yes,No,No,No,Yes,No,One year,Yes,Electronic check,56.85,544.73,Yes
CUST-02878,Male,0,Yes,Yes,19,Yes,Yes,Fiber optic,Yes,Yes,Yes,No,Yes,Yes,One year,Yes,Electronic check,49.12,957.12,Yes
CUST-02879,Male,0,No,No,39,No,No,Fiber optic,No,Yes,No,Yes,Yes,No,Two year,Yes,Credit card (automatic),23.2,869.21,Yes
CUST-02880,Male,0,Yes,No,71,Yes,No,No,Yes,No,No,Yes,Yes,No,One year,Yes,Credit card (automatic),36.66,2517.75,No
CUST-02881,Female,0,No,Yes,21,Yes,Yes,Fiber optic,Yes,Yes,No,No,Yes,Yes,One year,Yes,Bank transfer (automatic),31.92,628.03,No
CUST-02882,Female,0,No,Yes,28,No,No,DSL,No,Yes,Yes,No,No,Yes,Month-to-month,Yes,Electronic check,53.84,1500.94,Yes
CUST-02883,Male,0,Yes,No,57,Yes,No,Fiber optic,No,No,Yes,No,No,No,Month-to-month,No,Electronic check,44.71,2593.53,Yes
CUST-02884,Female,0,No,No,9,Yes,No,Fiber optic,Yes,No,No,No,No,No,Month-to-month,No,Electronic check,56.79,512.66,No
CUST-02885,Female,0,No,Yes,24,Yes,Yes,Fiber optic,No,No,Yes,Yes,No,Yes,Month-to-month,No,Electronic check,54.91,1294.76,Yes
CUST-02886,Female,0,Yes,No,23,Yes,No,DSL,Yes,Yes,No,Yes,Yes,No,One year,No,Electronic check,36.56,830.54,No
CUST-02887,Male,0,No,Yes,29,Yes,No,Fiber optic,Yes,No,No,No,No,Yes,Month-to-month,Yes,Bank transfer (automatic),39.85,1185.9,Yes
CUST-02888,Female,0,No,Yes,41,Yes,No,Fiber optic,Yes,Yes,Yes,No,Yes,No,Two year,Yes,Electronic check,34.21,1424.65,Yes
CUST-02889,Female,0,Yes,No,16,Yes,No,DSL,No,No,Yes,No,Yes,Yes,Month-to-month,Yes,Electronic check,54.27,896.98,No
CUST-02890,Female,1,Yes,Yes,28,Yes,No,No,No,Yes,No,No,Yes,No,Two year,Yes,Credit card (automatic),38.12,1137.2,No
CUST-02891,Female,0,No,No,66,Yes,No,DSL,Yes,No,Yes,No,No,Yes,One year,Yes,Bank transfer (automatic),47.75,3153.41,No
CUST-02892,Male,0,No,Yes,59,Yes,No,No,Yes,No,No,No,Yes,Yes,One year,Yes,Bank transfer (automatic),34.29,2051.39,No
CUST-02893,Female,1,No,No,68,Yes,No,DSL,Yes,Yes,Yes,No,Yes,Yes,Month-to-month,No,Mailed check,44.89,2966.78,Yes
CUST-02894,Male,0,No,No,49,Yes,Yes,No,No,No,No,No,Yes,No,Month-to-month,Yes,Credit card (automatic),40.46,1989.76,No
CUST-02895,Female,0,No,Yes,42,Yes,Yes,Fiber optic,No,No,No,Yes,Yes,Yes,One year,Yes,Bank transfer (automatic),32.81,1324.02,No
CUST-02896,Male,0,Yes,No,16,Yes,Yes,DSL,Yes,Yes,Yes,Yes,Yes,No,Two year,Yes,Electronic check,45.82,707.9,No
CUST-02897,Male,0,Yes,No,12,Yes,No,DSL,No,No,Yes,No,No,No,Month-to-month,Yes,Bank transfer (automatic),39.38,454.2,Yes
CUST-02898,Male,0,Yes,Yes,39,Yes,No,DSL,Yes,Yes,No,Yes,No,No,One year,Yes,Mailed check,19.69,767.75,No
CUST-02899,Male,0,No,No,29,Yes,Yes,Fiber optic,Yes,No,No,No,No,Yes,Month-to-month,Yes,Credit card (automatic),38.89,1104.5,No
CUST-02900,Female,0,No,Yes,56,Yes,No,DSL,Yes,Yes,Yes,No,Yes,Yes,Month-to-month,Yes,Mailed check,42.96,2390.46,Yes
CUST-02901,Male,0,No,Yes,1,Yes,Yes,DSL,Yes,No,Yes,Yes,No,No,One year,No,Credit card (automatic),29.16,55.16,No
CUST-02902,Male,0,Yes,No,64,Yes,No,Fiber optic,No,No,No,No,No,No,Month-to-month,Yes,Credit card (automatic),34.92,2238.4,Yes
CUST-02903,Male,0,Yes,Yes,13,Yes,No,Fiber optic,No,Yes,No,Yes,Yes,Yes,Month-to-month,No,Electronic check,64.39,834.38,No
CUST-02904,Male,0,No,No,29,Yes,Yes,Fiber optic,No,Yes,Yes,Yes,Yes,No,Month-to-month,No,Credit card (automatic),28.03,812.68,No
CUST-02905,Male,0,Yes,No,26,Yes,No,DSL,Yes,No,Yes,No,No,Yes,Month-to-month,No,Mailed check,35.72,919.55,Yes
CUST-02906,Male,0,Yes,No,66,Yes,No,Fiber optic,Yes,Yes,No,No,No,Yes,Month-to-month,Yes,Credit card (automatic),57.98,3866.3,Yes
CUST-02907,Male,0,No,Yes,52,Yes,Yes,DSL,Yes,No,Yes,Yes,No,No,Month-to-month,No,Bank transfer (automatic),35.98,1867.3,No
CUST-02908,Male,0,No,Yes,3,Yes,No,Fiber optic,No,No,No,Yes,Yes,Yes,Month-to-month,No,Mailed check,66.7,290.51,Yes
CUST-02909,Female,0,No,No,61,Yes,No,DSL,Yes,Yes,No,No,Yes,Yes,Month-to-month,Yes,Electronic check,51.26,3145.07,No
CUST-02910,Female,0,Yes,Yes,49,Yes,No,No,Yes,No,No,No,No,Yes,Month-to-month,No,Electronic check,31.57,1576.8,Yes
CUST-02911,Female,0,Yes,No,5,Yes,No,Fiber optic,No,No,Yes,No,No,Yes,Month-to-month,Yes,Bank transfer (automatic),59.0,282.34,Yes
CUST-02912,Female,0,Yes,No,56,Yes,No,Fiber optic,No,No,Yes,Yes,Yes,No,Month-to-month,Yes,Electronic check,45.47,2568.47,No
CUST-02913,Female,0,Yes,No,3,Yes,Yes,No,Yes,Yes,No,No,No,No,Month-to-month,No,Electronic check,46.47,180.17,Yes
CUST-02914,Female,0,Yes,No,31,No,Yes,No,No,No,No,No,Yes,No,Month-to-month,No,Mailed check,34.46,1076.69,No
CUST-02915,Female,0,Yes,Yes,12,Yes,No,Fiber optic,Yes,Yes,No,Yes,Yes,No,Month-to-month,Yes,Electronic check,45.77,533.75,Yes
CUST-02916,Female,0,No,Yes,1,Yes,Yes,Fiber optic,No,No,No,Yes,No,Yes,Month-to-month,Yes,Mailed check,58.3,102.1,Yes
CUST-02917,Male,0,Yes,No,40,No,Yes,No,No,Yes,No,Yes,Yes,No,One year,Yes,Electronic check,32.24,1367.97,Yes
CUST-02918,Male,1,Yes,No,49,Yes,No,DSL,Yes,Yes,No,No,Yes,Yes,Month-to-month,Yes,Electronic check,32.02,1509.42,No
CUST-02919,Male,0,Yes,No,35,Yes,No,Fiber optic,No,No,Yes,No,No,Yes,Month-to-month,Yes,Bank transfer (automatic),53.28,1845.82,No
CUST-02920,Female,0,No,Yes,25,Yes,No,Fiber optic,Yes,Yes,No,Yes,No,Yes,One year,Yes,Electronic check,42.04,1049.2,No
CUST-02921,Female,0,Yes,No,37,No,No,Fiber optic,Yes,Yes,No,Yes,No,Yes,Month-to-month,Yes,Electronic check,55.36,2033.91,Yes
CUST-02922,Male,0,Yes,Yes,11,Yes,Yes,No,No,Yes,No,No,Yes,Yes,Month-to-month,Yes,Electronic check,48.36,529.5,Yes
CUST-02923,Female,0,Yes,No,4,Yes,Yes,Fiber optic,No,No,Yes,No,Yes,Yes,One year,Yes,Electronic check,60.68,202.6,Yes
CUST-02924,Male,0,Yes,Yes,12,Yes,Yes,Fiber optic,Yes,No,No,No,Yes,No,Month-to-month,No,Electronic check,56.22,711.87,No
CUST-02925,Female,1,No,No,4,Yes,No,No,Yes,No,Yes,Yes,Yes,No,Month-to-month,Yes,Bank transfer (automatic),50.63,203.59,No
CUST-02926,Female,0,Yes,No,55,Yes,No,Fiber optic,Yes,Yes,Yes,No,Yes,Yes,One year,Yes,Mailed check,27.2,1505.97,Yes
CUST-02927,Male,1,Yes,No,44,Yes,No,DSL,Yes,No,No,Yes,No,No,Two year,Yes,Electronic check,34.02,1485.49,Yes
CUST-02928,Female,0,No,No,14,Yes,No,DSL,Yes,No,No,Yes,Yes,Yes,Two year,No,Mailed check,33.22,437.48,No
CUST-02929,Female,1,Yes,Yes,41,Yes,No,Fiber optic,Yes,Yes,No,No,No,Yes,Month-to-month,Yes,Credit card (automatic),43.07,1739.5,Yes
CUST-02930,Male,0,No,No,35,Yes,No,DSL,No,No,Yes,Yes,No,No,Two year,Yes,Mailed check,18.0,694.39,No
CUST-02931,Female,0,Yes,No,8,Yes,Yes,Fiber optic,No,Yes,No,No,Yes,Yes,Month-to-month,Yes,Credit card (automatic),49.08,353.31,Yes
CUST-02932,Male,0,No,No,69,Yes,No,No,No,Yes,No,Yes,Yes,Yes,Month-to-month,No,Electronic check,33.41,2289.46,No
CUST-02933,Female,0,Yes,No,67,Yes,No,DSL,Yes,Yes,Yes,No,No,Yes,Month-to-month,No,Bank transfer (automatic),31.14,2013.98,No
CUST-02934,Female,0,Yes,No,54,Yes,No,No,Yes,Yes,No,Yes,Yes,No,Month-to-month,No,Mailed check,22.44,1231.09,No
CUST-02935,Male,0,Yes,Yes,58,Yes,Yes,Fiber optic,No,Yes,Yes,No,Yes,No,Month-to-month,No,Bank transfer (automatic),50.69,2975.36,Yes
CUST-02936,Female,0,No,No,39,Yes,No,No,No,No,No,Yes,No,No,One year,Yes,Mailed check,37.87,1406.84,Yes
CUST-02937,Male,0,Yes,No,58,Yes,No,DSL,No,Yes,Yes,No,Yes,Yes,Month-to-month,Yes,Mailed check,34.73,1985.41,Yes
CUST-02938,Male,0,No,No,38,Yes,No,Fiber optic,Yes,Yes,No,No,Yes,Yes,One year,Yes,Credit card (automatic),34.53,1280.36,No
CUST-02939,Male,1,No,No,12,Yes,No,Fiber optic,No,Yes,No,No,No,Yes,Two year,No,Electronic check,35.51,411.87,Yes
CUST-02940,Female,0,Yes,No,12,Yes,No,Fiber optic,No,Yes,No,No,Yes,No,Month-to-month,No,Bank transfer (automatic),49.89,620.76,Yes
CUST-02941,Male,0,Yes,No,61,Yes,Yes,No,Yes,Yes,Yes,No,No,No,Month-to-month,Yes,Electronic check,38.48,2346.22,Yes
CUST-02942,Male,0,Yes,No,32,Yes,No,No,No,Yes,Yes,Yes,Yes,Yes,Month-to-month,No,Electronic check,37.15,1188.78,Yes
CUST-02943,Male,0,No,No,52,Yes,No,DSL,Yes,Yes,Yes,Yes,No,Yes,Month-to-month,Yes,Mailed check,38.8,1960.59,No
CUST-02944,Female,0,No,Yes,11,Yes,No,Fiber optic,Yes,No,No,No,No,Yes,Month-to-month,No,Bank transfer (automatic),40.22,440.72,Yes
CUST-02945,Male,1,No,No,32,Yes,No,Fiber optic,No,Yes,No,No,No,No,Month-to-month,No,Credit card (automatic),61.91,2019.26,Yes
CUST-02946,Female,0,Yes,No,6,Yes,Yes,DSL,No,Yes,Yes,Yes,No,No,One year,Yes,Bank transfer (automatic),34.74,212.65,Yes
CUST-02947,Male,0,No,No,16,Yes,Yes,No,Yes,No,Yes,Yes,No,Yes,One year,No,Bank transfer (automatic),37.36,517.53,No
CUST-02948,Female,0,Yes,No,8,Yes,No,Fiber optic,Yes,No,Yes,No,No,Yes,Month-to-month,Yes,Mailed check,58.06,515.27,Yes
CUST-02949,Male,0,Yes,No,15,Yes,No,No,Yes,Yes,No,Yes,Yes,Yes,One year,Yes,Electronic check,27.77,470.58,Yes
CUST-02950,Male,0,Yes,Yes,44,Yes,No,No,No,No,Yes,Yes,Yes,Yes,One year,Yes,Bank transfer (automatic),30.9,1382.3,Yes
CUST-02951,Female,0,Yes,No,1,Yes,No,DSL,No,No,No,No,No,Yes,One year,Yes,Electronic check,39.03,76.34,Yes
CUST-02952,Male,0,No,No,14,Yes,No,Fiber optic,No,No,No,No,Yes,No,Month-to-month,No,Credit card (automatic),53.24,764.54,Yes
CUST-02953,Male,0,No,No,50,Yes,Yes,Fiber optic,No,No,Yes,Yes,No,No,Month-to-month,Yes,Credit card (automatic),45.88,2320.35,Yes
CUST-02954,Female,0,Yes,Yes,11,Yes,Yes,No,Yes,No,Yes,No,No,Yes,One year,Yes,Electronic check,52.62,555.88,No
CUST-02955,Female,1,Yes,Yes,40,Yes,No,Fiber optic,No,Yes,No,Yes,Yes,No,Month-to-month,No,Electronic check,61.55,2493.66,Yes
CUST-02956,Male,0,No,No,62,Yes,Yes,DSL,No,No,No,Yes,Yes,Yes,Month-to-month,Yes,Mailed check,55.31,3339.7,Yes
CUST-02957,Female,0,No,No,56,Yes,No,Fiber optic,No,Yes,Yes,No,Yes,No,Month-to-month,Yes,Electronic check,43.42,2425.15,No
CUST-02958,Female,0,Yes,No,9,Yes,No,DSL,No,Yes,Yes,No,No,Yes,Month-to-month,Yes,Electronic check,43.56,428.63,Yes
CUST-02959,Male,0,Yes,No,11,Yes,No,Fiber optic,No,Yes,No,No,Yes,Yes,One year,Yes,Mailed check,36.55,460.64,Yes
CUST-02960,Female,0,No,No,51,No,No,No,Yes,No,Yes,Yes,No,No,Month-to-month,No,Credit card (automatic),43.08,2213.76,No
CUST-02961,Male,0,No,No,25,Yes,No,DSL,Yes,No,Yes,Yes,Yes,No,Month-to-month,Yes,Electronic check,52.02,1348.52,No
CUST-02962,Female,0,No,No,30,Yes,Yes,DSL,Yes,No,No,No,No,Yes,Two year,Yes,Credit card (automatic),38.94,1166.03,No
CUST-02963,Male,0,Yes,No,34,Yes,No,Fiber optic,Yes,Yes,Yes,Yes,Yes,No,Month-to-month,Yes,Bank transfer (automatic),50.39,1738.83,Yes
CUST-02964,Female,0,No,Yes,42,Yes,No,No,Yes,No,No,Yes,No,Yes,Month-to-month,No,Bank transfer (automatic),30.72,1318.77,No
CUST-02965,Male,0,Yes,No,32,Yes,No,DSL,No,No,No,Yes,No,No,One year,No,Electronic check,37.72,1112.59,No
CUST-02966,Male,0,No,Yes,2,Yes,No,DSL,Yes,Yes,No,Yes,Yes,Yes,Month-to-month,Yes,Electronic check,51.69,134.63,Yes
CUST-02967,Female,0,Yes,No,7,Yes,No,Fiber optic,No,Yes,No,No,No,No,Two year,Yes,Electronic check,47.9,340.04,Yes
CUST-02968,Female,0,Yes,Yes,1,Yes,No,Fiber optic,Yes,No,Yes,Yes,Yes,Yes,One year,Yes,Credit card (automatic),36.82,45.61,Yes
CUST-02969,Male,0,Yes,Yes,19,Yes,No,DSL,Yes,No,Yes,Yes,Yes,Yes,Month-to-month,No,Credit card (automatic),49.88,983.55,No
CUST-02970,Male,0,Yes,Yes,59,Yes,No,No,Yes,Yes,Yes,Yes,Yes,Yes,Month-to-month,Yes,Electronic check,33.4,1949.24,No
CUST-02971,Male,0,Yes,Yes,69,Yes,No,No,No,Yes,No,No,Yes,No,Month-to-month,Yes,Mailed check,38.65,2667.89,Yes
CUST-02972,Female,0,No,No,34,Yes,Yes,Fiber optic,Yes,No,Yes,Yes,Yes,Yes,Month-to-month,Yes,Mailed check,59.19,2015.27,Yes
CUST-02973,Male,1,No,No,2,Yes,Yes,DSL,Yes,No,Yes,Yes,No,No,Month-to-month,No,Electronic check,56.44,128.33,Yes
CUST-02974,Male,0,No,No,6,Yes,No,Fiber optic,Yes,Yes,Yes,Yes,No,No,Month-to-month,Yes,Credit card (automatic),38.84,147.01,Yes
CUST-02975,Female,0,Yes,No,58,No,Yes,DSL,Yes,No,Yes,Yes,Yes,Yes,One year,No,Bank transfer (automatic),18.0,1070.82,No
CUST-02976,Female,0,Yes,No,25,Yes,Yes,Fiber optic,No,No,No,No,No,Yes,Month-to-month,No,Mailed check,39.26,1009.92,Yes
CUST-02977,Female,0,Yes,No,63,Yes,No,Fiber optic,No,Yes,No,Yes,Yes,Yes,Month-to-month,Yes,Electronic check,50.95,3157.66,No
CUST-02978,Male,0,Yes,No,36,Yes,Yes,DSL,Yes,Yes,No,No,Yes,No,Month-to-month,No,Electronic check,45.99,1626.03,Yes
CUST-02979,Female,0,Yes,Yes,63,Yes,No,DSL,Yes,Yes,Yes,No,Yes,No,Month-to-month,No,Mailed check,35.73,2296.36,No
CUST-02980,Female,1,No,Yes,10,Yes,Yes,DSL,Yes,No,Yes,No,No,Yes,Two year,Yes,Bank transfer (automatic),43.6,396.82,No
CUST-02981,Male,0,No,Yes,61,No,No,DSL,No,No,No,No,Yes,Yes,Month-to-month,Yes,Bank transfer (automatic),42.22,2634.99,No
CUST-02982,Female,0,Yes,Yes,39,Yes,No,DSL,No,No,No,No,Yes,Yes,Two year,No,Credit card (automatic),34.63,1313.32,No
CUST-02983,Male,0,No,No,32,Yes,Yes,Fiber optic,No,No,No,No,No,Yes,One year,No,Bank transfer (automatic),46.56,1528.83,No
CUST-02984,Male,0,No,Yes,38,Yes,Yes,Fiber optic,Yes,Yes,Yes,Yes,Yes,Yes,Month-to-month,No,Credit card (automatic),23.23,844.2,Yes
CUST-02985,Male,1,Yes,Yes,24,No,No,DSL,Yes,Yes,No,Yes,Yes,No,Month-to-month,Yes,Bank transfer (automatic),44.21,1094.18,Yes
CUST-02986,Male,1,No,No,43,No,Yes,DSL,No,Yes,Yes,Yes,Yes,No,Month-to-month,No,Credit card (automatic),38.28,1655.16,No
CUST-02987,Male,1,Yes,Yes,55,Yes,Yes,No,No,No,Yes,No,Yes,No,Month-to-month,Yes,Electronic check,53.19,2935.12,No
CUST-02988,Male,0,Yes,No,58,Yes,Yes,Fiber optic,No,No,No,Yes,Yes,Yes,One year,Yes,Electronic check,42.57,2427.75,Yes
CUST-02989,Male,0,No,No,70,Yes,Yes,No,No,Yes,No,No,Yes,No,Two year,No,Credit card (automatic),18.0,1259.7,No
CUST-02990,Female,0,No,No,30,Yes,Yes,Fiber optic,No,No,Yes,Yes,No,Yes,Month-to-month,No,Electronic check,54.16,1593.51,Yes
CUST-02991,Female,0,Yes,No,55,Yes,No,DSL,No,Yes,No,Yes,No,Yes,Two year,Yes,Electronic check,39.56,2140.39,No
CUST-02992,Male,0,Yes,Yes,64,Yes,Yes,DSL,Yes,No,Yes,No,Yes,No,Two year,Yes,Mailed check,18.0,1204.74,No
CUST-02993,Female,0,No,No,2,Yes,No,Fiber optic,No,No,Yes,No,Yes,Yes,Month-to-month,Yes,Mailed check,66.82,248.15,Yes
CUST-02994,Male,0,Yes,No,34,Yes,Yes,No,No,No,No,No,No,Yes,Month-to-month,No,Electronic check,55.02,1840.03,No
CUST-02995,Male,1,No,Yes,50,Yes,Yes,Fiber optic,No,No,No,No,No,No,Month-to-month,Yes,Bank transfer (automatic),43.81,2207.48,Yes
CUST-02996,Male,0,No,No,33,Yes,Yes,Fiber optic,No,No,Yes,Yes,No,Yes,Month-to-month,No,Electronic check,41.71,1414.18,Yes
CUST-02997,Female,1,Yes,No,8,Yes,No,Fiber optic,Yes,No,No,No,No,Yes,Month-to-month,No,Electronic check,56.12,423.75,Yes
CUST-02998,Female,0,No,Yes,47,Yes,No,DSL,No,No,Yes,No,Yes,No,Month-to-month,No,Credit card (automatic),39.03,1799.03,Yes
CUST-02999,Female,0,No,No,29,Yes,No,DSL,No,No,No,Yes,Yes,No,One year,Yes,Electronic check,45.96,1332.85,Yes
CUST-03000,Male,0,No,Yes,44,Yes,No,No,No,No,No,No,Yes,Yes,Two year,Yes,Mailed check,34.93,1537.61,Yes
CUST-03001,Male,0,Yes,No,1,Yes,Yes,DSL,No,Yes,No,Yes,Yes,Yes,Month-to-month,Yes,Electronic check,57.19,-43.82,Yes
CUST-03002,Male,0,Yes,No,1,Yes,Yes,DSL,No,No,No,No,No,Yes,Month-to-month,Yes,Credit card (automatic),40.61,50.83,No
CUST-03003,Male,0,Yes,No,43,Yes,Yes,Fiber optic,Yes,No,Yes,No,Yes,Yes,One year,Yes,Electronic check,43.38,1897.54,Yes
CUST-03004,Male,0,No,No,70,Yes,No,Fiber optic,No,No,No,No,Yes,No,One year,No,Electronic check,43.75,3082.18,No
CUST-03005,Male,1,No,Yes,46,Yes,Yes,No,No,Yes,No,No,No,No,Month-to-month,No,Mailed check,40.11,1834.63,Yes
CUST-03006,Female,0,No,No,67,No,Yes,DSL,No,Yes,Yes,Yes,No,No,One year,Yes,Electronic check,44.68,2935.39,Yes
CUST-03007,Male,0,No,No,61,Yes,Yes,No,No,Yes,Yes,No,Yes,No,One year,No,Electronic check,46.12,2831.67,No
CUST-03008,Female,0,Yes,No,20,Yes,No,DSL,No,No,Yes,No,Yes,Yes,Month-to-month,No,Electronic check,39.37,756.45,Yes
CUST-03009,Male,0,Yes,Yes,8,Yes,Yes,DSL,Yes,Yes,No,Yes,No,No,Month-to-month,Yes,Mailed check,45.22,349.09,No
CUST-03010,Male,0,No,No,40,No,No,Fiber optic,Yes,No,Yes,No,Yes,No,Month-to-month,Yes,Credit card (automatic),40.77,1631.07,No
CUST-03011,Female,0,No,Yes,45,Yes,No,No,No,Yes,No,No,No,Yes,Month-to-month,No,Mailed check,34.6,1589.15,No
CUST-03012,Male,0,No,No,55,Yes,Yes,Fiber optic,Yes,No,Yes,No,Yes,Yes,Month-to-month,No,Credit card (automatic),29.36,1656.35,No
CUST-03013,Female,0,Yes,No,37,Yes,Yes,DSL,No,No,No,No,Yes,No,Month-to-month,No,Credit card (automatic),42.81,1592.31,Yes
CUST-03014,Male,0,Yes,No,66,Yes,No,Fiber optic,No,No,Yes,No,No,No,Two year,Yes,Credit card (automatic),58.93,3890.66,No
CUST-03015,Female,0,No,Yes,60,Yes,Yes,DSL,No,No,No,No,No,No,Month-to-month,Yes,Credit card (automatic),46.84,2841.07,Yes
CUST-03016,Female,1,Yes,Yes,42,Yes,Yes,No,No,Yes,No,Yes,No,No,Two year,Yes,Credit card (automatic),51.31,2119.9,Yes
CUST-03017,Male,0,Yes,No,40,Yes,No,No,Yes,Yes,No,Yes,No,Yes,Month-to-month,Yes,Electronic check,53.33,2105.8,Yes
CUST-03018,Female,0,No,No,2,Yes,No,Fiber optic,No,No,Yes,No,Yes,No,One year,Yes,Electronic check,44.98,148.34,Yes
CUST-03019,Male,0,No,Yes,56,Yes,No,Fiber optic,No,No,No,Yes,No,No,One year,No,Electronic check,42.39,2432.48,Yes
CUST-03020,Male,0,No,No,49,Yes,Yes,Fiber optic,No,Yes,Yes,No,Yes,Yes,Month-to-month,Yes,Bank transfer (automatic),54.78,2613.62,Yes
CUST-03021,Female,0,No,Yes,64,Yes,Yes,Fiber optic,Yes,Yes,No,Yes,Yes,Yes,Month-to-month,Yes,Mailed check,50.36,3203.07,Yes
CUST-03022,Female,0,No,No,7,Yes,No,DSL,Yes,No,Yes,Yes,Yes,No,Month-to-month,Yes,Mailed check,38.23,304.69,Yes
CUST-03023,Female,0,Yes,No,11,Yes,No,Fiber optic,No,No,Yes,No,Yes,Yes,One year,Yes,Credit card (automatic),47.69,539.82,Yes
CUST-03024,Female,0,Yes,Yes,48,Yes,No,Fiber optic,Yes,No,No,Yes,Yes,Yes,Two year,Yes,Electronic check,50.38,2412.27,No
CUST-03025,Female,0,No,No,35,Yes,No,No,No,Yes,No,No,No,No,Month-to-month,Yes,Credit card (automatic),32.56,1091.12,No
CUST-03026,Male,1,Yes,No,42,Yes,Yes,DSL,Yes,No,No,No,Yes,No,Month-to-month,No,Mailed check,48.27,2006.9,Yes
CUST-03027,Female,0,No,No,31,Yes,No,No,No,No,No,No,Yes,Yes,Two year,No,Bank transfer (automatic),39.45,1189.19,No
CUST-03028,Male,0,No,No,46,Yes,No,Fiber optic,No,No,Yes,Yes,Yes,No,Month-to-month,Yes,Electronic check,36.29,1723.8,No
CUST-03029,Female,1,Yes,No,47,Yes,No,No,No,Yes,No,No,No,No,Month-to-month,No,Electronic check,40.48,1872.24,Yes
CUST-03030,Male,0,Yes,Yes,14,Yes,Yes,No,No,Yes,Yes,No,Yes,Yes,Month-to-month,Yes,Bank transfer (automatic),44.29,625.2,No
CUST-03031,Male,0,No,No,54,No,No,DSL,No,Yes,Yes,No,Yes,Yes,Month-to-month,No,Credit card (automatic),45.01,2447.29,Yes
CUST-03032,Female,0,Yes,No,36,Yes,No,Fiber optic,No,Yes,Yes,Yes,No,Yes,Month-to-month,Yes,Bank transfer (automatic),48.06,1725.81,Yes
CUST-03033,Male,0,Yes,Yes,41,Yes,No,Fiber optic,No,No,Yes,Yes,Yes,Yes,One year,Yes,Credit card (automatic),33.59,1375.57,Yes
CUST-03034,Female,0,No,No,44,Yes,Yes,No,No,No,Yes,No,No,Yes,Month-to-month,No,Electronic check,45.13,1934.62,Yes
CUST-03035,Female,0,Yes,No,53,Yes,No,DSL,No,No,Yes,Yes,No,Yes,One year,Yes,Bank transfer (automatic),36.47,1917.4,No
CUST-03036,Male,0,Yes,Yes,22,Yes,No,Fiber optic,No,No,Yes,No,Yes,Yes,One year,Yes,Mailed check,41.71,904.66,No
CUST-03037,Male,0,No,No,1,No,No,No,No,Yes,No,No,No,No,Month-to-month,Yes,Electronic check,66.0,41.83,Yes
CUST-03038,Female,0,No,Yes,13,Yes,No,DSL,No,No,Yes,No,No,Yes,Two year,Yes,Mailed check,34.27,501.07,No
CUST-03039,Female,0,Yes,No,69,Yes,Yes,DSL,Yes,No,No,No,Yes,Yes,Two year,No,Electronic check,37.43,2659.44,No
CUST-03040,Female,0,No,No,16,Yes,Yes,Fiber optic,No,No,No,No,No,No,Two year,No,Bank transfer (automatic),28.04,488.04,No
CUST-03041,Female,1,No,No,18,Yes,No,Fiber optic,No,No,No,Yes,Yes,No,Month-to-month,No,Credit card (automatic),49.41,949.91,No
CUST-03042,Female,0,Yes,No,61,Yes,Yes,Fiber optic,Yes,Yes,Yes,No,Yes,No,One year,No,Credit card (automatic),31.44,1892.59,No
CUST-03043,Female,0,Yes,Yes,17,Yes,Yes,DSL,Yes,No,Yes,No,Yes,Yes,Month-to-month,No,Electronic check,41.46,696.34,No
CUST-03044,Male,0,No,No,33,Yes,No,Fiber optic,No,No,No,No,No,Yes,Month-to-month,Yes,Bank transfer (automatic),62.33,2022.48,No
CUST-03045,Female,0,Yes,No,27,Yes,No,DSL,Yes,No,No,Yes,No,No,Month-to-month,Yes,Bank transfer (automatic),35.73,969.3,Yes
CUST-03046,Male,0,No,Yes,47,No,Yes,No,No,Yes,Yes,Yes,Yes,No,One year,Yes,Bank transfer (automatic),30.39,1392.74,No
CUST-03047,Male,1,No,No,43,Yes,Yes,DSL,No,Yes,Yes,No,No,No,Month-to-month,Yes,Electronic check,37.17,1555.92,Yes
CUST-03048,Male,0,Yes,No,37,Yes,No,Fiber optic,No,No,No,No,Yes,Yes,Month-to-month,Yes,Mailed check,39.92,1367.77,No
CUST-03049,Female,0,No,No,36,Yes,No,DSL,Yes,Yes,No,No,No,Yes,Two year,No,Mailed check,18.0,666.29,No
CUST-03050,Male,0,No,No,60,Yes,Yes,Fiber optic,Yes,No,Yes,Yes,Yes,No,One year,Yes,Credit card (automatic),46.93,2862.99,No
CUST-03051,Male,0,No,No,42,Yes,No,DSL,No,Yes,Yes,Yes,Yes,No,Two year,Yes,Credit card (automatic),31.94,1384.25,No
CUST-03052,Female,0,Yes,No,37,No,No,Fiber optic,Yes,Yes,No,Yes,No,No,Month-to-month,Yes,Bank transfer (automatic),49.45,1860.36,Yes
CUST-03053,Male,0,No,No,64,Yes,No,DSL,No,Yes,No,Yes,No,Yes,One year,Yes,Electronic check,41.72,2702.95,No
CUST-03054,Female,0,Yes,No,7,Yes,Yes,DSL,No,Yes,No,Yes,Yes,Yes,One year,Yes,Mailed check,32.83,217.44,Yes
CUST-03055,Male,0,No,No,60,Yes,Yes,Fiber optic,No,Yes,No,No,No,Yes,Month-to-month,No,Credit card (automatic),51.04,2999.19,Yes
CUST-03056,Female,1,No,No,15,Yes,No,DSL,Yes,No,No,No,No,No,Month-to-month,Yes,Electronic check,48.96,691.33,No
CUST-03057,Male,0,Yes,No,24,Yes,No,No,No,Yes,Yes,Yes,Yes,Yes,Month-to-month,Yes,Credit card (automatic),47.64,1131.15,Yes
CUST-03058,Female,0,Yes,Yes,1,Yes,No,Fiber optic,Yes,Yes,Yes,Yes,Yes,Yes,Month-to-month,Yes,Electronic check,32.15,-54.7,Yes
CUST-03059,Female,0,No,Yes,41,Yes,Yes,DSL,No,No,Yes,Yes,Yes,Yes,Month-to-month,Yes,Credit card (automatic),31.95,1332.47,Yes
CUST-03060,Female,0,No,No,60,Yes,No,No,No,No,Yes,No,No,No,Month-to-month,Yes,Credit card (automatic),36.36,2198.26,Yes
CUST-03061,Female,1,Yes,Yes,28,Yes,No,DSL,No,Yes,No,Yes,No,Yes,Two year,Yes,Credit card (automatic),36.95,1055.9,No
CUST-03062,Female,0,Yes,No,48,Yes,No,No,No,No,No,No,Yes,Yes,One year,No,Electronic check,23.4,1159.7,Yes
CUST-03063,Female,0,No,No,28,Yes,No,DSL,Yes,Yes,No,No,No,Yes,One year,Yes,Credit card (automatic),54.19,1445.15,Yes
CUST-03064,Female,0,Yes,No,54,Yes,No,Fiber optic,Yes,No,Yes,No,Yes,No,Month-to-month,No,Electronic check,56.1,2997.69,Yes
CUST-03065,Male,1,No,No,71,Yes,Yes,No,No,Yes,No,Yes,Yes,Yes,Month-to-month,Yes,Electronic check,59.41,4171.76,Yes
CUST-03066,Male,0,Yes,No,51,Yes,Yes,DSL,No,Yes,Yes,No,No,No,Month-to-month,Yes,Mailed check,55.0,2782.13,Yes
CUST-03067,Male,0,Yes,No,25,Yes,No,Fiber optic,Yes,Yes,Yes,Yes,Yes,No,One year,Yes,Credit card (automatic),43.36,1055.63,Yes
CUST-03068,Male,0,No,No,59,Yes,Yes,DSL,No,No,No,No,No,Yes,One year,Yes,Electronic check,32.47,1829.11,Yes
CUST-03069,Female,0,Yes,No,3,Yes,Yes,Fiber optic,Yes,Yes,Yes,No,No,No,Month-to-month,Yes,Mailed check,56.17,196.14,No
CUST-03070,Female,1,No,Yes,71,Yes,Yes,DSL,No,No,Yes,No,Yes,Yes,Month-to-month,Yes,Bank transfer (automatic),42.06,3040.06,Yes
CUST-03071,Female,0,No,Yes,60,Yes,Yes,DSL,No,No,Yes,No,Yes,No,One year,No,Credit card (automatic),30.64,1808.98,Yes
CUST-03072,Female,0,Yes,No,47,No,Yes,DSL,No,Yes,Yes,No,Yes,No,One year,Yes,Electronic check,48.34,2246.68,Yes
CUST-03073,Female,0,Yes,Yes,45,Yes,No,Fiber optic,Yes,Yes,Yes,No,Yes,Yes,Two year,Yes,Electronic check,34.49,1585.7,No
CUST-03074,Male,1,Yes,No,18,Yes,No,No,No,Yes,No,No,No,Yes,Month-to-month,Yes,Electronic check,47.57,853.27,Yes
CUST-03075,Male,0,No,No,31,Yes,No,No,No,Yes,Yes,Yes,Yes,No,One year,Yes,Bank transfer (automatic),43.69,1376.76,No
CUST-03076,Male,0,No,Yes,8,No,No,Fiber optic,Yes,No,Yes,Yes,Yes,Yes,One year,Yes,Bank transfer (automatic),35.45,242.99,No
CUST-03077,Female,1,No,No,25,Yes,Yes,No,No,Yes,Yes,Yes,No,No,One year,No,Electronic check,38.53,987.62,Yes
CUST-03078,Male,0,Yes,Yes,42,No,No,No,Yes,Yes,Yes,Yes,No,No,One year,No,Mailed check,26.33,1121.61,No
CUST-03079,Female,1,Yes,No,26,Yes,Yes,Fiber optic,No,Yes,No,Yes,No,No,Two year,No,Electronic check,46.65,1194.84,Yes
CUST-03080,Female,0,Yes,No,55,Yes,Yes,DSL,No,No,No,Yes,No,Yes,One year,Yes,Electronic check,45.35,2492.35,No
CUST-03081,Female,0,No,Yes,61,Yes,No,Fiber optic,No,Yes,No,Yes,No,Yes,One year,No,Electronic check,33.68,1969.41,No
CUST-03082,Male,0,Yes,Yes,40,Yes,Yes,DSL,Yes,Yes,No,No,Yes,No,Month-to-month,Yes,Mailed check,28.11,1113.31,Yes
CUST-03083,Female,0,Yes,No,25,Yes,Yes,No,No,Yes,No,No,Yes,No,Month-to-month,Yes,Credit card (automatic),56.74,1419.64,No
CUST-03084,Female,0,Yes,Yes,22,Yes,No,Fiber optic,No,No,Yes,No,No,Yes,Month-to-month,No,Mailed check,28.0,599.26,Yes
CUST-03085,Female,0,Yes,No,39,Yes,Yes,DSL,No,No,No,Yes,No,Yes,Month-to-month,No,Mailed check,40.75,1555.07,No
CUST-03086,Female,1,No,No,52,Yes,No,No,No,Yes,Yes,Yes,Yes,No,Two year,Yes,Credit card (automatic),31.12,1673.48,No
CUST-03087,Female,0,No,Yes,9,No,No,DSL,Yes,No,Yes,No,No,Yes,One year,Yes,Mailed check,41.09,419.49,Yes
CUST-03088,Female,0,No,Yes,32,Yes,No,No,Yes,No,No,No,No,No,One year,No,Electronic check,39.47,1264.68,No
CUST-03089,Female,0,Yes,Yes,32,Yes,No,No,No,No,No,Yes,Yes,No,One year,Yes,Electronic check,39.1,1265.69,Yes
CUST-03090,Female,0,No,No,21,Yes,No,Fiber optic,No,No,Yes,Yes,No,Yes,One year,Yes,Electronic check,45.33,879.34,Yes
CUST-03091,Female,0,Yes,No,17,Yes,Yes,Fiber optic,Yes,Yes,No,No,No,Yes,Two year,No,Credit card (automatic),37.17,586.99,Yes
CUST-03092,Female,0,No,Yes,60,Yes,Yes,DSL,No,No,No,No,No,No,Month-to-month,Yes,Credit card (automatic),45.64,2719.79,Yes
CUST-03093,Male,0,No,No,31,Yes,No,Fiber optic,Yes,No,No,No,No,No,Two year,Yes,Electronic check,19.76,570.16,No
CUST-03094,Female,0,Yes,No,41,Yes,No,No,Yes,No,No,Yes,No,No,One year,Yes,Mailed check,30.45,1288.66,No
CUST-03095,Male,0,No,No,3,Yes,No,DSL,No,No,No,Yes,Yes,Yes,Two year,No,Electronic check,42.4,102.25,Yes
CUST-03096,Male,0,Yes,Yes,21,Yes,No,DSL,Yes,Yes,No,Yes,Yes,Yes,Month-to-month,Yes,Electronic check,40.22,796.3,Yes
CUST-03097,Female,1,Yes,Yes,16,Yes,No,DSL,Yes,Yes,No,No,No,Yes,Two year,Yes,Electronic check,43.2,771.27,Yes
CUST-03098,Female,0,Yes,No,24,Yes,No,Fiber optic,No,Yes,Yes,Yes,No,Yes,Month-to-month,Yes,Electronic check,61.17,1541.85,Yes
CUST-03099,Female,0,Yes,No,60,Yes,Yes,Fiber optic,Yes,No,No,Yes,No,Yes,Month-to-month,Yes,Bank transfer (automatic),45.25,2744.35,No
CUST-03100,Female,0,No,No,41,Yes,Yes,DSL,Yes,Yes,Yes,No,Yes,No,Month-to-month,Yes,Mailed check,42.49,1664.4,Yes
CUST-03101,Female,0,No,Yes,65,Yes,No,DSL,No,No,No,Yes,No,Yes,Month-to-month,Yes,Bank transfer (automatic),29.15,1953.79,No
CUST-03102,Female,0,No,Yes,31,Yes,Yes,No,Yes,Yes,No,Yes,Yes,Yes,Month-to-month,Yes,Credit card (automatic),41.76,1352.15,Yes
CUST-03103,Female,1,No,No,55,Yes,Yes,DSL,Yes,Yes,No,No,No,Yes,Two year,Yes,Credit card (automatic),36.98,1964.66,No
CUST-03104,Female,1,No,Yes,12,Yes,No,DSL,No,Yes,No,No,Yes,No,One year,No,Electronic check,38.0,365.39,Yes
CUST-03105,Male,0,Yes,No,58,Yes,No,DSL,No,No,Yes,No,No,Yes,One year,Yes,Mailed check,31.91,1828.65,No
CUST-03106,Female,0,Yes,No,44,Yes,No,Fiber optic,No,Yes,No,Yes,No,No,Two year,No,Credit card (automatic),34.15,1517.1,No
CUST-03107,Male,0,Yes,Yes,3,Yes,No,DSL,Yes,Yes,Yes,No,No,No,Two year,No,Credit card (automatic),33.85,158.63,No
CUST-03108,Female,0,No,No,49,Yes,No,DSL,No,Yes,No,No,No,No,Two year,Yes,Bank transfer (automatic),34.73,1626.42,No
CUST-03109,Male,0,No,Yes,35,Yes,No,Fiber optic,No,No,Yes,No,Yes,Yes,Two year,No,Electronic check,27.44,1032.89,No
CUST-03110,Female,0,No,No,1,Yes,No,DSL,Yes,No,No,Yes,No,No,One year,Yes,Mailed check,40.38,-26.58,No
CUST-03111,Male,0,Yes,Yes,61,Yes,No,No,Yes,Yes,Yes,No,No,Yes,Month-to-month,Yes,Electronic check,32.19,1998.27,No
CUST-03112,Male,0,Yes,No,39,Yes,No,No,No,Yes,No,No,Yes,Yes,One year,Yes,Electronic check,37.85,1474.97,No
CUST-03113,Female,0,No,No,44,Yes,No,Fiber optic,Yes,Yes,No,No,Yes,No,Month-to-month,No,Electronic check,61.51,2756.66,Yes
CUST-03114,Male,0,Yes,Yes,41,Yes,No,Fiber optic,No,Yes,No,No,No,No,Month-to-month,Yes,Bank transfer (automatic),51.54,2128.17,Yes
CUST-03115,Female,0,No,No,7,Yes,No,DSL,Yes,No,No,Yes,Yes,Yes,Month-to-month,Yes,Bank transfer (automatic),46.61,323.65,No
CUST-03116,Female,0,Yes,No,24,No,No,Fiber optic,Yes,No,Yes,No,Yes,No,Month-to-month,No,Mailed check,37.31,922.7,Yes
CUST-03117,Male,0,Yes,No,50,Yes,No,DSL,No,Yes,Yes,Yes,No,No,Two year,No,Credit card (automatic),37.34,1835.35,No
CUST-03118,Male,0,No,Yes,25,Yes,Yes,Fiber optic,No,No,No,Yes,Yes,No,Month-to-month,Yes,Bank transfer (automatic),51.99,1294.93,No
CUST-03119,Female,0,No,Yes,64,Yes,No,DSL,Yes,Yes,Yes,No,Yes,No,One year,No,Mailed check,18.0,1098.17,No
CUST-03120,Male,0,No,Yes,23,Yes,Yes,Fiber optic,No,Yes,No,No,Yes,Yes,Month-to-month,No,Credit card (automatic),42.06,996.66,Yes
CUST-03121,Male,0,Yes,No,33,No,Yes,DSL,No,No,Yes,No,Yes,Yes,Month-to-month,Yes,Electronic check,53.69,1818.85,Yes
CUST-03122,Male,0,Yes,No,32,Yes,No,Fiber optic,Yes,No,Yes,No,Yes,Yes,Two year,Yes,Mailed check,35.2,1144.51,Yes
CUST-03123,Female,0,No,Yes,2,Yes,No,DSL,No,Yes,No,No,No,Yes,Month-to-month,No,Electronic check,57.66,124.09,Yes
CUST-03124,Male,0,No,No,58,Yes,Yes,DSL,No,Yes,No,No,Yes,No,One year,Yes,Credit card (automatic),27.47,1581.28,No
CUST-03125,Female,0,Yes,Yes,10,Yes,No,Fiber optic,Yes,Yes,No,No,Yes,No,Month-to-month,Yes,Electronic check,57.39,670.07,No
CUST-03126,Male,0,No,No,34,Yes,Yes,Fiber optic,No,Yes,Yes,No,No,Yes,Month-to-month,Yes,Electronic check,51.48,1748.85,Yes
CUST-03127,Male,0,Yes,No,65,Yes,Yes,No,No,No,Yes,Yes,No,No,Month-to-month,Yes,Bank transfer (automatic),42.76,2716.81,No
CUST-03128,Male,0,Yes,No,71,Yes,No,DSL,No,No,Yes,No,Yes,Yes,One year,No,Credit card (automatic),26.6,1911.15,No
CUST-03129,Male,0,No,No,17,Yes,No,DSL,Yes,Yes,No,No,No,No,Month-to-month,Yes,Credit card (automatic),43.47,741.19,Yes
CUST-03130,Male,0,No,No,27,Yes,Yes,Fiber optic,No,No,No,No,Yes,Yes,One year,Yes,Electronic check,61.58,1745.67,Yes
CUST-03131,Female,0,Yes,No,41,Yes,No,DSL,No,No,No,No,Yes,No,Month-to-month,Yes,Credit card (automatic),29.36,1203.26,Yes
CUST-03132,Female,0,Yes,No,50,Yes,No,No,Yes,Yes,No,Yes,Yes,No,One year,Yes,Electronic check,52.47,2569.22,No
CUST-03133,Male,0,No,Yes,18,Yes,Yes,DSL,No,No,Yes,No,No,Yes,One year,No,Electronic check,68.33,1297.83,Yes
CUST-03134,Female,0,No,No,39,Yes,No,No,No,Yes,Yes,No,No,Yes,Month-to-month,No,Electronic check,38.98,1532.28,Yes
CUST-03135,Male,0,No,No,60,Yes,Yes,Fiber optic,Yes,No,Yes,Yes,Yes,No,Month-to-month,Yes,Electronic check,60.69,3618.57,Yes
CUST-03136,Female,0,Yes,No,55,Yes,Yes,DSL,Yes,No,No,No,Yes,Yes,Month-to-month,No,Bank transfer (automatic),44.67,2547.18,Yes
CUST-03137,Male,0,No,No,59,Yes,No,Fiber optic,No,No,No,No,No,Yes,Month-to-month,Yes,Bank transfer (automatic),53.16,3135.19,Yes
CUST-03138,Female,0,No,Yes,64,Yes,No,Fiber optic,No,Yes,Yes,Yes,Yes,No,Month-to-month,Yes,Bank transfer (automatic),38.91,2467.96,No
CUST-03139,Female,0,No,No,62,Yes,No,Fiber optic,Yes,No,No,No,No,No,Month-to-month,Yes,Mailed check,37.44,2359.45,No
CUST-03140,Female,0,Yes,No,37,Yes,Yes,Fiber optic,Yes,No,Yes,Yes,No,No,Month-to-month,No,Bank transfer (automatic),36.68,1395.61,Yes
CUST-03141,Female,0,No,Yes,70,Yes,No,Fiber optic,Yes,No,No,No,No,No,One year,No,Credit card (automatic),30.59,2178.05,No
CUST-03142,Female,0,No,No,36,Yes,No,Fiber optic,No,No,Yes,No,No,Yes,Two year,Yes,Electronic check,34.16,1283.6,Yes
CUST-03143,Female,0,No,No,51,Yes,Yes,Fiber optic,Yes,No,No,Yes,Yes,No,Month-to-month,No,Mailed check,34.2,1668.19,Yes
CUST-03144,Male,0,No,Yes,67,Yes,No,Fiber optic,No,Yes,No,Yes,No,Yes,One year,Yes,Credit card (automatic),46.05,3118.77,No
CUST-03145,Male,0,No,No,4,Yes,No,No,Yes,Yes,No,Yes,Yes,No,Month-to-month,No,Electronic check,57.36,232.69,Yes
CUST-03146,Male,0,Yes,Yes,67,Yes,Yes,Fiber optic,No,No,No,No,No,No,Month-to-month,No,Electronic check,42.24,2835.53,Yes
CUST-03147,Male,0,Yes,No,59,Yes,No,Fiber optic,No,Yes,No,No,Yes,No,Month-to-month,Yes,Electronic check,71.53,4200.07,No
CUST-03148,Male,0,No,No,71,Yes,No,DSL,No,No,Yes,No,No,No,Two year,No,Bank transfer (automatic),18.0,1261.18,No
CUST-03149,Male,0,Yes,No,55,Yes,No,DSL,Yes,No,Yes,No,Yes,No,Two year,No,Electronic check,20.52,1118.82,No
CUST-03150,Female,0,Yes,Yes,12,Yes,No,DSL,No,No,Yes,No,Yes,No,Month-to-month,No,Electronic check,30.9,376.28,Yes
CUST-03151,Male,1,No,No,22,Yes,No,Fiber optic,Yes,No,Yes,No,Yes,Yes,Month-to-month,Yes,Mailed check,36.05,705.25,Yes
CUST-03152,Female,0,Yes,No,1,No,No,Fiber optic,Yes,Yes,Yes,Yes,Yes,Yes,Month-to-month,Yes,Electronic check,63.13,91.92,Yes
CUST-03153,Female,0,No,No,44,Yes,Yes,DSL,No,No,Yes,No,Yes,No,Month-to-month,Yes,Credit card (automatic),39.65,1783.79,Yes
CUST-03154,Male,0,Yes,No,32,Yes,No,Fiber optic,No,No,No,Yes,Yes,No,Month-to-month,No,Mailed check,43.62,1414.6,No
CUST-03155,Female,0,Yes,Yes,34,Yes,No,DSL,No,Yes,No,No,No,No,Month-to-month,Yes,Credit card (automatic),42.09,1454.69,Yes
CUST-03156,Male,0,Yes,No,53,Yes,Yes,DSL,Yes,No,Yes,No,No,Yes,One year,Yes,Mailed check,23.75,1297.39,No
CUST-03157,Male,1,No,Yes,59,Yes,No,DSL,No,No,No,No,No,Yes,Month-to-month,Yes,Bank transfer (automatic),30.22,1792.42,Yes
CUST-03158,Male,0,No,No,6,Yes,Yes,Fiber optic,Yes,Yes,Yes,Yes,No,No,One year,No,Mailed check,21.22,214.73,No
CUST-03159,Male,0,Yes,No,66,Yes,No,DSL,No,Yes,No,No,Yes,No,One year,Yes,Electronic check,37.0,2442.13,No
CUST-03160,Male,0,Yes,No,27,Yes,No,DSL,Yes,Yes,Yes,No,No,Yes,Two year,Yes,Electronic check,39.53,1106.32,Yes
CUST-03161,Female,0,Yes,No,54,Yes,No,Fiber optic,No,No,Yes,No,No,Yes,Month-to-month,No,Electronic check,39.44,2093.98,No
CUST-03162,Male,0,No,No,42,Yes,No,Fiber optic,No,Yes,Yes,No,Yes,Yes,Two year,Yes,Electronic check,21.79,909.83,No
CUST-03163,Female,0,No,No,32,Yes,Yes,Fiber optic,Yes,Yes,No,No,No,Yes,One year,No,Bank transfer (automatic),44.77,1476.98,No
CUST-03164,Female,0,No,No,16,Yes,Yes,DSL,No,No,No,No,No,No,One year,Yes,Credit card (automatic),46.85,742.95,No
CUST-03165,Female,0,Yes,Yes,14,Yes,No,DSL,No,Yes,No,No,Yes,Yes,One year,Yes,Electronic check,30.51,404.72,Yes
CUST-03166,Female,0,No,No,52,Yes,No,DSL,No,Yes,Yes,No,Yes,Yes,Month-to-month,Yes,Electronic check,36.13,1892.49,Yes
CUST-03167,Male,0,Yes,No,23,Yes,No,DSL,No,Yes,No,No,No,Yes,Month-to-month,Yes,Electronic check,54.95,1265.56,Yes
CUST-03168,Female,1,Yes,No,17,Yes,No,Fiber optic,Yes,Yes,Yes,No,Yes,No,One year,No,Mailed check,22.7,348.79,Yes
CUST-03169,Male,0,Yes,Yes,1,Yes,No,Fiber optic,Yes,Yes,Yes,Yes,Yes,No,Two year,Yes,Mailed check,25.7,10.37,Yes
CUST-03170,Male,0,Yes,No,60,Yes,No,No,Yes,No,Yes,No,Yes,No,Two year,No,Credit card (automatic),35.4,2132.73,No
CUST-03171,Male,0,Yes,No,29,Yes,No,No,No,Yes,Yes,No,Yes,No,Month-to-month,Yes,Credit card (automatic),39.48,1047.84,Yes
CUST-03172,Male,1,No,Yes,25,Yes,No,DSL,Yes,Yes,No,Yes,No,Yes,Month-to-month,No,Credit card (automatic),38.55,965.49,Yes
CUST-03173,Female,0,Yes,No,27,Yes,Yes,DSL,No,Yes,No,Yes,No,No,Month-to-month,Yes,Bank transfer (automatic),33.77,875.58,No
CUST-03174,Female,0,No,No,43,Yes,No,No,No,Yes,No,No,No,Yes,Month-to-month,Yes,Credit card (automatic),49.92,2136.15,Yes
CUST-03175,Male,0,No,Yes,35,Yes,No,DSL,No,Yes,Yes,No,No,Yes,Month-to-month,No,Credit card (automatic),39.06,1316.27,Yes
CUST-03176,Male,1,No,Yes,39,No,No,Fiber optic,Yes,Yes,Yes,No,Yes,Yes,One year,Yes,Electronic check,52.34,2026.86,Yes
CUST-03177,Male,0,Yes,No,20,Yes,Yes,Fiber optic,No,Yes,No,No,Yes,No,Month-to-month,No,Bank transfer (automatic),41.96,911.07,No
CUST-03178,Female,0,No,Yes,22,Yes,Yes,Fiber optic,Yes,No,Yes,Yes,Yes,Yes,Two year,No,Mailed check,22.0,443.2,Yes
CUST-03179,Female,0,Yes,No,62,No,No,DSL,No,No,Yes,No,Yes,Yes,Month-to-month,Yes,Mailed check,39.69,2434.05,No
CUST-03180,Female,0,Yes,No,32,Yes,Yes,DSL,Yes,Yes,Yes,Yes,No,Yes,Two year,No,Mailed check,19.36,604.45,No
CUST-03181,Female,1,Yes,No,70,Yes,Yes,DSL,Yes,No,No,No,No,No,Two year,Yes,Electronic check,32.46,2186.82,No
CUST-03182,Female,0,No,No,61,Yes,No,DSL,No,Yes,No,No,Yes,Yes,Month-to-month,Yes,Credit card (automatic),33.8,1991.92,No
CUST-03183,Male,0,No,Yes,51,Yes,No,DSL,Yes,Yes,Yes,Yes,No,Yes,One year,No,Electronic check,20.43,1063.55,Yes
CUST-03184,Female,0,No,No,39,Yes,Yes,Fiber optic,Yes,Yes,No,No,No,Yes,One year,Yes,Electronic check,49.31,1898.96,No
CUST-03185,Male,0,No,Yes,60,Yes,No,Fiber optic,Yes,Yes,No,No,Yes,Yes,Month-to-month,No,Credit card (automatic),43.39,2674.86,No
CUST-03186,Male,0,No,Yes,4,Yes,No,DSL,Yes,No,Yes,No,No,No,Month-to-month,Yes,Credit card (automatic),36.55,108.22,Yes
CUST-03187,Male,0,No,No,36,Yes,No,DSL,No,Yes,Yes,No,Yes,Yes,Month-to-month,No,Credit card (automatic),53.86,2012.84,Yes
CUST-03188,Female,0,No,Yes,51,Yes,No,No,Yes,No,No,No,No,Yes,Month-to-month,Yes,Credit card (automatic),32.66,1595.06,Yes
CUST-03189,Female,0,Yes,Yes,8,Yes,Yes,DSL,Yes,No,No,Yes,No,No,Month-to-month,No,Electronic check,51.82,407.56,Yes
CUST-03190,Male,1,No,No,13,No,Yes,DSL,No,No,No,Yes,No,No,One year,No,Mailed check,18.0,197.5,No
CUST-03191,Female,0,No,Yes,5,Yes,Yes,Fiber optic,Yes,Yes,Yes,No,No,No,Month-to-month,No,Electronic check,49.74,278.73,No
CUST-03192,Male,0,Yes,Yes,35,Yes,Yes,DSL,Yes,Yes,Yes,No,No,Yes,One year,No,Mailed check,18.0,603.14,No
CUST-03193,Male,0,Yes,No,39,Yes,Yes,DSL,Yes,No,No,Yes,Yes,Yes,Two year,No,Bank transfer (automatic),18.0,679.77,No
CUST-03194,Female,1,Yes,No,34,Yes,No,DSL,No,Yes,No,Yes,No,No,Month-to-month,Yes,Credit card (automatic),47.37,1605.88,No
CUST-03195,Male,0,No,No,4,Yes,Yes,No,No,No,Yes,No,Yes,Yes,One year,Yes,Credit card (automatic),43.45,275.52,No
CUST-03196,Female,0,Yes,No,35,Yes,No,Fiber optic,No,Yes,Yes,Yes,No,Yes,Two year,Yes,Bank transfer (automatic),29.45,1085.44,Yes
CUST-03197,Female,0,Yes,No,64,Yes,No,Fiber optic,No,No,Yes,No,No,No,Month-to-month,Yes,Mailed check,45.94,2920.93,No
CUST-03198,Male,1,No,Yes,3,Yes,Yes,No,No,No,No,Yes,Yes,Yes,Month-to-month,Yes,Electronic check,56.03,128.97,Yes
CUST-03199,Male,1,No,No,56,Yes,Yes,Fiber optic,No,Yes,No,No,Yes,No,Month-to-month,Yes,Mailed check,44.48,2454.88,Yes
CUST-03200,Female,0,No,Yes,20,Yes,No,DSL,No,No,Yes,No,Yes,No,Two year,Yes,Electronic check,43.0,815.03,Yes
CUST-03201,Male,0,No,No,6,Yes,No,Fiber optic,No,No,No,No,Yes,No,One year,No,Electronic check,46.7,320.73,Yes
CUST-03202,Male,0,Yes,No,4,Yes,No,Fiber optic,No,Yes,No,Yes,No,No,Month-to-month,Yes,Electronic check,50.26,170.67,Yes
CUST-03203,Male,0,Yes,Yes,1,Yes,Yes,Fiber optic,Yes,Yes,No,Yes,No,No,Month-to-month,No,Electronic check,64.72,112.39,Yes
CUST-03204,Female,0,No,No,30,Yes,No,Fiber optic,No,No,Yes,Yes,Yes,No,One year,Yes,Credit card (automatic),36.4,1139.34,Yes
CUST-03205,Female,0,Yes,No,36,Yes,No,DSL,No,No,No,No,No,No,Month-to-month,Yes,Electronic check,40.01,1433.51,Yes
CUST-03206,Male,0,No,Yes,45,Yes,No,DSL,Yes,No,Yes,Yes,No,Yes,Month-to-month,Yes,Mailed check,44.49,1941.94,No
CUST-03207,Male,1,No,No,6,Yes,Yes,DSL,Yes,No,No,No,No,Yes,One year,Yes,Bank transfer (automatic),46.6,310.14,No
CUST-03208,Male,0,No,No,47,Yes,Yes,DSL,Yes,Yes,Yes,No,No,No,One year,No,Mailed check,18.0,795.24,No
CUST-03209,Female,0,No,Yes,53,No,Yes,No,Yes,Yes,No,No,No,Yes,One year,Yes,Credit card (automatic),18.0,953.84,No
CUST-03210,Female,0,No,Yes,5,Yes,Yes,Fiber optic,No,No,No,Yes,Yes,Yes,Month-to-month,No,Credit card (automatic),50.91,314.52,Yes
CUST-03211,Male,0,No,No,48,Yes,No,DSL,Yes,No,Yes,No,No,No,Month-to-month,No,Electronic check,33.95,1532.12,Yes
CUST-03212,Female,0,Yes,No,9,Yes,No,Fiber optic,No,No,No,No,No,Yes,Month-to-month,Yes,Mailed check,54.02,474.67,Yes
CUST-03213,Female,1,Yes,No,32,Yes,No,Fiber optic,Yes,No,No,Yes,No,No,One year,Yes,Electronic check,41.91,1314.82,Yes
CUST-03214,Male,0,Yes,No,47,Yes,No,Fiber optic,No,No,Yes,No,No,No,Two year,No,Credit card (automatic),34.83,1618.07,Yes
CUST-03215,Male,0,No,No,62,Yes,Yes,Fiber optic,Yes,No,Yes,No,No,Yes,Two year,Yes,Electronic check,45.14,2741.64,Yes
CUST-03216,Female,0,Yes,Yes,38,Yes,No,Fiber optic,Yes,No,Yes,Yes,Yes,Yes,Month-to-month,Yes,Credit card (automatic),26.57,1092.64,Yes
CUST-03217,Female,0,Yes,Yes,31,Yes,Yes,DSL,No,No,No,No,No,No,Month-to-month,No,Credit card (automatic),33.04,1030.74,Yes
CUST-03218,Female,1,No,No,60,Yes,No,Fiber optic,Yes,No,Yes,Yes,No,Yes,Month-to-month,Yes,Credit card (automatic),56.86,3329.48,Yes
CUST-03219,Male,0,Yes,No,16,No,No,Fiber optic,Yes,No,No,Yes,Yes,Yes,Month-to-month,Yes,Bank transfer (automatic),48.12,784.61,Yes
CUST-03220,Female,0,No,No,15,Yes,Yes,No,No,No,Yes,Yes,Yes,Yes,One year,No,Mailed check,37.67,610.07,No
CUST-03221,Male,0,Yes,No,34,Yes,No,No,No,Yes,No,No,No,Yes,Month-to-month,Yes,Bank transfer (automatic),62.18,2111.03,Yes
CUST-03222,Female,0,Yes,Yes,9,No,No,No,No,No,No,Yes,No,No,One year,No,Electronic check,48.11,498.11,No
CUST-03223,Male,0,Yes,No,2,Yes,Yes,DSL,No,No,No,No,No,Yes,Month-to-month,No,Electronic check,50.06,16.51,Yes
CUST-03224,Male,1,Yes,No,26,Yes,No,No,No,Yes,No,No,No,No,Month-to-month,Yes,Credit card (automatic),37.11,1010.34,Yes
CUST-03225,Male,0,No,No,11,Yes,No,Fiber optic,No,Yes,No,Yes,No,No,One year,No,Mailed check,49.59,535.26,No
CUST-03226,Male,1,No,Yes,46,Yes,No,DSL,No,Yes,No,Yes,Yes,Yes,One year,Yes,Credit card (automatic),45.31,2048.27,No
CUST-03227,Male,0,No,No,39,Yes,Yes,No,No,No,No,Yes,Yes,Yes,Two year,No,Electronic check,32.56,1301.45,Yes
CUST-03228,Female,0,No,No,35,Yes,No,No,No,Yes,No,Yes,No,Yes,Month-to-month,No,Electronic check,58.85,2090.52,Yes
CUST-03229,Male,1,No,No,36,No,No,Fiber optic,No,Yes,No,No,Yes,No,Month-to-month,Yes,Mailed check,54.76,2031.91,Yes
CUST-03230,Male,0,No,No,8,Yes,No,DSL,Yes,Yes,No,No,No,Yes,Month-to-month,Yes,Electronic check,51.53,470.86,Yes
CUST-03231,Male,0,Yes,No,29,Yes,No,DSL,Yes,Yes,No,No,No,No,Two year,No,Bank transfer (automatic),37.61,1093.51,No
CUST-03232,Female,1,Yes,No,6,Yes,Yes,No,No,No,No,No,Yes,No,Month-to-month,No,Electronic check,56.96,277.25,Yes
CUST-03233,Male,0,No,Yes,26,No,No,No,No,No,No,No,No,No,One year,Yes,Mailed check,44.1,1073.61,No
CUST-03234,Female,1,No,No,49,Yes,Yes,DSL,No,Yes,No,No,No,No,Month-to-month,No,Electronic check,29.8,1391.05,Yes
CUST-03235,Male,0,Yes,No,71,Yes,Yes,DSL,Yes,No,No,No,Yes,Yes,Month-to-month,Yes,Mailed check,44.37,3132.77,Yes
CUST-03236,Male,1,Yes,No,22,Yes,No,Fiber optic,No,Yes,No,Yes,Yes,Yes,Month-to-month,No,Mailed check,42.5,944.77,Yes
CUST-03237,Female,0,Yes,No,19,Yes,Yes,DSL,No,No,Yes,Yes,No,Yes,One year,Yes,Mailed check,32.97,648.4,Yes
CUST-03238,Male,0,Yes,No,48,Yes,Yes,Fiber optic,Yes,No,No,Yes,No,No,Month-to-month,Yes,Credit card (automatic),42.6,2067.73,No
CUST-03239,Male,1,No,Yes,66,No,Yes,No,No,No,No,No,Yes,Yes,Month-to-month,Yes,Bank transfer (automatic),40.43,2635.35,Yes
CUST-03240,Female,0,Yes,No,21,Yes,Yes,DSL,Yes,No,No,No,Yes,No,Month-to-month,No,Mailed check,46.23,1025.6,No
CUST-03241,Female,0,No,No,60,No,No,Fiber optic,No,No,No,No,No,No,Month-to-month,Yes,Bank transfer (automatic),37.31,2302.87,Yes
CUST-03242,Female,0,No,No,23,Yes,No,Fiber optic,Yes,Yes,No,No,No,No,Month-to-month,No,Bank transfer (automatic),29.48,637.45,Yes
CUST-03243,Male,0,Yes,No,46,Yes,No,DSL,No,Yes,Yes,Yes,No,Yes,One year,Yes,Credit card (automatic),31.77,1457.06,No
CUST-03244,Male,1,No,No,15,Yes,Yes,Fiber optic,Yes,Yes,No,No,No,Yes,One year,Yes,Electronic check,60.63,936.62,Yes
CUST-03245,Male,0,No,Yes,19,Yes,No,Fiber optic,Yes,Yes,Yes,No,No,Yes,One year,No,Bank transfer (automatic),32.74,680.23,No
CUST-03246,Male,0,Yes,Yes,70,No,Yes,Fiber optic,Yes,Yes,No,Yes,No,Yes,Month-to-month,No,Electronic check,43.32,3056.34,No
CUST-03247,Male,0,Yes,No,28,Yes,Yes,Fiber optic,Yes,No,Yes,No,No,No,Month-to-month,No,Electronic check,48.14,1323.89,Yes
CUST-03248,Female,1,No,No,2,Yes,No,No,No,Yes,Yes,No,No,Yes,Month-to-month,No,Bank transfer (automatic),66.59,92.01,No
CUST-03249,Female,1,Yes,No,55,Yes,Yes,DSL,Yes,Yes,No,Yes,No,No,Month-to-month,No,Mailed check,45.5,2459.12,Yes
CUST-03250,Female,1,Yes,No,10,Yes,No,No,Yes,Yes,No,No,Yes,No,Month-to-month,No,Credit card (automatic),39.67,386.26,Yes
CUST-03251,Female,0,Yes,Yes,8,Yes,No,Fiber optic,No,Yes,Yes,No,No,Yes,Month-to-month,Yes,Electronic check,56.31,429.84,No
CUST-03252,Male,0,Yes,No,60,No,Yes,Fiber optic,Yes,No,No,No,Yes,No,Month-to-month,No,Electronic check,41.17,2418.78,Yes
CUST-03253,Female,0,No,No,25,Yes,No,DSL,No,No,Yes,No,No,Yes,One year,Yes,Bank transfer (automatic),52.87,1350.26,Yes
CUST-03254,Female,0,Yes,No,10,Yes,No,DSL,Yes,No,Yes,No,No,No,Month-to-month,Yes,Mailed check,33.67,322.68,Yes
CUST-03255,Female,0,No,No,70,Yes,Yes,Fiber optic,No,No,Yes,Yes,Yes,No,Month-to-month,Yes,Electronic check,43.64,3072.27,Yes
CUST-03256,Female,0,Yes,Yes,20,Yes,Yes,No,No,No,Yes,Yes,No,No,Month-to-month,No,Mailed check,47.57,899.39,No
CUST-03257,Female,0,No,Yes,45,Yes,Yes,Fiber optic,Yes,Yes,No,Yes,No,No,Month-to-month,Yes,Mailed check,58.09,2654.44,Yes
CUST-03258,Female,0,Yes,Yes,19,Yes,No,DSL,No,Yes,No,No,No,Yes,Two year,Yes,Electronic check,38.84,771.17,No
CUST-03259,Male,0,No,No,42,Yes,No,DSL,Yes,Yes,No,Yes,No,Yes,Two year,Yes,Bank transfer (automatic),24.77,1086.57,No
CUST-03260,Female,0,No,Yes,50,Yes,No,Fiber optic,Yes,Yes,No,No,No,No,Month-to-month,Yes,Bank transfer (automatic),45.27,2258.68,No
CUST-03261,Female,0,Yes,Yes,54,Yes,No,No,Yes,No,Yes,No,Yes,No,Month-to-month,Yes,Electronic check,45.59,2452.38,Yes
CUST-03262,Female,1,No,No,30,Yes,Yes,Fiber optic,No,No,No,No,No,No,Month-to-month,Yes,Mailed check,70.79,2148.74,Yes
CUST-03263,Male,0,Yes,No,44,Yes,No,DSL,No,Yes,No,Yes,No,Yes,One year,Yes,Electronic check,41.49,1877.33,Yes
CUST-03264,Male,1,No,No,60,Yes,Yes,DSL,Yes,Yes,No,No,No,No,Month-to-month,Yes,Credit card (automatic),41.03,2460.82,No
CUST-03265,Male,0,No,No,60,Yes,No,DSL,No,No,No,No,No,Yes,Two year,No,Mailed check,30.18,1748.23,No
CUST-03266,Male,0,Yes,Yes,54,Yes,No,Fiber optic,Yes,No,Yes,No,No,No,Month-to-month,Yes,Electronic check,57.49,3086.22,Yes
CUST-03267,Male,0,Yes,Yes,29,Yes,No,DSL,No,No,Yes,Yes,No,Yes,Month-to-month,Yes,Bank transfer (automatic),35.42,1081.26,Yes
CUST-03268,Male,0,Yes,No,38,Yes,No,DSL,Yes,No,Yes,Yes,Yes,No,Two year,Yes,Electronic check,34.04,1324.37,No
CUST-03269,Female,0,No,No,69,Yes,No,No,No,No,No,Yes,Yes,No,One year,No,Credit card (automatic),29.19,2026.44,No
CUST-03270,Male,0,No,No,18,No,Yes,Fiber optic,No,Yes,Yes,No,Yes,No,Month-to-month,No,Electronic check,43.29,762.17,Yes
CUST-03271,Female,0,Yes,No,50,Yes,Yes,No,No,Yes,No,Yes,Yes,No,Month-to-month,No,Electronic check,39.1,2023.28,Yes
CUST-03272,Female,1,Yes,Yes,57,Yes,Yes,Fiber optic,No,Yes,No,Yes,Yes,Yes,Two year,Yes,Credit card (automatic),34.14,1904.65,No
CUST-03273,Male,0,Yes,No,35,Yes,No,DSL,No,No,No,No,No,Yes,Two year,Yes,Credit card (automatic),30.02,1051.42,Yes
CUST-03274,Female,0,No,Yes,62,Yes,Yes,DSL,No,No,No,No,No,No,One year,No,Electronic check,52.47,3272.41,No
CUST-03275,Female,0,Yes,No,31,Yes,Yes,Fiber optic,No,No,Yes,Yes,No,Yes,Month-to-month,Yes,Electronic check,54.65,1711.34,Yes
CUST-03276,Male,0,Yes,No,60,Yes,No,Fiber optic,No,Yes,No,No,No,No,Month-to-month,No,Credit card (automatic),45.78,2715.14,Yes
CUST-03277,Female,0,No,Yes,46,Yes,Yes,Fiber optic,Yes,Yes,Yes,No,Yes,Yes,One year,No,Electronic check,45.75,2137.7,Yes
CUST-03278,Female,0,Yes,No,4,Yes,Yes,No,Yes,Yes,No,Yes,No,Yes,Month-to-month,No,Credit card (automatic),40.97,187.8,Yes
CUST-03279,Male,0,No,No,59,Yes,Yes,Fiber optic,No,No,Yes,No,No,No,Month-to-month,No,Mailed check,40.94,2422.86,Yes
CUST-03280,Male,0,Yes,No,50,Yes,Yes,Fiber optic,Yes,No,No,No,No,Yes,Month-to-month,Yes,Credit card (automatic),58.42,2938.15,Yes
CUST-03281,Female,1,Yes,Yes,16,Yes,No,DSL,No,No,No,Yes,Yes,Yes,Month-to-month,Yes,Bank transfer (automatic),57.48,898.29,Yes
CUST-03282,Male,1,No,No,50,Yes,No,DSL,Yes,No,Yes,Yes,No,No,One year,Yes,Credit card (automatic),40.76,2112.38,No
CUST-03283,Male,0,Yes,No,37,Yes,No,Fiber optic,No,No,Yes,No,Yes,No,Two year,Yes,Electronic check,40.11,1538.35,Yes
CUST-03284,Female,1,Yes,Yes,67,Yes,No,DSL,Yes,No,No,No,No,Yes,Month-to-month,No,Credit card (automatic),41.31,2741.65,No
CUST-03285,Female,0,No,No,22,Yes,No,No,No,No,No,No,Yes,Yes,Two year,No,Mailed check,23.49,510.45,Yes
CUST-03286,Female,0,No,Yes,19,Yes,No,Fiber optic,No,No,No,Yes,No,No,Month-to-month,Yes,Electronic check,53.79,1068.29,Yes
CUST-03287,Female,1,No,No,5,Yes,Yes,DSL,Yes,Yes,Yes,Yes,No,No,Two year,No,Bank transfer (automatic),23.58,144.83,No
CUST-03288,Female,0,Yes,No,56,Yes,No,Fiber optic,No,Yes,Yes,Yes,No,No,One year,Yes,Electronic check,49.38,2770.87,Yes
CUST-03289,Female,0,Yes,No,70,Yes,Yes,Fiber optic,No,Yes,No,Yes,Yes,No,Month-to-month,Yes,Electronic check,64.67,4488.13,Yes
CUST-03290,Female,0,Yes,No,49,Yes,Yes,DSL,No,Yes,Yes,No,Yes,Yes,Two year,Yes,Bank transfer (automatic),23.47,1115.36,Yes
CUST-03291,Female,0,No,No,27,Yes,No,Fiber optic,No,No,No,Yes,No,Yes,One year,No,Bank transfer (automatic),51.04,1382.29,Yes
CUST-03292,Female,0,No,No,63,Yes,No,Fiber optic,No,No,Yes,Yes,No,No,One year,Yes,Bank transfer (automatic),43.01,2777.72,No
CUST-03293,Female,0,No,No,18,Yes,Yes,Fiber optic,Yes,Yes,No,No,No,Yes,Two year,Yes,Electronic check,37.28,718.98,Yes
CUST-03294,Female,0,No,Yes,50,Yes,No,DSL,No,Yes,Yes,Yes,No,No,Month-to-month,Yes,Electronic check,47.05,2378.97,Yes
CUST-03295,Female,0,Yes,No,43,Yes,No,Fiber optic,Yes,Yes,No,Yes,Yes,No,Month-to-month,Yes,Electronic check,60.31,2624.55,Yes
CUST-03296,Male,0,No,No,61,Yes,Yes,Fiber optic,No,No,No,No,Yes,Yes,Month-to-month,No,Bank transfer (automatic),54.41,3228.79,No
CUST-03297,Female,0,Yes,Yes,69,Yes,No,DSL,No,Yes,Yes,Yes,Yes,Yes,Month-to-month,Yes,Electronic check,54.67,3786.06,Yes
CUST-03298,Male,1,Yes,No,26,Yes,No,DSL,No,Yes,No,No,Yes,No,Two year,Yes,Credit card (automatic),33.52,884.99,Yes
CUST-03299,Male,0,No,Yes,7,Yes,Yes,Fiber optic,No,No,Yes,Yes,Yes,No,Two year,Yes,Credit card (automatic),34.0,180.53,No
CUST-03300,Male,0,No,No,12,No,No,DSL,Yes,No,No,Yes,Yes,Yes,One year,No,Credit card (automatic),29.98,450.42,No
CUST-03301,Male,0,Yes,No,53,Yes,No,No,Yes,Yes,Yes,No,No,No,One year,Yes,Mailed check,33.96,1819.94,No
CUST-03302,Female,0,Yes,No,26,No,No,DSL,Yes,No,No,No,No,Yes,Month-to-month,Yes,Mailed check,41.28,1097.4,Yes
CUST-03303,Male,0,No,No,10,Yes,No,Fiber optic,Yes,Yes,No,Yes,Yes,Yes,Two year,Yes,Mailed check,33.12,302.5,Yes
CUST-03304,Female,0,Yes,No,58,Yes,No,No,Yes,No,Yes,No,No,Yes,Month-to-month,No,Bank transfer (automatic),27.92,1631.5,No
CUST-03305,Female,0,No,No,47,Yes,No,DSL,No,No,No,No,Yes,Yes,Month-to-month,Yes,Credit card (automatic),47.69,2249.08,Yes
CUST-03306,Female,0,No,No,10,Yes,No,Fiber optic,No,Yes,No,No,No,Yes,Two year,Yes,Credit card (automatic),36.35,441.98,Yes
CUST-03307,Female,0,Yes,No,51,Yes,Yes,DSL,No,Yes,No,Yes,Yes,No,One year,No,Electronic check,41.94,2179.0,No
CUST-03308,Female,0,Yes,Yes,46,Yes,Yes,Fiber optic,No,No,No,Yes,Yes,Yes,One year,No,Electronic check,38.1,1762.08,No
CUST-03309,Female,0,Yes,Yes,70,No,No,No,Yes,Yes,No,No,No,Yes,Month-to-month,No,Mailed check,35.23,2407.03,No
CUST-03310,Male,0,No,Yes,71,Yes,Yes,No,No,Yes,Yes,Yes,Yes,No,Month-to-month,Yes,Electronic check,37.07,2583.26,Yes
CUST-03311,Male,0,Yes,No,70,Yes,No,Fiber optic,Yes,Yes,No,Yes,No,No,Month-to-month,Yes,Bank transfer (automatic),46.21,3133.22,Yes
CUST-03312,Female,0,No,No,64,Yes,Yes,No,No,Yes,Yes,Yes,No,Yes,Month-to-month,Yes,Bank transfer (automatic),39.29,2502.55,Yes
CUST-03313,Male,0,Yes,No,57,Yes,No,No,No,No,No,Yes,Yes,No,One year,Yes,Bank transfer (automatic),24.39,1412.25,No
CUST-03314,Female,0,No,No,48,Yes,Yes,DSL,Yes,No,No,Yes,No,Yes,One year,Yes,Electronic check,35.67,1716.63,No
CUST-03315,Female,0,Yes,Yes,39,Yes,Yes,No,No,No,No,Yes,No,No,Two year,No,Bank transfer (automatic),19.6,791.56,No
CUST-03316,Male,0,Yes,No,57,Yes,No,DSL,No,Yes,No,No,Yes,Yes,Month-to-month,No,Electronic check,30.39,1819.29,Yes
CUST-03317,Male,0,No,No,69,Yes,No,No,Yes,No,No,Yes,No,Yes,Month-to-month,Yes,Mailed check,44.03,3001.4,Yes
CUST-03318,Female,0,No,No,9,Yes,No,No,Yes,Yes,No,No,No,Yes,Two year,No,Bank transfer (automatic),21.81,159.37,No
CUST-03319,Female,0,Yes,Yes,10,Yes,No,Fiber optic,Yes,Yes,No,No,Yes,Yes,Month-to-month,No,Electronic check,55.63,562.52,No
CUST-03320,Female,0,Yes,No,36,Yes,No,Fiber optic,No,Yes,Yes,Yes,Yes,No,Month-to-month,No,Credit card (automatic),62.29,2181.08,Yes
CUST-03321,Female,0,No,No,21,Yes,Yes,No,No,Yes,No,No,Yes,No,One year,Yes,Electronic check,36.98,775.34,No
CUST-03322,Female,0,Yes,No,38,Yes,No,DSL,No,No,No,No,No,No,Month-to-month,Yes,Credit card (automatic),45.73,1720.59,Yes
CUST-03323,Male,0,Yes,No,23,Yes,No,Fiber optic,Yes,Yes,No,No,No,Yes,Month-to-month,Yes,Credit card (automatic),44.75,979.39,No
CUST-03324,Male,0,Yes,No,56,Yes,Yes,Fiber optic,Yes,Yes,Yes,Yes,No,No,One year,No,Electronic check,40.49,2216.53,Yes
CUST-03325,Female,0,Yes,No,64,Yes,Yes,Fiber optic,Yes,No,No,No,No,Yes,Month-to-month,Yes,Electronic check,37.33,2369.12,Yes
CUST-03326,Male,0,No,No,21,Yes,No,DSL,Yes,Yes,No,No,Yes,No,Two year,No,Electronic check,36.27,735.0,No
CUST-03327,Female,0,No,No,55,No,Yes,DSL,No,No,No,No,No,Yes,Month-to-month,No,Bank transfer (automatic),40.34,2205.43,Yes
CUST-03328,Female,0,No,No,8,Yes,Yes,No,Yes,No,Yes,No,Yes,No,Month-to-month,Yes,Electronic check,71.79,629.11,Yes
CUST-03329,Female,0,No,No,57,Yes,Yes,No,Yes,Yes,No,No,Yes,Yes,Two year,Yes,Credit card (automatic),18.0,1068.98,No
CUST-03330,Male,0,Yes,Yes,50,Yes,No,No,No,Yes,Yes,No,Yes,No,Month-to-month,No,Bank transfer (automatic),34.13,1723.31,No
CUST-03331,Male,0,No,No,51,Yes,No,Fiber optic,Yes,No,No,Yes,No,Yes,Month-to-month,Yes,Credit card (automatic),46.65,2407.3,Yes
CUST-03332,Male,0,Yes,No,35,No,No,Fiber optic,No,No,No,No,No,No,Month-to-month,Yes,Bank transfer (automatic),57.04,1956.65,No
CUST-03333,Female,0,Yes,No,8,Yes,Yes,Fiber optic,No,No,Yes,No,No,Yes,Month-to-month,Yes,Bank transfer (automatic),53.51,453.82,Yes
CUST-03334,Male,0,No,No,60,Yes,Yes,Fiber optic,No,Yes,No,Yes,Yes,Yes,Month-to-month,Yes,Electronic check,61.62,3658.05,Yes
CUST-03335,Female,0,Yes,Yes,8,Yes,Yes,No,No,No,No,Yes,Yes,No,Month-to-month,Yes,Bank transfer (automatic),48.01,408.75,No
CUST-03336,Female,0,Yes,No,35,Yes,No,DSL,No,Yes,No,Yes,No,No,Two year,Yes,Bank transfer (automatic),33.09,1232.35,No
CUST-03337,Male,1,Yes,Yes,13,Yes,No,No,No,Yes,No,Yes,Yes,Yes,Month-to-month,Yes,Bank transfer (automatic),31.64,452.33,Yes
CUST-03338,Female,0,No,No,61,Yes,Yes,No,No,Yes,Yes,No,Yes,No,One year,No,Credit card (automatic),37.18,2304.69,No
CUST-03339,Male,0,Yes,No,41,Yes,No,Fiber optic,No,No,No,No,No,No,One year,Yes,Mailed check,52.13,2095.83,Yes
CUST-03340,Male,0,No,No,37,Yes,No,No,Yes,No,No,No,No,Yes,Month-to-month,Yes,Bank transfer (automatic),32.08,1187.95,No
CUST-03341,Male,0,No,No,23,Yes,Yes,No,No,No,No,No,No,Yes,Month-to-month,Yes,Mailed check,42.97,1001.12,Yes
CUST-03342,Female,0,No,No,56,Yes,Yes,DSL,Yes,Yes,No,Yes,No,Yes,Month-to-month,No,Bank transfer (automatic),24.17,1397.09,No
CUST-03343,Female,0,Yes,No,15,Yes,No,DSL,No,No,No,No,No,Yes,One year,No,Credit card (automatic),37.72,538.84,Yes
CUST-03344,Male,0,No,Yes,52,Yes,Yes,Fiber optic,Yes,Yes,No,Yes,Yes,Yes,Month-to-month,Yes,Bank transfer (automatic),43.2,2244.61,No
CUST-03345,Male,0,Yes,No,69,Yes,No,Fiber optic,No,No,No,No,No,No,Month-to-month,Yes,Electronic check,58.49,4102.91,No
CUST-03346,Male,1,No,No,19,No,No,DSL,No,No,No,No,Yes,No,One year,Yes,Mailed check,39.88,762.34,No
CUST-03347,Male,1,No,No,49,Yes,No,Fiber optic,Yes,Yes,Yes,No,Yes,Yes,One year,Yes,Credit card (automatic),39.73,1859.12,No
CUST-03348,Female,0,Yes,Yes,22,No,No,Fiber optic,No,No,No,No,No,Yes,Two year,Yes,Electronic check,43.51,914.52,No
CUST-03349,Female,0,No,No,67,Yes,No,Fiber optic,No,No,No,Yes,Yes,Yes,One year,Yes,Credit card (automatic),39.35,2612.32,Yes
CUST-03350,Male,0,Yes,No,64,Yes,No,DSL,No,Yes,No,No,Yes,Yes,One year,No,Credit card (automatic),31.18,1957.56,No
CUST-03351,Female,1,Yes,No,23,Yes,No,DSL,No,Yes,Yes,Yes,Yes,No,Month-to-month,No,Electronic check,49.9,1160.71,Yes
CUST-03352,Male,1,Yes,Yes,17,Yes,No,No,Yes,No,Yes,No,No,Yes,Two year,Yes,Credit card (automatic),45.92,829.28,No
CUST-03353,Female,0,No,No,6,Yes,No,DSL,No,No,No,Yes,Yes,Yes,One year,Yes,Bank transfer (automatic),46.8,336.76,Yes
CUST-03354,Male,0,No,No,50,Yes,Yes,Fiber optic,No,No,Yes,No,Yes,No,Month-to-month,Yes,Credit card (automatic),62.55,3186.27,Yes
CUST-03355,Male,0,No,No,66,Yes,No,Fiber optic,No,Yes,Yes,No,No,Yes,One year,No,Mailed check,26.65,1738.24,Yes
CUST-03356,Female,0,Yes,No,11,Yes,No,No,No,Yes,No,Yes,Yes,No,Month-to-month,Yes,Bank transfer (automatic),39.95,433.5,Yes
CUST-03357,Female,0,No,No,58,Yes,No,No,Yes,Yes,Yes,Yes,Yes,No,One year,No,Electronic check,40.87,2369.75,No
CUST-03358,Male,0,No,Yes,54,Yes,No,No,No,No,No,Yes,Yes,No,Two year,Yes,Mailed check,20.91,1249.44,No
CUST-03359,Female,0,No,No,34,Yes,Yes,Fiber optic,Yes,Yes,Yes,Yes,No,Yes,Month-to-month,Yes,Electronic check,65.46,2244.89,Yes
CUST-03360,Male,0,Yes,No,16,Yes,Yes,DSL,Yes,Yes,Yes,Yes,Yes,No,Month-to-month,Yes,Bank transfer (automatic),38.42,612.58,No
CUST-03361,Male,0,Yes,No,47,Yes,No,DSL,No,No,No,No,Yes,Yes,One year,No,Electronic check,34.84,1604.63,Yes
CUST-03362,Male,0,No,No,43,No,No,Fiber optic,No,No,No,No,Yes,Yes,One year,Yes,Credit card (automatic),37.03,1643.95,Yes
CUST-03363,Female,0,Yes,No,58,Yes,No,DSL,No,Yes,No,No,No,Yes,One year,Yes,Electronic check,40.1,2279.19,No
CUST-03364,Male,0,Yes,No,41,No,No,DSL,No,Yes,No,Yes,Yes,Yes,Month-to-month,No,Bank transfer (automatic),49.26,2033.21,Yes
CUST-03365,Female,0,No,No,4,Yes,Yes,DSL,Yes,No,No,No,No,Yes,Two year,No,Credit card (automatic),43.05,172.4,No
CUST-03366,Male,0,Yes,Yes,15,Yes,No,Fiber optic,No,Yes,Yes,No,Yes,Yes,One year,Yes,Mailed check,58.66,869.65,Yes
CUST-03367,Male,0,Yes,No,28,No,Yes,Fiber optic,No,Yes,Yes,Yes,No,Yes,Two year,Yes,Electronic check,61.75,1808.66,Yes
CUST-03368,Female,0,Yes,Yes,35,Yes,Yes,No,No,Yes,Yes,No,Yes,No,Month-to-month,No,Electronic check,43.83,1559.17,Yes
CUST-03369,Female,0,No,No,25,No,No,Fiber optic,Yes,Yes,Yes,No,Yes,No,Month-to-month,Yes,Credit card (automatic),39.91,1042.07,Yes
CUST-03370,Female,0,No,No,63,Yes,No,DSL,Yes,No,No,Yes,Yes,No,One year,Yes,Credit card (automatic),32.31,1991.45,No
CUST-03371,Male,0,Yes,Yes,20,Yes,Yes,Fiber optic,Yes,Yes,No,Yes,No,No,One year,Yes,Bank transfer (automatic),43.11,906.66,Yes
CUST-03372,Female,0,Yes,No,49,Yes,Yes,DSL,No,No,No,No,Yes,Yes,Month-to-month,Yes,Bank transfer (automatic),31.72,1612.9,No
CUST-03373,Female,0,No,Yes,26,Yes,No,No,No,Yes,No,Yes,Yes,Yes,Month-to-month,Yes,Mailed check,49.35,1296.62,No
CUST-03374,Male,0,Yes,No,71,Yes,Yes,Fiber optic,No,No,Yes,No,No,No,Two year,Yes,Mailed check,29.17,2055.68,No
CUST-03375,Male,0,No,No,66,Yes,No,DSL,Yes,No,No,Yes,No,Yes,One year,Yes,Mailed check,27.73,1800.07,No
CUST-03376,Male,0,No,No,56,Yes,No,Fiber optic,No,No,No,Yes,No,No,Month-to-month,Yes,Mailed check,50.95,2856.33,Yes
CUST-03377,Male,0,Yes,No,55,Yes,Yes,Fiber optic,No,Yes,Yes,No,No,Yes,Month-to-month,Yes,Credit card (automatic),52.3,2870.86,Yes
CUST-03378,Male,0,Yes,No,46,Yes,No,Fiber optic,No,No,No,Yes,Yes,No,One year,Yes,Credit card (automatic),38.6,1753.8,No
CUST-03379,Male,0,Yes,No,42,Yes,No,DSL,Yes,No,Yes,Yes,No,No,Month-to-month,Yes,Credit card (automatic),39.94,1698.7,No
CUST-03380,Female,0,No,No,40,Yes,No,DSL,No,Yes,No,No,No,Yes,One year,No,Electronic check,41.25,1660.27,No
CUST-03381,Male,0,Yes,Yes,2,Yes,Yes,DSL,No,Yes,No,No,Yes,No,Month-to-month,Yes,Electronic check,49.68,86.27,Yes
CUST-03382,Male,0,No,No,67,Yes,Yes,Fiber optic,No,Yes,No,No,Yes,Yes,Two year,Yes,Credit card (automatic),40.12,2675.63,Yes
CUST-03383,Male,0,No,Yes,70,Yes,Yes,DSL,No,No,No,No,Yes,Yes,One year,No,Electronic check,37.47,2556.61,No
CUST-03384,Male,1,No,No,38,Yes,Yes,DSL,Yes,Yes,Yes,No,No,No,One year,No,Electronic check,39.11,1481.5,No
CUST-03385,Male,0,No,No,62,No,No,Fiber optic,Yes,Yes,Yes,Yes,No,No,One year,No,Electronic check,46.26,2820.28,No
CUST-03386,Female,0,Yes,No,29,Yes,No,Fiber optic,Yes,No,No,Yes,Yes,Yes,Two year,Yes,Electronic check,42.3,1213.02,Yes
CUST-03387,Male,0,No,No,8,Yes,No,DSL,Yes,Yes,No,Yes,No,Yes,Month-to-month,No,Mailed check,51.39,424.88,Yes
CUST-03388,Male,0,No,Yes,60,Yes,No,No,Yes,Yes,No,Yes,No,Yes,Month-to-month,Yes,Electronic check,39.04,2270.01,Yes
CUST-03389,Female,0,Yes,No,37,Yes,Yes,Fiber optic,No,No,No,Yes,Yes,Yes,Month-to-month,No,Bank transfer (automatic),41.76,1535.17,Yes
CUST-03390,Male,0,Yes,Yes,67,Yes,No,No,Yes,Yes,No,No,Yes,No,Two year,Yes,Mailed check,18.0,1221.35,No
CUST-03391,Female,1,Yes,No,16,Yes,Yes,DSL,No,Yes,No,No,No,No,One year,Yes,Mailed check,34.3,488.63,Yes
CUST-03392,Male,0,Yes,No,35,Yes,No,Fiber optic,Yes,Yes,No,Yes,Yes,Yes,Month-to-month,Yes,Bank transfer (automatic),43.01,1481.93,Yes
CUST-03393,Male,0,No,No,48,Yes,Yes,Fiber optic,Yes,No,No,No,Yes,Yes,Month-to-month,Yes,Mailed check,50.29,2361.47,Yes
CUST-03394,Female,0,Yes,No,10,Yes,No,Fiber optic,Yes,No,Yes,No,No,No,One year,Yes,Electronic check,45.0,485.75,No
CUST-03395,Female,0,No,No,71,Yes,Yes,DSL,Yes,Yes,Yes,Yes,Yes,No,Month-to-month,Yes,Bank transfer (automatic),30.78,2160.9,No
CUST-03396,Male,0,No,No,44,Yes,No,DSL,No,No,No,Yes,No,No,One year,No,Bank transfer (automatic),31.76,1371.0,No
CUST-03397,Female,0,Yes,Yes,13,Yes,No,No,No,No,No,No,Yes,No,Month-to-month,Yes,Mailed check,31.67,446.55,Yes
CUST-03398,Male,0,No,Yes,53,Yes,Yes,No,No,Yes,No,Yes,No,No,One year,Yes,Electronic check,26.46,1392.75,No
CUST-03399,Female,0,Yes,Yes,63,Yes,Yes,DSL,No,No,Yes,Yes,Yes,Yes,Month-to-month,Yes,Credit card (automatic),34.95,2274.76,Yes
CUST-03400,Male,0,Yes,No,27,Yes,No,DSL,Yes,No,No,No,Yes,No,Month-to-month,No,Electronic check,47.16,1295.08,No
CUST-03401,Male,0,Yes,Yes,44,Yes,Yes,DSL,No,Yes,No,No,Yes,No,Month-to-month,Yes,Electronic check,41.53,1845.96,Yes
CUST-03402,Male,0,Yes,No,54,Yes,No,Fiber optic,Yes,No,No,No,Yes,No,One year,No,Electronic check,39.78,2168.07,No
CUST-03403,Female,0,Yes,No,11,Yes,Yes,DSL,Yes,No,Yes,Yes,Yes,No,One year,No,Bank transfer (automatic),40.5,497.82,No
CUST-03404,Male,0,Yes,No,38,No,No,Fiber optic,Yes,No,Yes,No,Yes,No,Two year,No,Bank transfer (automatic),33.77,1159.26,Yes
CUST-03405,Female,0,Yes,No,40,Yes,Yes,DSL,No,No,Yes,Yes,Yes,No,One year,Yes,Credit card (automatic),48.33,1961.04,No
CUST-03406,Female,1,Yes,Yes,22,Yes,No,Fiber optic,No,Yes,Yes,Yes,Yes,Yes,One year,No,Bank transfer (automatic),40.81,865.24,No
CUST-03407,Female,0,No,No,22,Yes,Yes,No,Yes,No,No,Yes,No,No,Month-to-month,Yes,Electronic check,58.9,1248.51,Yes
CUST-03408,Male,0,Yes,Yes,45,Yes,Yes,DSL,Yes,Yes,Yes,Yes,No,No,Month-to-month,Yes,Credit card (automatic),44.5,1996.94,No
CUST-03409,Male,0,No,No,54,Yes,Yes,No,No,No,No,No,Yes,No,One year,Yes,Electronic check,38.36,2068.07,Yes
CUST-03410,Female,0,No,No,28,No,Yes,No,No,No,No,Yes,Yes,Yes,Month-to-month,Yes,Credit card (automatic),36.82,960.94,Yes
CUST-03411,Female,1,No,No,11,Yes,Yes,Fiber optic,No,Yes,Yes,Yes,No,Yes,One year,No,Electronic check,50.3,505.79,Yes
CUST-03412,Male,0,No,No,56,Yes,No,DSL,Yes,No,No,No,Yes,Yes,Month-to-month,Yes,Mailed check,29.61,1601.65,Yes
CUST-03413,Female,0,No,Yes,13,Yes,No,Fiber optic,Yes,No,No,Yes,Yes,Yes,Month-to-month,Yes,Credit card (automatic),44.27,541.88,Yes
CUST-03414,Female,0,No,No,1,Yes,No,DSL,No,No,No,No,Yes,No,One year,Yes,Bank transfer (automatic),39.83,60.02,Yes
CUST-03415,Male,0,No,No,23,Yes,No,No,Yes,Yes,Yes,No,Yes,No,Two year,Yes,Electronic check,46.44,1052.91,Yes
CUST-03416,Female,0,No,Yes,59,Yes,No,Fiber optic,No,No,No,Yes,No,Yes,One year,Yes,Bank transfer (automatic),32.32,1918.38,No
CUST-03417,Male,0,Yes,No,54,Yes,Yes,Fiber optic,Yes,Yes,No,Yes,Yes,No,One year,No,Electronic check,42.04,2238.49,No
CUST-03418,Male,0,No,Yes,22,Yes,No,Fiber optic,No,Yes,No,No,Yes,No,One year,Yes,Electronic check,40.23,939.63,No
CUST-03419,Female,1,No,Yes,37,Yes,No,DSL,No,Yes,No,No,Yes,No,Month-to-month,No,Mailed check,47.44,1737.03,No
CUST-03420,Female,0,Yes,No,69,Yes,No,Fiber optic,Yes,No,No,No,Yes,No,One year,No,Credit card (automatic),46.11,3217.41,No
CUST-03421,Male,0,No,Yes,52,Yes,Yes,No,Yes,No,No,No,No,No,Month-to-month,Yes,Mailed check,34.86,1815.24,No
CUST-03422,Male,0,No,No,54,Yes,No,Fiber optic,Yes,Yes,No,No,Yes,No,Two year,Yes,Electronic check,40.15,2137.01,Yes
CUST-03423,Male,0,No,Yes,7,Yes,No,DSL,No,Yes,No,No,Yes,Yes,One year,Yes,Bank transfer (automatic),61.72,518.74,No
CUST-03424,Female,0,Yes,No,18,Yes,No,No,No,Yes,Yes,No,No,No,Month-to-month,Yes,Credit card (automatic),39.09,753.06,Yes
CUST-03425,Male,0,Yes,No,8,No,No,DSL,Yes,No,Yes,No,No,Yes,Month-to-month,Yes,Bank transfer (automatic),34.37,266.4,Yes
CUST-03426,Male,0,Yes,No,70,Yes,No,No,Yes,Yes,Yes,Yes,No,No,One year,Yes,Electronic check,37.81,2683.55,No
CUST-03427,Female,0,No,No,25,Yes,Yes,DSL,No,No,Yes,No,Yes,No,Month-to-month,Yes,Credit card (automatic),37.97,948.63,No
CUST-03428,Male,0,No,No,36,Yes,Yes,Fiber optic,No,No,Yes,No,No,No,Month-to-month,Yes,Credit card (automatic),54.49,1950.74,Yes
CUST-03429,Male,1,No,No,40,Yes,Yes,Fiber optic,No,No,Yes,No,Yes,No,One year,No,Mailed check,46.97,1850.73,Yes
CUST-03430,Female,0,Yes,Yes,38,Yes,No,DSL,Yes,No,Yes,No,Yes,No,One year,Yes,Credit card (automatic),24.81,942.34,No
CUST-03431,Female,1,Yes,No,4,Yes,No,DSL,Yes,Yes,No,No,No,No,Month-to-month,No,Electronic check,37.73,163.44,Yes
CUST-03432,Male,0,No,No,65,Yes,No,DSL,No,Yes,No,No,Yes,Yes,Month-to-month,Yes,Electronic check,55.2,3596.57,Yes
CUST-03433,Female,0,No,Yes,28,No,Yes,Fiber optic,No,Yes,Yes,Yes,Yes,Yes,One year,Yes,Mailed check,56.37,1601.59,Yes
CUST-03434,Female,0,Yes,No,66,Yes,Yes,DSL,Yes,No,No,No,Yes,No,Month-to-month,No,Credit card (automatic),35.06,2313.03,No
CUST-03435,Female,0,Yes,No,55,Yes,No,DSL,No,Yes,Yes,No,Yes,No,Two year,No,Bank transfer (automatic),38.07,2041.74,No
CUST-03436,Male,0,Yes,Yes,50,Yes,No,Fiber optic,No,Yes,No,No,No,Yes,One year,No,Credit card (automatic),50.13,2522.49,No
CUST-03437,Female,0,No,No,50,Yes,Yes,No,Yes,Yes,No,No,Yes,Yes,Month-to-month,No,Credit card (automatic),43.2,2130.65,No
CUST-03438,Male,0,No,No,70,Yes,No,DSL,No,Yes,Yes,Yes,No,Yes,Two year,Yes,Credit card (automatic),30.12,2041.39,No
CUST-03439,Male,0,Yes,No,22,Yes,Yes,Fiber optic,No,Yes,No,Yes,No,No,One year,Yes,Credit card (automatic),47.93,1044.1,Yes
CUST-03440,Male,0,No,Yes,24,Yes,No,No,Yes,Yes,Yes,Yes,Yes,No,Two year,Yes,Electronic check,41.96,984.67,No
CUST-03441,Male,0,No,No,48,Yes,Yes,Fiber optic,Yes,Yes,Yes,Yes,Yes,Yes,Two year,No,Bank transfer (automatic),18.0,828.81,No
CUST-03442,Female,0,No,No,17,Yes,No,No,No,No,Yes,No,Yes,Yes,Month-to-month,No,Electronic check,45.06,712.23,Yes
CUST-03443,Female,0,Yes,Yes,58,No,Yes,Fiber optic,No,Yes,Yes,No,Yes,Yes,Month-to-month,Yes,Mailed check,38.03,2215.31,Yes
CUST-03444,Female,0,Yes,No,3,Yes,Yes,Fiber optic,Yes,No,Yes,Yes,No,Yes,Two year,No,Mailed check,28.27,56.73,No
CUST-03445,Male,0,No,Yes,64,Yes,No,Fiber optic,No,No,No,No,No,Yes,Month-to-month,Yes,Bank transfer (automatic),49.57,3133.21,No
CUST-03446,Male,0,No,Yes,25,Yes,Yes,DSL,No,No,Yes,No,Yes,No,Month-to-month,No,Credit card (automatic),41.73,1057.21,Yes
CUST-03447,Female,0,No,Yes,1,Yes,No,Fiber optic,No,Yes,No,Yes,Yes,No,One year,Yes,Electronic check,49.27,39.08,Yes
CUST-03448,Male,0,No,Yes,43,Yes,No,Fiber optic,No,No,Yes,No,No,Yes,One year,No,Credit card (automatic),34.96,1515.64,No
CUST-03449,Male,0,Yes,Yes,20,Yes,No,DSL,Yes,Yes,Yes,No,No,Yes,One year,Yes,Bank transfer (automatic),34.51,681.8,No
CUST-03450,Female,0,Yes,No,22,Yes,Yes,Fiber optic,No,Yes,No,Yes,No,No,Month-to-month,No,Bank transfer (automatic),45.4,1010.79,Yes
CUST-03451,Female,0,Yes,No,35,Yes,No,Fiber optic,Yes,Yes,No,No,No,Yes,One year,Yes,Bank transfer (automatic),53.5,1811.8,Yes
CUST-03452,Female,0,No,Yes,42,Yes,No,DSL,Yes,No,No,No,Yes,Yes,One year,No,Electronic check,39.18,1701.26,No
CUST-03453,Female,0,Yes,No,10,Yes,No,Fiber optic,Yes,Yes,No,No,No,Yes,Month-to-month,Yes,Electronic check,48.51,413.73,Yes
CUST-03454,Female,0,No,Yes,4,Yes,No,DSL,No,Yes,No,Yes,No,No,Month-to-month,No,Electronic check,43.47,205.64,Yes
CUST-03455,Male,0,No,No,33,Yes,No,DSL,Yes,Yes,No,No,Yes,Yes,Month-to-month,No,Electronic check,49.49,1626.11,Yes
CUST-03456,Male,0,No,No,26,Yes,No,Fiber optic,Yes,No,Yes,Yes,Yes,No,One year,Yes,Mailed check,36.85,1042.97,Yes
CUST-03457,Male,0,No,No,42,Yes,Yes,DSL,Yes,Yes,No,No,Yes,No,One year,Yes,Electronic check,43.61,1831.53,Yes
CUST-03458,Female,0,No,No,54,Yes,No,Fiber optic,No,No,Yes,Yes,Yes,Yes,Month-to-month,Yes,Bank transfer (automatic),44.82,2445.31,Yes
CUST-03459,Male,0,Yes,Yes,44,Yes,Yes,DSL,Yes,Yes,Yes,Yes,No,No,Two year,Yes,Mailed check,30.19,1243.55,No
CUST-03460,Female,0,No,Yes,8,No,No,No,Yes,Yes,Yes,No,No,No,One year,Yes,Bank transfer (automatic),49.2,441.44,No
CUST-03461,Female,0,Yes,No,71,Yes,No,No,No,No,No,Yes,Yes,No,Month-to-month,No,Electronic check,44.21,3155.76,No
CUST-03462,Male,0,Yes,No,51,No,No,DSL,No,Yes,No,Yes,Yes,Yes,One year,No,Mailed check,44.48,2195.28,No
CUST-03463,Male,0,No,No,4,Yes,No,DSL,No,Yes,Yes,Yes,Yes,Yes,Month-to-month,Yes,Credit card (automatic),40.71,134.3,Yes
CUST-03464,Female,0,No,No,55,Yes,Yes,DSL,No,No,Yes,No,No,No,Month-to-month,Yes,Credit card (automatic),36.17,1975.23,Yes
CUST-03465,Female,0,No,No,63,Yes,No,DSL,Yes,No,No,No,No,Yes,One year,No,Bank transfer (automatic),32.18,2069.34,No
CUST-03466,Male,0,Yes,No,41,Yes,No,Fiber optic,Yes,Yes,No,Yes,Yes,No,Month-to-month,Yes,Bank transfer (automatic),41.28,1679.92,Yes
CUST-03467,Male,0,Yes,No,60,Yes,No,Fiber optic,Yes,No,No,Yes,Yes,No,Two year,No,Credit card (automatic),29.07,1691.02,No
CUST-03468,Female,0,No,Yes,63,Yes,Yes,Fiber optic,No,Yes,No,No,Yes,No,One year,Yes,Electronic check,49.37,3090.48,No
CUST-03469,Male,0,No,Yes,69,Yes,No,No,No,No,No,No,Yes,No,Month-to-month,Yes,Electronic check,36.67,2550.56,Yes
CUST-03470,Male,0,Yes,No,68,Yes,No,No,No,No,No,Yes,No,No,Month-to-month,No,Bank transfer (automatic),18.57,1256.83,No
CUST-03471,Female,0,No,Yes,14,Yes,No,Fiber optic,No,No,No,Yes,Yes,No,Two year,Yes,Electronic check,47.77,693.64,Yes
CUST-03472,Male,0,No,No,3,Yes,No,Fiber optic,No,Yes,No,No,No,Yes,Month-to-month,Yes,Electronic check,46.53,40.54,Yes
CUST-03473,Male,0,No,No,47,No,Yes,Fiber optic,No,Yes,No,Yes,No,Yes,Month-to-month,Yes,Credit card (automatic),42.42,2065.32,No
CUST-03474,Male,1,Yes,No,49,No,No,Fiber optic,Yes,No,No,No,Yes,Yes,Month-to-month,No,Electronic check,47.11,2305.78,Yes
CUST-03475,Female,1,No,No,41,Yes,No,DSL,No,No,No,Yes,Yes,Yes,Two year,No,Credit card (automatic),26.84,1111.82,No
CUST-03476,Female,0,Yes,No,17,Yes,No,DSL,Yes,No,No,Yes,No,Yes,Month-to-month,No,Mailed check,43.26,768.63,Yes
CUST-03477,Male,0,Yes,No,68,Yes,Yes,DSL,Yes,Yes,No,Yes,No,No,One year,Yes,Mailed check,37.83,2621.68,No
CUST-03478,Male,0,Yes,No,29,Yes,No,DSL,Yes,Yes,Yes,No,No,No,One year,Yes,Mailed check,37.91,1144.15,No
CUST-03479,Female,0,No,Yes,53,Yes,Yes,Fiber optic,No,No,No,Yes,No,Yes,Month-to-month,No,Electronic check,52.05,2725.74,Yes
CUST-03480,Male,0,No,No,45,Yes,Yes,Fiber optic,No,Yes,Yes,Yes,Yes,No,Month-to-month,No,Electronic check,39.27,1699.08,Yes
CUST-03481,Male,0,Yes,Yes,64,Yes,No,Fiber optic,No,No,Yes,Yes,Yes,No,Month-to-month,No,Bank transfer (automatic),35.0,2259.0,No
CUST-03482,Female,0,Yes,Yes,51,Yes,Yes,No,No,No,No,Yes,Yes,No,Month-to-month,No,Mailed check,66.28,3427.09,Yes
CUST-03483,Male,0,Yes,No,46,No,No,DSL,Yes,No,No,Yes,Yes,No,Month-to-month,Yes,Mailed check,39.22,1823.31,No
CUST-03484,Female,0,Yes,Yes,60,Yes,No,No,Yes,Yes,No,Yes,No,No,Month-to-month,Yes,Mailed check,45.04,2618.13,No
CUST-03485,Female,0,No,Yes,4,Yes,No,DSL,Yes,Yes,No,No,No,No,One year,Yes,Mailed check,29.81,200.6,No
CUST-03486,Female,0,Yes,Yes,51,Yes,No,DSL,Yes,No,Yes,Yes,Yes,No,Month-to-month,Yes,Electronic check,48.88,2471.32,No
CUST-03487,Female,0,Yes,No,42,Yes,No,DSL,No,No,Yes,Yes,Yes,Yes,Month-to-month,Yes,Electronic check,42.97,1838.5,No
CUST-03488,Male,0,No,No,56,Yes,Yes,DSL,Yes,Yes,Yes,No,No,Yes,One year,No,Credit card (automatic),26.24,1392.66,No
CUST-03489,Female,1,Yes,Yes,16,Yes,Yes,DSL,No,No,No,No,No,No,Month-to-month,No,Bank transfer (automatic),59.07,1000.58,Yes
CUST-03490,Male,0,No,No,43,Yes,Yes,Fiber optic,No,Yes,Yes,No,Yes,No,Month-to-month,Yes,Electronic check,65.83,2870.18,Yes
CUST-03491,Female,0,No,Yes,21,No,No,DSL,Yes,No,Yes,Yes,No,No,One year,Yes,Electronic check,38.78,796.68,No
CUST-03492,Male,0,No,No,9,Yes,No,DSL,No,Yes,No,No,No,No,One year,No,Mailed check,38.98,401.92,Yes
CUST-03493,Female,1,No,Yes,41,Yes,No,DSL,No,No,Yes,Yes,Yes,Yes,Month-to-month,No,Bank transfer (automatic),35.48,1461.6,Yes
CUST-03494,Male,1,Yes,No,2,No,Yes,Fiber optic,No,No,No,No,No,Yes,Month-to-month,Yes,Bank transfer (automatic),47.88,128.87,Yes
CUST-03495,Male,0,No,No,7,Yes,No,Fiber optic,Yes,Yes,No,No,No,No,Two year,Yes,Electronic check,45.76,315.37,No
CUST-03496,Male,0,No,No,38,Yes,No,DSL,Yes,Yes,No,No,No,No,Two year,Yes,Bank transfer (automatic),30.99,1148.93,No
CUST-03497,Female,0,Yes,No,64,Yes,Yes,DSL,No,No,Yes,Yes,No,No,Month-to-month,Yes,Electronic check,54.92,3587.12,No
CUST-03498,Female,0,No,No,51,Yes,Yes,Fiber optic,No,Yes,Yes,No,No,Yes,One year,Yes,Mailed check,46.29,2379.53,Yes
CUST-03499,Female,1,No,No,2,Yes,No,Fiber optic,Yes,Yes,Yes,No,Yes,No,One year,Yes,Electronic check,43.63,31.56,Yes
CUST-03500,Female,0,No,No,8,Yes,Yes,Fiber optic,No,No,Yes,No,Yes,Yes,Month-to-month,Yes,Electronic check,43.19,351.34,Yes
CUST-03501,Female,0,No,No,31,Yes,No,Fiber optic,Yes,Yes,Yes,No,No,No,Month-to-month,Yes,Mailed check,45.51,1438.64,No
CUST-03502,Male,0,Yes,No,31,Yes,Yes,DSL,No,No,Yes,No,Yes,Yes,Month-to-month,Yes,Bank transfer (automatic),36.29,1169.32,Yes
CUST-03503,Female,0,No,Yes,3,Yes,Yes,Fiber optic,Yes,No,No,Yes,No,No,Month-to-month,No,Electronic check,50.74,237.77,Yes
CUST-03504,Female,0,No,Yes,19,Yes,Yes,Fiber optic,No,Yes,Yes,No,Yes,Yes,Month-to-month,Yes,Electronic check,60.16,1167.87,Yes
CUST-03505,Female,0,No,Yes,10,No,No,Fiber optic,Yes,Yes,No,Yes,No,No,Month-to-month,Yes,Mailed check,51.71,487.85,No
CUST-03506,Male,0,Yes,No,41,Yes,No,DSL,No,No,Yes,No,Yes,Yes,Month-to-month,Yes,Credit card (automatic),38.51,1570.17,Yes
CUST-03507,Male,0,No,No,47,Yes,No,Fiber optic,No,No,No,Yes,No,Yes,One year,Yes,Electronic check,46.39,2232.5,No
CUST-03508,Male,1,No,Yes,28,Yes,No,Fiber optic,Yes,No,No,No,No,Yes,Month-to-month,Yes,Credit card (automatic),61.82,1703.05,No
CUST-03509,Female,0,Yes,No,41,Yes,Yes,Fiber optic,Yes,Yes,Yes,Yes,Yes,Yes,One year,Yes,Credit card (automatic),40.86,1683.48,No
CUST-03510,Female,1,No,No,15,Yes,No,Fiber optic,No,Yes,No,Yes,Yes,No,Month-to-month,Yes,Bank transfer (automatic),53.59,784.54,Yes
CUST-03511,Male,0,No,No,61,Yes,No,Fiber optic,No,No,No,No,Yes,No,One year,Yes,Bank transfer (automatic),35.85,2174.24,Yes
CUST-03512,Male,0,No,No,1,Yes,No,DSL,No,Yes,No,No,Yes,No,Month-to-month,Yes,Credit card (automatic),49.49,40.3,Yes
CUST-03513,Female,0,No,No,36,Yes,No,DSL,Yes,Yes,No,No,Yes,No,Month-to-month,No,Credit card (automatic),51.4,1859.5,Yes
CUST-03514,Female,0,Yes,Yes,23,Yes,No,DSL,Yes,No,No,No,Yes,Yes,Two year,No,Electronic check,32.72,747.03,Yes
CUST-03515,Female,0,No,No,33,Yes,No,Fiber optic,Yes,Yes,No,Yes,No,Yes,Month-to-month,Yes,Electronic check,48.64,1540.57,Yes
CUST-03516,Male,0,No,Yes,37,Yes,Yes,Fiber optic,No,Yes,No,Yes,Yes,Yes,Month-to-month,No,Mailed check,52.47,1990.5,Yes
CUST-03517,Female,0,Yes,Yes,46,Yes,Yes,Fiber optic,Yes,Yes,No,Yes,Yes,Yes,Month-to-month,No,Electronic check,44.47,2090.03,Yes
CUST-03518,Male,0,Yes,No,66,Yes,Yes,Fiber optic,Yes,Yes,No,Yes,Yes,Yes,Two year,Yes,Electronic check,43.57,2883.94,No
CUST-03519,Male,0,Yes,No,40,Yes,Yes,Fiber optic,No,Yes,No,No,No,Yes,Month-to-month,No,Credit card (automatic),46.52,1910.94,Yes
CUST-03520,Male,1,No,No,17,Yes,No,Fiber optic,No,Yes,No,Yes,Yes,Yes,One year,No,Bank transfer (automatic),44.0,777.7,Yes
CUST-03521,Male,1,Yes,Yes,38,Yes,Yes,DSL,No,No,Yes,No,Yes,Yes,One year,Yes,Electronic check,51.05,1971.78,Yes
CUST-03522,Female,1,No,No,37,Yes,No,DSL,No,Yes,No,Yes,Yes,Yes,Two year,Yes,Electronic check,47.07,1754.65,Yes
CUST-03523,Male,0,No,No,62,Yes,No,DSL,No,Yes,Yes,No,Yes,Yes,Two year,Yes,Bank transfer (automatic),39.86,2501.68,No
CUST-03524,Female,1,No,No,41,Yes,No,Fiber optic,Yes,No,Yes,No,No,Yes,Month-to-month,Yes,Mailed check,59.54,2400.09,Yes
CUST-03525,Female,0,Yes,No,62,No,No,DSL,No,No,Yes,No,No,Yes,Month-to-month,Yes,Electronic check,45.38,2800.59,No
CUST-03526,Female,1,No,No,47,Yes,Yes,DSL,No,Yes,No,No,No,Yes,Two year,Yes,Credit card (automatic),25.75,1152.0,Yes
CUST-03527,Female,0,Yes,No,41,Yes,No,DSL,Yes,No,No,No,No,No,Month-to-month,Yes,Credit card (automatic),39.14,1557.4,No
CUST-03528,Female,0,No,No,24,Yes,No,Fiber optic,Yes,No,No,No,Yes,No,Two year,Yes,Electronic check,65.4,1619.7,Yes
CUST-03529,Female,1,Yes,No,19,Yes,No,No,Yes,No,No,Yes,Yes,Yes,Month-to-month,Yes,Bank transfer (automatic),43.15,836.73,Yes
CUST-03530,Female,0,No,No,8,Yes,No,No,Yes,No,Yes,Yes,No,Yes,Month-to-month,Yes,Electronic check,34.5,256.26,Yes
CUST-03531,Female,0,Yes,No,39,Yes,Yes,DSL,Yes,No,No,No,No,Yes,Month-to-month,No,Credit card (automatic),59.22,2271.05,Yes
CUST-03532,Female,0,Yes,No,66,No,No,Fiber optic,Yes,No,No,No,No,Yes,Two year,Yes,Mailed check,36.04,2323.47,No
CUST-03533,Female,0,No,Yes,1,Yes,No,DSL,No,No,No,No,No,Yes,Month-to-month,No,Electronic check,42.79,-5.63,Yes
CUST-03534,Male,0,No,Yes,68,Yes,Yes,Fiber optic,Yes,No,No,Yes,No,Yes,Month-to-month,No,Mailed check,31.64,2126.66,No
CUST-03535,Female,1,No,Yes,62,Yes,Yes,DSL,No,Yes,Yes,No,Yes,Yes,One year,Yes,Electronic check,45.67,2717.95,Yes
CUST-03536,Female,1,No,No,32,Yes,No,DSL,No,No,Yes,No,No,Yes,Month-to-month,Yes,Mailed check,54.06,1766.04,Yes
CUST-03537,Female,1,Yes,Yes,23,Yes,No,Fiber optic,Yes,No,Yes,No,Yes,No,Month-to-month,No,Electronic check,57.47,1334.31,No
CUST-03538,Female,0,Yes,Yes,42,Yes,Yes,Fiber optic,No,Yes,No,No,Yes,Yes,Month-to-month,Yes,Bank transfer (automatic),56.26,2379.64,Yes
CUST-03539,Male,0,No,No,61,Yes,No,No,No,Yes,No,No,No,Yes,Month-to-month,Yes,Bank transfer (automatic),30.61,1892.62,Yes
CUST-03540,Male,0,No,Yes,3,Yes,No,DSL,No,No,Yes,Yes,Yes,No,Two year,No,Electronic check,27.14,80.09,No
CUST-03541,Male,0,No,No,32,No,No,No,No,No,Yes,No,Yes,Yes,Month-to-month,No,Electronic check,46.46,1495.34,Yes
CUST-03542,Male,0,Yes,No,4,Yes,No,DSL,No,No,No,Yes,No,Yes,Month-to-month,Yes,Electronic check,60.62,240.72,Yes
CUST-03543,Female,0,No,Yes,46,Yes,Yes,DSL,No,No,No,Yes,No,Yes,Month-to-month,Yes,Mailed check,38.59,1833.25,No
CUST-03544,Male,1,Yes,Yes,6,Yes,Yes,Fiber optic,No,Yes,Yes,No,Yes,No,One year,No,Electronic check,33.22,163.07,Yes
CUST-03545,Female,0,No,No,23,Yes,No,Fiber optic,Yes,No,Yes,Yes,Yes,No,One year,Yes,Mailed check,46.34,1099.0,No
CUST-03546,Male,0,No,No,53,Yes,Yes,No,No,No,Yes,No,Yes,No,Month-to-month,No,Bank transfer (automatic),18.0,910.8,Yes
CUST-03547,Female,0,No,No,54,Yes,Yes,Fiber optic,No,Yes,Yes,No,Yes,No,Month-to-month,Yes,Credit card (automatic),45.03,2384.93,Yes
CUST-03548,Male,0,Yes,No,17,Yes,No,Fiber optic,No,Yes,No,Yes,Yes,No,One year,No,Credit card (automatic),43.81,685.67,Yes
CUST-03549,Female,0,Yes,No,37,Yes,Yes,DSL,No,No,No,Yes,No,Yes,Two year,No,Electronic check,38.05,1330.61,No
CUST-03550,Male,0,Yes,No,14,Yes,Yes,No,Yes,No,No,No,Yes,No,Month-to-month,No,Bank transfer (automatic),27.76,398.7,Yes
CUST-03551,Female,0,Yes,No,43,Yes,No,Fiber optic,No,No,No,No,Yes,No,Month-to-month,No,Bank transfer (automatic),50.74,2140.45,Yes
CUST-03552,Male,0,Yes,No,1,Yes,No,Fiber optic,Yes,No,Yes,Yes,No,Yes,Two year,Yes,Credit card (automatic),49.51,62.43,No
CUST-03553,Male,0,No,No,58,Yes,Yes,Fiber optic,No,No,Yes,Yes,Yes,Yes,Month-to-month,Yes,Electronic check,57.29,3388.15,No
CUST-03554,Male,0,Yes,No,2,Yes,Yes,DSL,No,Yes,No,No,No,Yes,One year,No,Electronic check,42.1,65.76,No
CUST-03555,Female,0,Yes,No,44,Yes,No,No,No,Yes,No,No,Yes,Yes,Month-to-month,Yes,Electronic check,51.28,2270.91,Yes
CUST-03556,Female,0,No,No,29,No,No,Fiber optic,Yes,No,No,No,Yes,No,Two year,Yes,Electronic check,36.65,1104.07,Yes
CUST-03557,Male,0,Yes,No,16,Yes,Yes,No,No,No,Yes,Yes,No,No,Month-to-month,Yes,Credit card (automatic),53.65,869.95,Yes
CUST-03558,Female,0,Yes,No,39,Yes,No,Fiber optic,No,No,Yes,No,No,Yes,One year,Yes,Credit card (automatic),52.7,2060.27,No
CUST-03559,Female,0,No,No,11,Yes,Yes,Fiber optic,Yes,Yes,No,No,No,Yes,Month-to-month,Yes,Mailed check,49.63,478.61,Yes
CUST-03560,Female,1,Yes,No,42,Yes,Yes,Fiber optic,Yes,No,Yes,Yes,No,Yes,Month-to-month,Yes,Mailed check,53.79,2263.97,Yes
CUST-03561,Female,0,Yes,No,46,Yes,No,Fiber optic,No,No,Yes,No,Yes,Yes,Month-to-month,Yes,Mailed check,55.69,2586.17,Yes
CUST-03562,Female,0,No,Yes,33,Yes,Yes,DSL,No,Yes,No,Yes,Yes,Yes,Two year,No,Electronic check,33.2,1168.02,Yes
CUST-03563,Female,0,Yes,No,26,Yes,Yes,Fiber optic,Yes,No,No,No,No,No,Month-to-month,Yes,Mailed check,31.71,809.81,Yes
CUST-03564,Male,0,Yes,No,33,Yes,No,Fiber optic,No,No,No,No,No,No,Month-to-month,Yes,Electronic check,56.72,1920.66,Yes
CUST-03565,Male,0,Yes,No,68,Yes,No,No,Yes,Yes,No,Yes,Yes,No,Month-to-month,Yes,Electronic check,18.7,1246.78,No
CUST-03566,Female,1,Yes,No,54,Yes,No,No,No,No,Yes,No,Yes,Yes,Month-to-month,Yes,Bank transfer (automatic),57.95,3166.61,Yes
CUST-03567,Female,0,No,Yes,1,Yes,Yes,DSL,Yes,No,No,No,No,No,Month-to-month,Yes,Mailed check,52.85,19.55,Yes
CUST-03568,Female,0,Yes,No,21,Yes,Yes,DSL,Yes,Yes,No,No,No,No,Month-to-month,Yes,Mailed check,42.97,907.37,No
CUST-03569,Male,0,Yes,Yes,2,Yes,No,DSL,Yes,No,No,Yes,No,No,One year,Yes,Bank transfer (automatic),45.12,64.08,Yes
CUST-03570,Female,0,Yes,Yes,17,Yes,Yes,Fiber optic,No,Yes,Yes,No,Yes,Yes,Month-to-month,No,Bank transfer (automatic),38.56,655.83,Yes
CUST-03571,Male,1,No,Yes,56,No,Yes,No,Yes,Yes,No,No,Yes,Yes,One year,No,Electronic check,47.63,2667.48,No
CUST-03572,Male,0,Yes,No,61,Yes,No,Fiber optic,No,Yes,No,Yes,No,Yes,One year,Yes,Bank transfer (automatic),40.28,2460.79,No
CUST-03573,Male,0,No,No,33,Yes,No,No,No,No,Yes,No,Yes,Yes,Month-to-month,Yes,Electronic check,52.42,1698.08,No
CUST-03574,Female,0,Yes,No,49,Yes,Yes,Fiber optic,No,Yes,Yes,Yes,No,Yes,Month-to-month,Yes,Electronic check,48.55,2377.05,Yes
CUST-03575,Male,0,No,No,27,Yes,No,Fiber optic,No,No,No,No,No,No,One year,Yes,Credit card (automatic),40.95,1119.36,Yes
CUST-03576,Male,0,Yes,No,34,Yes,Yes,No,No,Yes,No,No,No,No,Two year,Yes,Credit card (automatic),40.28,1356.44,Yes
CUST-03577,Male,0,Yes,Yes,59,Yes,No,DSL,Yes,No,No,No,Yes,No,One year,Yes,Mailed check,25.96,1496.87,No
CUST-03578,Male,0,No,No,20,Yes,No,Fiber optic,Yes,No,No,No,No,Yes,One year,No,Electronic check,32.19,613.8,Yes
CUST-03579,Male,0,Yes,Yes,23,Yes,No,DSL,No,Yes,Yes,No,No,Yes,Month-to-month,Yes,Mailed check,53.75,1275.88,No
CUST-03580,Female,1,No,Yes,10,Yes,No,DSL,No,Yes,Yes,Yes,Yes,Yes,Month-to-month,Yes,Bank transfer (automatic),52.83,528.62,No
CUST-03581,Male,0,No,Yes,16,Yes,Yes,Fiber optic,No,Yes,No,No,Yes,Yes,Month-to-month,Yes,Electronic check,48.89,838.1,Yes
CUST-03582,Male,0,No,No,3,Yes,No,DSL,Yes,Yes,No,No,Yes,Yes,Month-to-month,Yes,Electronic check,51.91,146.03,Yes
CUST-03583,Female,0,Yes,No,58,Yes,No,Fiber optic,Yes,Yes,Yes,No,Yes,Yes,Month-to-month,Yes,Mailed check,45.41,2627.8,Yes
CUST-03584,Female,0,No,No,61,Yes,No,DSL,No,No,Yes,No,Yes,Yes,Month-to-month,Yes,Credit card (automatic),36.27,2233.93,Yes
CUST-03585,Male,0,Yes,No,30,Yes,Yes,Fiber optic,No,Yes,No,No,Yes,Yes,One year,Yes,Electronic check,51.27,1560.24,No
CUST-03586,Female,0,No,No,43,Yes,No,DSL,No,Yes,Yes,No,No,No,Two year,Yes,Credit card (automatic),30.78,1377.03,No
CUST-03587,Female,0,No,No,18,Yes,Yes,No,No,No,Yes,No,No,No,Month-to-month,Yes,Electronic check,58.74,970.79,Yes
CUST-03588,Male,0,No,Yes,4,Yes,No,Fiber optic,No,No,No,Yes,No,No,Month-to-month,No,Electronic check,55.36,240.46,Yes
CUST-03589,Male,0,No,No,37,Yes,No,Fiber optic,No,No,No,No,No,No,Month-to-month,Yes,Credit card (automatic),42.71,1537.66,Yes
CUST-03590,Male,0,No,Yes,12,Yes,Yes,Fiber optic,No,No,No,No,Yes,Yes,Month-to-month,Yes,Electronic check,52.0,619.02,No
CUST-03591,Female,0,No,Yes,61,Yes,No,DSL,No,No,No,No,No,Yes,Month-to-month,Yes,Bank transfer (automatic),45.5,2731.03,No
CUST-03592,Female,0,Yes,No,20,Yes,Yes,Fiber optic,Yes,No,No,No,Yes,No,Month-to-month,Yes,Mailed check,35.13,711.11,Yes
CUST-03593,Male,0,No,Yes,53,Yes,Yes,DSL,Yes,Yes,No,No,Yes,Yes,Two year,No,Electronic check,22.49,1149.22,Yes
CUST-03594,Male,0,Yes,Yes,19,Yes,Yes,Fiber optic,No,No,No,Yes,No,No,Two year,Yes,Bank transfer (automatic),37.03,627.43,No
CUST-03595,Female,1,Yes,No,9,Yes,No,Fiber optic,No,Yes,No,No,No,Yes,One year,Yes,Electronic check,52.45,425.64,Yes
CUST-03596,Female,0,No,Yes,39,Yes,Yes,Fiber optic,Yes,No,No,Yes,Yes,No,Month-to-month,Yes,Bank transfer (automatic),52.42,2089.86,Yes
CUST-03597,Female,0,Yes,No,14,Yes,No,No,No,No,Yes,No,No,Yes,Month-to-month,Yes,Mailed check,33.69,498.3,No
CUST-03598,Male,0,No,Yes,29,Yes,No,DSL,No,No,No,Yes,Yes,Yes,Month-to-month,Yes,Credit card (automatic),39.43,1194.07,Yes
CUST-03599,Female,0,Yes,No,21,Yes,No,Fiber optic,Yes,Yes,No,No,No,No,One year,Yes,Electronic check,45.94,886.19,Yes
CUST-03600,Male,0,Yes,No,63,Yes,No,Fiber optic,No,No,Yes,Yes,Yes,Yes,Two year,Yes,Mailed check,31.42,2050.51,No
CUST-03601,Female,0,No,No,36,No,No,Fiber optic,Yes,No,No,No,Yes,No,One year,No,Mailed check,31.03,1212.28,No
CUST-03602,Male,0,Yes,No,52,Yes,Yes,No,Yes,Yes,Yes,No,Yes,No,Two year,Yes,Credit card (automatic),25.41,1279.36,No
CUST-03603,Female,0,No,Yes,42,Yes,No,Fiber optic,Yes,Yes,Yes,No,Yes,No,Month-to-month,No,Credit card (automatic),43.02,1821.72,Yes
CUST-03604,Male,0,No,No,65,Yes,No,DSL,No,No,Yes,Yes,No,Yes,One year,Yes,Mailed check,30.82,1978.13,No
CUST-03605,Male,0,No,No,32,Yes,No,Fiber optic,No,Yes,No,No,No,No,Month-to-month,No,Electronic check,47.98,1566.33,No
CUST-03606,Female,1,Yes,Yes,62,Yes,Yes,Fiber optic,No,Yes,Yes,No,No,Yes,One year,Yes,Mailed check,34.57,2209.12,Yes
CUST-03607,Female,1,No,Yes,64,Yes,No,No,No,No,No,Yes,No,Yes,Month-to-month,No,Bank transfer (automatic),56.8,3595.87,No
CUST-03608,Male,0,Yes,No,66,Yes,Yes,Fiber optic,Yes,No,Yes,Yes,Yes,No,One year,No,Electronic check,39.67,2565.52,No
CUST-03609,Male,0,Yes,No,50,Yes,No,No,Yes,Yes,Yes,No,No,Yes,Two year,Yes,Credit card (automatic),41.62,2070.52,No
CUST-03610,Male,0,Yes,No,70,Yes,Yes,DSL,No,No,Yes,No,Yes,No,Month-to-month,No,Bank transfer (automatic),37.25,2752.9,Yes
CUST-03611,Male,0,Yes,No,53,No,No,Fiber optic,No,No,No,No,Yes,No,Two year,Yes,Mailed check,36.97,1993.02,No
CUST-03612,Male,0,Yes,No,23,Yes,Yes,DSL,No,No,Yes,No,No,No,Month-to-month,No,Bank transfer (automatic),46.57,1091.09,No
CUST-03613,Male,0,Yes,No,12,Yes,No,Fiber optic,No,No,No,No,No,Yes,One year,No,Credit card (automatic),38.03,497.45,Yes
CUST-03614,Female,1,Yes,No,15,Yes,No,No,Yes,No,No,No,Yes,Yes,Month-to-month,Yes,Mailed check,46.47,743.73,Yes
CUST-03615,Male,0,No,Yes,41,Yes,Yes,Fiber optic,No,No,No,No,No,No,Month-to-month,Yes,Electronic check,55.4,2284.79,No
CUST-03616,Female,0,Yes,No,12,Yes,Yes,Fiber optic,No,Yes,No,Yes,No,Yes,One year,No,Bank transfer (automatic),36.77,439.13,No
CUST-03617,Female,0,Yes,Yes,17,Yes,No,DSL,No,Yes,No,No,Yes,Yes,Month-to-month,Yes,Electronic check,49.2,813.27,Yes
CUST-03618,Female,0,Yes,No,45,Yes,No,DSL,Yes,Yes,No,No,No,Yes,Month-to-month,No,Electronic check,49.28,2226.36,No
CUST-03619,Female,1,Yes,No,24,Yes,Yes,Fiber optic,Yes,Yes,No,Yes,Yes,Yes,Month-to-month,Yes,Electronic check,47.24,1179.53,Yes
CUST-03620,Female,0,No,No,49,Yes,No,Fiber optic,No,Yes,Yes,Yes,Yes,Yes,Month-to-month,Yes,Bank transfer (automatic),58.96,2932.41,Yes
CUST-03621,Male,0,No,Yes,71,Yes,Yes,DSL,No,Yes,No,Yes,No,No,Month-to-month,No,Credit card (automatic),42.18,2972.78,No
CUST-03622,Female,0,No,No,7,Yes,No,Fiber optic,No,Yes,No,Yes,No,No,One year,Yes,Credit card (automatic),41.71,287.41,Yes
CUST-03623,Female,0,No,Yes,46,Yes,No,Fiber optic,Yes,Yes,No,No,No,Yes,Month-to-month,No,Electronic check,53.29,2403.49,Yes
CUST-03624,Female,0,Yes,Yes,59,Yes,No,DSL,No,No,No,Yes,Yes,Yes,Month-to-month,Yes,Electronic check,51.77,3097.43,No
CUST-03625,Male,0,No,No,10,Yes,No,DSL,Yes,Yes,No,Yes,Yes,Yes,Month-to-month,No,Credit card (automatic),42.68,447.54,No
CUST-03626,Male,0,Yes,No,56,Yes,No,DSL,No,No,Yes,Yes,Yes,No,Month-to-month,Yes,Bank transfer (automatic),39.22,2185.35,Yes
CUST-03627,Male,0,Yes,No,37,Yes,No,Fiber optic,Yes,No,Yes,No,Yes,Yes,Month-to-month,Yes,Electronic check,37.05,1354.0,Yes
CUST-03628,Female,0,Yes,Yes,45,Yes,Yes,No,No,No,Yes,No,Yes,Yes,Month-to-month,Yes,Bank transfer (automatic),38.02,1672.11,Yes
CUST-03629,Male,0,Yes,No,4,Yes,No,Fiber optic,Yes,Yes,No,No,No,No,One year,No,Bank transfer (automatic),40.67,165.97,No
CUST-03630,Male,0,No,No,31,Yes,Yes,DSL,No,Yes,No,No,No,No,Month-to-month,No,Bank transfer (automatic),46.51,1501.65,Yes
CUST-03631,Female,0,Yes,Yes,27,Yes,No,No,Yes,No,Yes,No,No,Yes,Month-to-month,Yes,Electronic check,48.71,1283.86,Yes
CUST-03632,Male,0,Yes,No,11,Yes,Yes,DSL,Yes,No,Yes,No,No,No,Two year,No,Bank transfer (automatic),35.96,340.53,Yes
CUST-03633,Female,0,Yes,No,55,No,No,Fiber optic,No,No,No,No,Yes,Yes,Two year,Yes,Electronic check,39.18,2159.66,Yes
CUST-03634,Male,0,No,Yes,36,Yes,Yes,Fiber optic,Yes,Yes,No,No,No,No,Two year,Yes,Credit card (automatic),43.78,1623.4,Yes
CUST-03635,Male,0,No,No,63,Yes,Yes,No,No,Yes,No,No,No,No,One year,Yes,Credit card (automatic),53.99,3439.77,Yes
CUST-03636,Female,0,No,No,12,Yes,Yes,Fiber optic,Yes,Yes,Yes,No,Yes,Yes,Month-to-month,Yes,Credit card (automatic),50.99,660.55,Yes
CUST-03637,Male,1,No,No,52,Yes,Yes,DSL,No,No,No,No,Yes,No,Month-to-month,Yes,Electronic check,50.16,2587.68,No
CUST-03638,Female,0,No,Yes,43,Yes,No,DSL,No,Yes,No,No,No,No,Month-to-month,Yes,Electronic check,47.11,2061.23,Yes
CUST-03639,Female,0,Yes,Yes,47,Yes,No,DSL,No,Yes,Yes,No,No,No,Month-to-month,Yes,Mailed check,48.68,2302.87,No
CUST-03640,Male,0,Yes,No,23,Yes,No,DSL,Yes,No,Yes,Yes,No,Yes,Month-to-month,No,Electronic check,41.87,952.51,No
CUST-03641,Male,0,Yes,No,50,Yes,Yes,Fiber optic,No,Yes,No,No,Yes,No,Month-to-month,Yes,Electronic check,60.05,3003.67,Yes
CUST-03642,Male,0,Yes,No,18,No,No,Fiber optic,Yes,Yes,No,No,No,Yes,Month-to-month,No,Credit card (automatic),51.53,960.35,Yes
CUST-03643,Male,0,No,Yes,55,No,Yes,Fiber optic,Yes,Yes,No,No,No,Yes,Two year,Yes,Electronic check,54.98,3046.79,Yes
CUST-03644,Female,0,Yes,No,32,Yes,Yes,DSL,No,No,Yes,Yes,No,No,Month-to-month,Yes,Electronic check,53.38,1730.14,No
CUST-03645,Male,0,Yes,No,35,Yes,No,Fiber optic,Yes,No,Yes,No,Yes,No,Month-to-month,No,Credit card (automatic),45.06,1603.99,Yes
CUST-03646,Male,0,No,Yes,42,Yes,No,No,Yes,No,No,No,No,No,Month-to-month,No,Electronic check,44.01,1832.2,Yes
CUST-03647,Male,0,Yes,Yes,6,Yes,No,Fiber optic,No,No,No,No,Yes,Yes,One year,Yes,Credit card (automatic),46.21,224.26,Yes
CUST-03648,Male,0,Yes,Yes,27,No,No,Fiber optic,Yes,No,No,No,Yes,Yes,Month-to-month,Yes,Mailed check,49.71,1314.52,Yes
CUST-03649,Male,1,Yes,Yes,15,Yes,No,Fiber optic,Yes,Yes,Yes,Yes,No,Yes,Month-to-month,Yes,Bank transfer (automatic),59.74,931.43,Yes
CUST-03650,Male,0,No,Yes,69,Yes,No,Fiber optic,No,Yes,No,No,Yes,No,Month-to-month,No,Electronic check,44.48,3012.14,Yes
CUST-03651,Female,0,Yes,Yes,30,Yes,Yes,Fiber optic,Yes,No,Yes,Yes,Yes,No,Two year,Yes,Mailed check,26.27,788.51,Yes
CUST-03652,Female,0,Yes,Yes,1,Yes,Yes,No,No,No,No,No,Yes,Yes,Month-to-month,Yes,Credit card (automatic),50.82,56.82,Yes
CUST-03653,Female,0,Yes,No,2,Yes,No,DSL,Yes,No,No,No,No,Yes,Month-to-month,No,Bank transfer (automatic),43.77,116.59,Yes
CUST-03654,Male,0,No,No,65,Yes,No,DSL,No,No,No,No,Yes,No,One year,Yes,Electronic check,48.17,3080.09,No
CUST-03655,Male,0,Yes,No,12,Yes,Yes,Fiber optic,No,No,No,No,No,Yes,Month-to-month,Yes,Electronic check,55.51,576.02,Yes
CUST-03656,Female,0,Yes,No,1,Yes,No,DSL,Yes,No,Yes,No,No,Yes,One year,Yes,Electronic check,40.62,17.81,No
CUST-03657,Male,0,No,Yes,16,Yes,Yes,DSL,No,Yes,No,No,No,No,Month-to-month,Yes,Credit card (automatic),41.82,691.57,Yes
CUST-03658,Male,0,No,No,16,Yes,No,DSL,Yes,No,No,No,Yes,Yes,Two year,Yes,Mailed check,27.2,490.79,No
CUST-03659,Female,0,Yes,No,6,Yes,Yes,Fiber optic,No,No,Yes,Yes,No,No,Month-to-month,Yes,Mailed check,46.0,249.24,No
CUST-03660,Female,1,Yes,No,71,Yes,Yes,Fiber optic,No,Yes,No,No,No,No,Two year,Yes,Credit card (automatic),30.59,2138.33,No
CUST-03661,Male,0,Yes,Yes,5,No,Yes,No,Yes,Yes,No,No,No,Yes,Month-to-month,Yes,Mailed check,30.16,160.62,Yes
CUST-03662,Female,0,No,Yes,52,Yes,Yes,DSL,No,Yes,No,No,No,No,Month-to-month,Yes,Mailed check,50.24,2695.91,Yes
CUST-03663,Male,0,Yes,No,60,Yes,No,Fiber optic,Yes,Yes,Yes,Yes,No,No,Month-to-month,Yes,Electronic check,49.73,3002.3,Yes
CUST-03664,Male,0,No,Yes,46,Yes,No,DSL,No,Yes,No,Yes,Yes,No,One year,No,Credit card (automatic),45.95,2135.14,No
CUST-03665,Male,1,No,Yes,10,Yes,Yes,DSL,No,Yes,No,Yes,Yes,No,One year,Yes,Mailed check,31.34,391.73,No
CUST-03666,Female,0,No,Yes,52,Yes,No,Fiber optic,Yes,No,Yes,No,Yes,Yes,Month-to-month,Yes,Credit card (automatic),60.76,3196.84,Yes
CUST-03667,Male,0,Yes,No,24,Yes,No,DSL,No,No,No,No,Yes,No,Two year,No,Electronic check,33.87,819.57,Yes
CUST-03668,Female,0,No,No,29,Yes,No,Fiber optic,No,Yes,No,No,No,No,Two year,Yes,Electronic check,31.38,865.16,Yes
CUST-03669,Female,0,No,Yes,18,Yes,No,Fiber optic,No,Yes,No,No,Yes,Yes,Month-to-month,Yes,Electronic check,39.0,704.92,Yes
CUST-03670,Female,0,No,No,56,Yes,No,Fiber optic,No,No,No,Yes,Yes,No,Month-to-month,Yes,Bank transfer (automatic),40.79,2313.16,Yes
CUST-03671,Female,1,Yes,No,42,Yes,No,Fiber optic,Yes,No,No,No,Yes,No,Month-to-month,Yes,Mailed check,54.8,2259.94,Yes
CUST-03672,Female,0,No,Yes,11,Yes,No,No,No,Yes,No,Yes,No,Yes,One year,Yes,Electronic check,46.2,545.57,No
CUST-03673,Male,0,No,No,29,Yes,No,DSL,No,No,Yes,Yes,Yes,No,Month-to-month,Yes,Electronic check,45.11,1303.73,Yes
CUST-03674,Female,0,No,Yes,57,No,Yes,No,No,Yes,No,Yes,No,Yes,Month-to-month,No,Electronic check,51.61,2933.31,No
CUST-03675,Male,0,No,No,67,Yes,No,DSL,No,Yes,Yes,No,No,Yes,Month-to-month,No,Mailed check,39.0,2575.76,Yes
CUST-03676,Female,1,Yes,No,67,Yes,Yes,Fiber optic,Yes,Yes,No,No,Yes,No,Two year,Yes,Electronic check,30.4,2050.85,Yes
CUST-03677,Female,0,Yes,No,10,Yes,Yes,No,Yes,No,No,Yes,Yes,No,Month-to-month,Yes,Mailed check,55.85,585.82,No
CUST-03678,Male,0,No,No,61,Yes,No,DSL,No,No,Yes,Yes,Yes,No,Month-to-month,Yes,Credit card (automatic),31.7,1890.87,Yes
CUST-03679,Male,0,No,Yes,41,Yes,No,No,Yes,No,Yes,No,Yes,No,Two year,Yes,Mailed check,20.51,861.57,Yes
CUST-03680,Male,0,No,No,53,Yes,No,Fiber optic,No,No,No,No,Yes,Yes,One year,Yes,Bank transfer (automatic),38.27,2064.14,Yes
CUST-03681,Male,0,Yes,No,28,No,Yes,No,Yes,Yes,Yes,Yes,Yes,No,One year,No,Bank transfer (automatic),34.2,991.26,No
CUST-03682,Female,0,Yes,No,47,Yes,No,DSL,No,Yes,Yes,Yes,Yes,Yes,Month-to-month,Yes,Electronic check,39.87,1883.08,Yes
CUST-03683,Female,0,No,No,19,Yes,No,Fiber optic,No,Yes,Yes,No,Yes,Yes,Two year,Yes,Credit card (automatic),24.93,460.77,No
CUST-03684,Male,0,No,Yes,37,Yes,No,DSL,Yes,No,No,No,No,Yes,One year,No,Electronic check,29.16,1068.38,No
CUST-03685,Male,0,Yes,Yes,17,Yes,Yes,DSL,No,No,No,No,No,No,Month-to-month,Yes,Credit card (automatic),54.44,869.75,Yes
CUST-03686,Female,0,Yes,Yes,29,Yes,No,Fiber optic,Yes,Yes,Yes,No,No,Yes,Month-to-month,No,Credit card (automatic),43.98,1250.26,Yes
CUST-03687,Female,0,No,No,29,No,No,Fiber optic,Yes,No,No,No,No,No,One year,Yes,Electronic check,54.95,1581.85,Yes
CUST-03688,Male,0,Yes,No,62,Yes,Yes,Fiber optic,Yes,Yes,No,No,No,No,Month-to-month,No,Electronic check,51.66,3170.58,Yes
CUST-03689,Male,0,Yes,No,45,No,No,Fiber optic,Yes,Yes,No,No,No,Yes,Month-to-month,Yes,Electronic check,45.61,2058.3,Yes
CUST-03690,Female,0,Yes,Yes,46,Yes,Yes,Fiber optic,Yes,Yes,Yes,No,Yes,Yes,One year,Yes,Bank transfer (automatic),33.76,1612.63,Yes
CUST-03691,Female,0,Yes,Yes,21,Yes,Yes,Fiber optic,Yes,No,No,No,Yes,Yes,Two year,Yes,Mailed check,40.03,907.44,Yes
CUST-03692,Male,0,Yes,Yes,31,Yes,No,DSL,Yes,Yes,Yes,Yes,No,Yes,Month-to-month,Yes,Credit card (automatic),42.58,1296.58,Yes
CUST-03693,Female,0,No,No,34,Yes,No,Fiber optic,Yes,Yes,No,No,Yes,Yes,Month-to-month,Yes,Credit card (automatic),48.93,1734.05,Yes
CUST-03694,Female,0,No,No,56,Yes,No,Fiber optic,No,Yes,Yes,Yes,No,Yes,Month-to-month,No,Mailed check,42.64,2433.08,No
CUST-03695,Female,0,No,No,14,Yes,Yes,DSL,No,No,No,No,Yes,No,One year,No,Electronic check,39.4,523.72,No
CUST-03696,Male,0,No,No,4,Yes,Yes,Fiber optic,Yes,Yes,No,No,No,Yes,Month-to-month,Yes,Credit card (automatic),51.55,226.1,No
CUST-03697,Female,0,Yes,No,36,Yes,No,DSL,Yes,No,Yes,No,No,Yes,One year,Yes,Mailed check,29.47,1060.02,No
CUST-03698,Female,0,Yes,Yes,58,Yes,Yes,Fiber optic,Yes,No,Yes,No,Yes,Yes,Two year,Yes,Mailed check,27.03,1485.29,No
CUST-03699,Female,0,Yes,Yes,53,Yes,No,DSL,Yes,No,Yes,Yes,Yes,Yes,Month-to-month,Yes,Bank transfer (automatic),43.96,2278.72,No
CUST-03700,Male,1,Yes,Yes,58,Yes,No,Fiber optic,Yes,Yes,Yes,Yes,Yes,Yes,One year,Yes,Bank transfer (automatic),30.57,1801.4,Yes
CUST-03701,Female,0,No,Yes,28,Yes,No,Fiber optic,No,Yes,No,Yes,No,Yes,Month-to-month,Yes,Mailed check,32.99,861.56,Yes
CUST-03702,Female,0,Yes,No,17,Yes,Yes,No,No,Yes,Yes,Yes,No,No,Month-to-month,Yes,Electronic check,46.72,866.33,No
CUST-03703,Female,0,No,Yes,47,Yes,No,Fiber optic,No,No,Yes,Yes,No,No,Month-to-month,Yes,Bank transfer (automatic),47.2,2258.43,Yes
CUST-03704,Male,0,Yes,No,3,Yes,Yes,No,No,No,Yes,No,Yes,No,One year,No,Mailed check,37.15,138.75,No
CUST-03705,Male,0,Yes,No,64,Yes,No,Fiber optic,No,Yes,Yes,No,No,No,Month-to-month,No,Mailed check,33.44,2077.8,Yes
CUST-03706,Male,0,Yes,No,51,Yes,Yes,DSL,Yes,Yes,No,Yes,No,Yes,One year,No,Electronic check,42.33,2200.66,No
CUST-03707,Female,0,Yes,No,36,Yes,Yes,Fiber optic,Yes,Yes,Yes,No,Yes,No,One year,No,Electronic check,45.36,1671.38,No
CUST-03708,Male,0,No,No,15,Yes,No,Fiber optic,No,No,Yes,Yes,No,Yes,Month-to-month,Yes,Electronic check,62.25,969.75,Yes
CUST-03709,Female,0,No,No,18,Yes,No,DSL,No,Yes,Yes,No,No,Yes,Two year,Yes,Bank transfer (automatic),33.64,643.13,Yes
CUST-03710,Male,0,Yes,Yes,71,Yes,Yes,Fiber optic,No,No,Yes,No,No,Yes,One year,Yes,Bank transfer (automatic),45.43,3295.31,No
CUST-03711,Female,0,No,No,2,Yes,No,DSL,No,Yes,Yes,No,Yes,No,Two year,Yes,Electronic check,32.9,36.67,Yes
CUST-03712,Male,0,No,No,1,Yes,No,No,No,Yes,Yes,Yes,Yes,No,One year,No,Mailed check,18.0,10.1,No
CUST-03713,Male,0,Yes,Yes,25,Yes,Yes,DSL,No,No,Yes,Yes,Yes,No,One year,No,Bank transfer (automatic),33.78,809.21,No
CUST-03714,Female,0,Yes,Yes,17,No,No,DSL,No,No,Yes,Yes,Yes,No,Month-to-month,No,Mailed check,28.3,512.34,Yes
CUST-03715,Male,0,Yes,No,49,Yes,Yes,Fiber optic,No,Yes,No,No,No,Yes,Month-to-month,No,Bank transfer (automatic),51.45,2511.4,Yes
CUST-03716,Female,0,Yes,No,3,Yes,No,No,No,No,No,Yes,Yes,No,Month-to-month,Yes,Credit card (automatic),53.41,106.77,Yes
CUST-03717,Female,0,No,No,56,Yes,No,No,Yes,Yes,No,No,Yes,Yes,One year,No,Electronic check,36.49,2046.45,No
CUST-03718,Female,0,Yes,No,56,No,Yes,No,Yes,No,No,Yes,Yes,Yes,One year,Yes,Credit card (automatic),25.78,1363.41,No
CUST-03719,Male,0,No,No,17,Yes,Yes,No,Yes,No,Yes,No,Yes,Yes,Month-to-month,Yes,Electronic check,49.42,843.03,Yes
CUST-03720,Female,0,No,No,42,Yes,No,DSL,No,No,No,No,Yes,Yes,Month-to-month,Yes,Bank transfer (automatic),46.43,1954.9,No
CUST-03721,Male,0,Yes,Yes,48,Yes,No,Fiber optic,No,No,No,Yes,Yes,No,Month-to-month,Yes,Credit card (automatic),48.25,2298.17,Yes
CUST-03722,Male,0,No,No,61,No,No,DSL,Yes,Yes,No,Yes,No,No,Month-to-month,No,Credit card (automatic),26.67,1667.06,No
CUST-03723,Male,0,Yes,No,53,Yes,No,No,Yes,No,Yes,Yes,Yes,No,One year,Yes,Mailed check,18.0,881.55,No
CUST-03724,Male,0,Yes,No,69,Yes,Yes,DSL,No,Yes,No,Yes,Yes,No,Month-to-month,No,Credit card (automatic),40.52,2799.65,No
CUST-03725,Female,0,Yes,No,9,No,No,Fiber optic,No,Yes,Yes,No,Yes,Yes,Month-to-month,Yes,Mailed check,52.84,483.4,Yes
CUST-03726,Male,0,Yes,No,44,Yes,No,DSL,No,Yes,Yes,No,Yes,No,Month-to-month,Yes,Bank transfer (automatic),46.58,2047.73,Yes
CUST-03727,Female,0,Yes,No,55,Yes,No,No,Yes,No,No,Yes,Yes,Yes,Two year,Yes,Mailed check,26.84,1525.4,No
CUST-03728,Male,0,No,No,17,Yes,No,DSL,Yes,No,No,Yes,No,Yes,Month-to-month,Yes,Mailed check,39.72,649.46,Yes
CUST-03729,Female,0,No,Yes,16,Yes,Yes,No,Yes,No,No,Yes,Yes,No,Two year,Yes,Electronic check,35.07,557.3,Yes
CUST-03730,Male,0,No,No,7,Yes,No,No,Yes,Yes,No,No,No,No,Month-to-month,No,Credit card (automatic),39.47,280.57,Yes
CUST-03731,Male,1,Yes,Yes,70,Yes,No,DSL,Yes,Yes,Yes,Yes,No,No,Month-to-month,Yes,Electronic check,64.7,4513.28,Yes
CUST-03732,Male,0,No,No,62,Yes,No,Fiber optic,Yes,No,No,No,No,Yes,Month-to-month,Yes,Electronic check,48.13,2921.22,Yes
CUST-03733,Female,0,Yes,Yes,9,Yes,No,DSL,No,Yes,Yes,Yes,No,No,Month-to-month,Yes,Electronic check,48.4,496.18,Yes
CUST-03734,Male,0,No,No,18,Yes,No,Fiber optic,No,Yes,No,Yes,No,No,Month-to-month,No,Electronic check,54.79,954.85,Yes
CUST-03735,Female,0,No,No,33,Yes,Yes,DSL,Yes,No,No,Yes,Yes,Yes,Two year,No,Electronic check,36.1,1160.69,Yes
CUST-03736,Female,0,No,Yes,64,Yes,No,Fiber optic,No,No,Yes,No,Yes,Yes,Two year,No,Electronic check,37.7,2323.04,Yes
CUST-03737,Female,0,Yes,No,59,No,No,DSL,Yes,Yes,Yes,No,No,Yes,One year,No,Mailed check,22.14,1308.53,No
CUST-03738,Male,0,No,No,63,Yes,No,Fiber optic,No,No,No,Yes,No,Yes,Month-to-month,Yes,Credit card (automatic),34.51,2181.08,Yes
CUST-03739,Male,0,No,Yes,59,Yes,Yes,Fiber optic,Yes,No,Yes,No,No,Yes,Month-to-month,Yes,Mailed check,46.06,2767.71,Yes
CUST-03740,Male,0,Yes,No,45,Yes,No,Fiber optic,No,Yes,Yes,No,Yes,Yes,Month-to-month,No,Credit card (automatic),41.45,1850.24,Yes
CUST-03741,Female,0,No,No,21,Yes,No,DSL,Yes,No,No,No,Yes,Yes,Two year,No,Bank transfer (automatic),23.99,513.94,No
CUST-03742,Female,0,Yes,No,43,Yes,No,DSL,No,Yes,Yes,No,No,Yes,One year,No,Mailed check,37.38,1647.38,No
CUST-03743,Male,0,Yes,No,36,Yes,No,DSL,No,No,No,No,No,No,Month-to-month,Yes,Electronic check,57.4,2121.68,Yes
CUST-03744,Female,0,No,Yes,68,Yes,No,No,Yes,Yes,Yes,No,Yes,No,Month-to-month,Yes,Credit card (automatic),49.22,3361.9,No
CUST-03745,Female,0,No,Yes,32,Yes,Yes,Fiber optic,No,Yes,Yes,No,Yes,Yes,One year,Yes,Bank transfer (automatic),36.3,1147.58,Yes
CUST-03746,Male,0,Yes,No,54,Yes,No,Fiber optic,No,Yes,Yes,No,No,No,Month-to-month,Yes,Electronic check,60.31,3304.89,Yes
CUST-03747,Female,1,Yes,No,13,Yes,Yes,No,Yes,Yes,Yes,No,No,Yes,Month-to-month,Yes,Electronic check,36.84,528.09,Yes
CUST-03748,Male,1,Yes,Yes,49,Yes,No,DSL,Yes,No,Yes,No,Yes,No,Month-to-month,No,Bank transfer (automatic),38.06,1795.65,No
CUST-03749,Male,0,Yes,No,33,Yes,Yes,Fiber optic,No,No,No,No,No,No,Two year,No,Credit card (automatic),43.4,1446.2,No
CUST-03750,Male,0,No,No,31,Yes,No,No,No,Yes,No,Yes,Yes,No,Month-to-month,Yes,Bank transfer (automatic),34.77,1117.01,Yes
CUST-03751,Male,0,Yes,Yes,54,No,No,Fiber optic,Yes,Yes,Yes,No,Yes,Yes,Month-to-month,No,Electronic check,35.29,1934.55,Yes
CUST-03752,Male,0,No,No,35,Yes,Yes,DSL,No,Yes,Yes,Yes,Yes,No,Two year,Yes,Electronic check,38.07,1321.65,Yes
CUST-03753,Male,0,Yes,No,5,No,No,Fiber optic,No,No,No,Yes,Yes,Yes,Two year,Yes,Mailed check,53.21,246.89,Yes
CUST-03754,Female,0,Yes,Yes,28,Yes,No,No,No,No,Yes,Yes,Yes,Yes,Month-to-month,Yes,Mailed check,56.63,1640.76,Yes
CUST-03755,Female,1,Yes,Yes,69,Yes,Yes,Fiber optic,No,Yes,Yes,No,Yes,Yes,Two year,Yes,Mailed check,49.39,3417.74,Yes
CUST-03756,Female,1,Yes,Yes,68,Yes,Yes,Fiber optic,Yes,No,No,Yes,No,Yes,Month-to-month,Yes,Mailed check,39.02,2646.05,No
CUST-03757,Male,0,Yes,No,44,Yes,Yes,Fiber optic,No,Yes,No,No,Yes,Yes,One year,Yes,Bank transfer (automatic),41.53,1821.71,Yes
CUST-03758,Male,0,Yes,Yes,46,Yes,No,Fiber optic,No,No,Yes,No,No,Yes,One year,No,Mailed check,53.9,2479.37,No
CUST-03759,Female,0,Yes,No,19,Yes,Yes,DSL,No,No,Yes,No,Yes,Yes,One year,Yes,Electronic check,51.73,976.87,Yes
CUST-03760,Male,0,Yes,No,56,Yes,Yes,No,Yes,Yes,No,Yes,No,No,Month-to-month,No,Electronic check,28.12,1620.82,Yes
CUST-03761,Female,1,No,Yes,43,Yes,Yes,DSL,No,Yes,Yes,No,No,No,Month-to-month,Yes,Mailed check,52.44,2272.45,Yes
CUST-03762,Male,0,No,No,3,Yes,No,No,Yes,Yes,No,No,No,No,One year,Yes,Electronic check,38.12,129.19,Yes
CUST-03763,Male,0,No,No,68,Yes,Yes,DSL,Yes,No,Yes,Yes,Yes,No,Month-to-month,No,Mailed check,33.2,2249.62,No
CUST-03764,Male,0,Yes,Yes,61,Yes,Yes,Fiber optic,Yes,No,Yes,Yes,Yes,Yes,Month-to-month,Yes,Electronic check,55.48,3407.44,Yes
CUST-03765,Female,0,Yes,No,6,Yes,No,No,Yes,No,No,No,Yes,Yes,Two year,No,Mailed check,28.11,132.59,No
CUST-03766,Female,0,Yes,Yes,30,Yes,No,Fiber optic,No,No,Yes,No,No,No,One year,No,Electronic check,39.86,1202.94,No
CUST-03767,Male,0,No,No,53,Yes,No,DSL,Yes,No,No,No,No,Yes,Month-to-month,Yes,Electronic check,53.64,2777.94,Yes
CUST-03768,Male,0,No,Yes,53,Yes,No,Fiber optic,No,Yes,No,No,No,No,Month-to-month,Yes,Electronic check,58.04,3066.21,Yes
CUST-03769,Male,0,Yes,No,12,Yes,Yes,DSL,No,No,No,Yes,No,No,Month-to-month,Yes,Bank transfer (automatic),47.18,545.36,Yes
CUST-03770,Female,0,Yes,No,3,No,No,DSL,No,Yes,Yes,No,Yes,No,One year,Yes,Bank transfer (automatic),57.87,172.47,No
CUST-03771,Female,0,Yes,No,70,Yes,No,Fiber optic,Yes,No,No,No,Yes,Yes,One year,Yes,Mailed check,39.73,2764.5,No
CUST-03772,Female,0,Yes,No,64,Yes,Yes,No,No,No,Yes,No,Yes,Yes,Month-to-month,No,Credit card (automatic),42.1,2715.09,No
CUST-03773,Male,0,No,Yes,53,Yes,Yes,No,Yes,No,No,Yes,Yes,No,Two year,No,Mailed check,22.01,1139.27,No
CUST-03774,Female,0,Yes,No,47,Yes,No,Fiber optic,No,No,Yes,Yes,No,Yes,Month-to-month,Yes,Electronic check,42.29,2022.4,Yes
CUST-03775,Female,0,Yes,Yes,49,Yes,No,Fiber optic,Yes,No,Yes,No,No,Yes,Two year,Yes,Credit card (automatic),22.68,1173.53,Yes
CUST-03776,Female,0,Yes,Yes,33,Yes,No,DSL,No,Yes,Yes,Yes,No,Yes,One year,No,Mailed check,38.92,1241.08,No
CUST-03777,Male,0,Yes,Yes,49,Yes,No,DSL,Yes,No,No,Yes,Yes,No,One year,Yes,Mailed check,27.46,1370.31,No
CUST-03778,Male,0,Yes,No,22,Yes,No,Fiber optic,No,No,Yes,Yes,Yes,No,Month-to-month,No,Mailed check,64.71,1412.87,No
CUST-03779,Male,0,Yes,No,6,Yes,No,Fiber optic,No,No,No,No,Yes,Yes,Two year,No,Electronic check,35.95,253.03,Yes
CUST-03780,Female,0,Yes,Yes,23,Yes,Yes,Fiber optic,No,No,Yes,No,Yes,Yes,Month-to-month,Yes,Credit card (automatic),45.47,1002.42,Yes
CUST-03781,Female,0,Yes,No,21,Yes,No,DSL,No,Yes,No,No,Yes,No,Month-to-month,No,Credit card (automatic),43.69,965.75,No
CUST-03782,Female,0,No,No,22,Yes,No,DSL,No,Yes,No,No,Yes,Yes,Month-to-month,Yes,Credit card (automatic),36.82,795.08,Yes
CUST-03783,Female,0,Yes,Yes,34,Yes,Yes,DSL,No,No,Yes,No,No,Yes,Month-to-month,Yes,Mailed check,34.58,1166.87,Yes
CUST-03784,Male,0,Yes,No,10,No,No,Fiber optic,Yes,No,No,Yes,Yes,No,One year,No,Electronic check,48.46,475.82,Yes
CUST-03785,Male,0,No,No,29,Yes,No,DSL,No,No,Yes,Yes,No,No,One year,Yes,Electronic check,23.52,637.36,Yes
CUST-03786,Male,0,Yes,No,33,Yes,No,Fiber optic,Yes,Yes,No,Yes,No,No,Month-to-month,Yes,Bank transfer (automatic),47.63,1603.31,No
CUST-03787,Female,0,No,No,14,Yes,No,Fiber optic,Yes,Yes,Yes,Yes,No,Yes,Two year,Yes,Electronic check,41.8,561.32,Yes
CUST-03788,Female,1,No,No,33,No,No,DSL,Yes,Yes,Yes,Yes,No,Yes,Month-to-month,Yes,Electronic check,55.98,1867.19,Yes
CUST-03789,Male,0,Yes,Yes,48,Yes,No,DSL,No,Yes,No,No,No,Yes,One year,Yes,Electronic check,43.88,2095.89,Yes
CUST-03790,Female,1,Yes,No,30,Yes,No,Fiber optic,Yes,Yes,Yes,Yes,No,No,One year,Yes,Credit card (automatic),63.83,1906.46,Yes
CUST-03791,Female,0,No,No,1,Yes,Yes,DSL,No,Yes,Yes,No,Yes,Yes,Two year,Yes,Credit card (automatic),35.52,75.64,Yes
CUST-03792,Female,1,Yes,Yes,50,Yes,Yes,Fiber optic,No,Yes,Yes,Yes,Yes,Yes,One year,Yes,Bank transfer (automatic),31.4,1509.95,No
CUST-03793,Female,1,Yes,Yes,42,Yes,No,No,No,Yes,No,No,No,No,Month-to-month,Yes,Bank transfer (automatic),66.56,2703.74,Yes
CUST-03794,Male,1,No,No,30,Yes,Yes,DSL,Yes,No,No,Yes,Yes,No,Month-to-month,Yes,Credit card (automatic),45.83,1346.72,No
CUST-03795,Male,0,Yes,No,2,Yes,No,DSL,No,No,No,Yes,Yes,Yes,Month-to-month,No,Electronic check,40.02,76.06,Yes
CUST-03796,Female,0,No,No,7,Yes,No,Fiber optic,No,No,No,No,Yes,No,Month-to-month,No,Mailed check,36.36,244.65,Yes
CUST-03797,Male,0,No,Yes,6,Yes,No,Fiber optic,No,No,No,No,No,No,Month-to-month,No,Mailed check,46.5,248.6,Yes
CUST-03798,Female,0,No,No,61,Yes,No,No,No,No,No,Yes,No,No,Month-to-month,Yes,Electronic check,38.77,2431.9,Yes
CUST-03799,Female,0,No,Yes,22,Yes,No,DSL,Yes,No,No,No,Yes,No,One year,Yes,Bank transfer (automatic),29.84,706.66,No
CUST-03800,Female,1,No,No,31,Yes,Yes,No,Yes,Yes,No,No,Yes,Yes,Month-to-month,Yes,Electronic check,35.41,991.1,Yes
CUST-03801,Male,0,Yes,Yes,50,Yes,No,Fiber optic,No,Yes,No,No,Yes,No,One year,Yes,Bank transfer (automatic),37.05,1825.58,No
CUST-03802,Male,0,No,No,47,Yes,No,DSL,No,Yes,Yes,No,No,Yes,One year,No,Bank transfer (automatic),34.44,1634.11,No
CUST-03803,Male,0,No,No,5,Yes,No,Fiber optic,No,No,No,Yes,Yes,Yes,Month-to-month,Yes,Electronic check,47.97,252.87,Yes
CUST-03804,Female,0,No,No,67,Yes,Yes,Fiber optic,No,No,No,Yes,Yes,No,One year,No,Electronic check,37.02,2447.98,No
CUST-03805,Female,0,No,No,19,Yes,No,DSL,Yes,Yes,Yes,Yes,Yes,No,Month-to-month,Yes,Credit card (automatic),37.12,758.28,Yes
CUST-03806,Male,0,No,No,55,Yes,Yes,DSL,No,No,No,Yes,Yes,No,Two year,Yes,Bank transfer (automatic),31.23,1681.1,No
CUST-03807,Female,0,Yes,No,60,Yes,No,DSL,Yes,Yes,No,No,No,Yes,Month-to-month,Yes,Credit card (automatic),53.4,3202.88,Yes
CUST-03808,Female,0,No,No,39,Yes,Yes,Fiber optic,No,No,No,Yes,Yes,No,Month-to-month,Yes,Electronic check,53.19,2071.33,Yes
CUST-03809,Male,0,Yes,No,12,Yes,No,DSL,No,Yes,No,Yes,Yes,No,Month-to-month,Yes,Bank transfer (automatic),33.75,414.71,Yes
CUST-03810,Male,0,Yes,No,39,No,No,DSL,No,No,Yes,Yes,Yes,Yes,One year,Yes,Electronic check,37.01,1420.37,Yes
CUST-03811,Female,0,Yes,No,18,Yes,No,DSL,Yes,Yes,No,No,No,No,Month-to-month,Yes,Mailed check,45.86,844.88,Yes
CUST-03812,Female,0,No,No,61,Yes,No,Fiber optic,No,No,Yes,No,Yes,No,Month-to-month,No,Electronic check,38.21,2297.33,Yes
CUST-03813,Male,1,No,No,54,Yes,No,No,Yes,Yes,Yes,No,Yes,No,One year,No,Electronic check,29.17,1588.51,No
CUST-03814,Female,0,Yes,No,59,Yes,No,DSL,No,No,No,No,No,No,Two year,Yes,Credit card (automatic),23.53,1365.28,Yes
CUST-03815,Female,0,Yes,Yes,59,Yes,No,No,No,Yes,No,No,No,No,Month-to-month,No,Bank transfer (automatic),36.5,2209.21,No
CUST-03816,Female,0,Yes,No,13,Yes,No,Fiber optic,No,No,No,Yes,Yes,Yes,Month-to-month,Yes,Electronic check,49.99,640.0,Yes
CUST-03817,Female,0,Yes,No,3,Yes,No,No,No,Yes,No,Yes,No,Yes,Month-to-month,No,Bank transfer (automatic),28.52,92.47,Yes
CUST-03818,Male,0,Yes,No,45,Yes,Yes,Fiber optic,Yes,Yes,No,No,No,No,One year,Yes,Mailed check,34.85,1611.7,Yes
CUST-03819,Male,0,No,No,44,Yes,Yes,Fiber optic,No,No,No,Yes,No,Yes,Month-to-month,No,Electronic check,47.22,2086.13,No
CUST-03820,Male,0,Yes,No,62,Yes,Yes,Fiber optic,Yes,Yes,No,Yes,No,No,One year,Yes,Electronic check,51.08,3199.09,Yes
CUST-03821,Female,0,Yes,No,46,Yes,No,Fiber optic,No,Yes,Yes,No,No,Yes,Month-to-month,No,Mailed check,32.4,1442.19,Yes
CUST-03822,Female,0,Yes,No,58,Yes,No,No,Yes,Yes,No,No,No,No,Month-to-month,No,Electronic check,33.64,1973.22,No
CUST-03823,Male,1,Yes,Yes,25,Yes,Yes,No,No,No,No,No,No,No,Month-to-month,No,Credit card (automatic),35.9,889.49,Yes
CUST-03824,Female,0,No,No,9,Yes,Yes,Fiber optic,Yes,No,No,No,No,No,Month-to-month,Yes,Bank transfer (automatic),39.38,388.69,Yes
CUST-03825,Male,0,Yes,Yes,3,No,Yes,Fiber optic,Yes,Yes,Yes,No,Yes,No,One year,No,Credit card (automatic),20.32,80.27,No
CUST-03826,Male,0,Yes,No,31,Yes,Yes,Fiber optic,Yes,Yes,No,No,No,Yes,One year,Yes,Electronic check,51.04,1603.22,Yes
CUST-03827,Female,0,No,No,1,Yes,Yes,Fiber optic,No,No,Yes,No,Yes,No,One year,Yes,Electronic check,53.43,81.53,Yes
CUST-03828,Male,0,Yes,No,37,Yes,Yes,Fiber optic,Yes,No,Yes,Yes,No,No,Month-to-month,No,Bank transfer (automatic),43.78,1660.98,Yes
CUST-03829,Male,0,No,Yes,29,Yes,No,Fiber optic,No,Yes,Yes,No,No,No,Month-to-month,Yes,Bank transfer (automatic),52.09,1428.11,Yes
CUST-03830,Female,0,No,Yes,19,Yes,No,DSL,No,Yes,No,Yes,No,No,One year,Yes,Bank transfer (automatic),32.44,585.31,Yes
CUST-03831,Male,0,No,Yes,42,Yes,Yes,No,No,No,No,No,Yes,Yes,One year,No,Mailed check,27.32,1146.73,No
CUST-03832,Female,1,No,No,49,Yes,Yes,DSL,Yes,Yes,No,Yes,Yes,No,One year,No,Electronic check,44.44,2130.57,Yes
CUST-03833,Male,0,Yes,No,3,Yes,No,DSL,No,Yes,No,Yes,Yes,Yes,Month-to-month,Yes,Bank transfer (automatic),51.1,143.75,No
CUST-03834,Male,0,Yes,No,34,Yes,No,DSL,No,Yes,No,No,No,Yes,Month-to-month,Yes,Credit card (automatic),43.94,1501.9,Yes
CUST-03835,Female,0,Yes,No,67,Yes,Yes,DSL,No,No,Yes,No,Yes,Yes,One year,Yes,Bank transfer (automatic),28.47,1970.76,No
CUST-03836,Male,0,Yes,No,22,Yes,No,Fiber optic,Yes,No,No,Yes,No,No,Month-to-month,No,Credit card (automatic),42.71,968.6,Yes
CUST-03837,Female,0,Yes,Yes,56,Yes,Yes,DSL,Yes,Yes,Yes,Yes,No,Yes,Month-to-month,No,Mailed check,37.02,2102.02,No
CUST-03838,Male,0,Yes,No,24,Yes,No,DSL,Yes,Yes,No,No,No,No,One year,Yes,Electronic check,35.96,865.21,Yes
CUST-03839,Male,0,Yes,No,20,Yes,No,DSL,No,Yes,Yes,No,Yes,No,Month-to-month,Yes,Credit card (automatic),46.89,868.74,Yes
CUST-03840,Male,0,Yes,Yes,61,Yes,Yes,DSL,No,Yes,Yes,No,Yes,Yes,Month-to-month,No,Bank transfer (automatic),44.1,2661.2,No
CUST-03841,Male,1,No,No,26,Yes,Yes,No,Yes,No,No,Yes,No,Yes,Month-to-month,Yes,Mailed check,48.46,1194.77,No
CUST-03842,Female,1,Yes,No,62,Yes,No,Fiber optic,No,Yes,No,No,Yes,No,One year,Yes,Electronic check,55.13,3440.61,Yes
CUST-03843,Male,1,Yes,No,47,Yes,No,DSL,Yes,No,No,Yes,No,No,Month-to-month,Yes,Electronic check,52.31,2462.63,No
CUST-03844,Female,0,Yes,Yes,58,Yes,No,Fiber optic,Yes,No,No,No,No,Yes,One year,Yes,Electronic check,51.26,2981.54,Yes
CUST-03845,Male,0,No,No,58,Yes,No,Fiber optic,No,Yes,Yes,No,No,No,Month-to-month,Yes,Electronic check,47.69,2786.17,Yes
CUST-03846,Female,0,Yes,Yes,65,Yes,Yes,Fiber optic,No,Yes,No,No,No,Yes,One year,Yes,Credit card (automatic),47.74,3084.49,Yes
CUST-03847,Male,1,No,No,40,Yes,No,DSL,No,Yes,Yes,Yes,No,No,Month-to-month,No,Mailed check,42.34,1641.54,No
CUST-03848,Female,0,Yes,No,68,Yes,Yes,Fiber optic,Yes,No,No,No,Yes,No,One year,Yes,Electronic check,50.99,3449.96,No
CUST-03849,Male,0,Yes,No,5,Yes,Yes,DSL,No,Yes,Yes,No,No,Yes,Month-to-month,Yes,Electronic check,55.45,295.53,No
CUST-03850,Female,0,No,No,35,Yes,No,DSL,No,No,Yes,No,Yes,Yes,One year,Yes,Electronic check,46.88,1572.38,Yes
CUST-03851,Male,0,Yes,Yes,29,Yes,No,No,No,Yes,No,No,No,Yes,Month-to-month,No,Mailed check,32.84,960.36,Yes
CUST-03852,Female,1,Yes,No,7,Yes,Yes,Fiber optic,Yes,Yes,No,No,No,Yes,One year,No,Mailed check,47.75,286.18,Yes
CUST-03853,Female,0,Yes,Yes,63,Yes,No,DSL,Yes,Yes,Yes,No,Yes,Yes,Month-to-month,No,Credit card (automatic),45.73,2904.65,No
CUST-03854,Female,0,Yes,No,57,Yes,Yes,DSL,Yes,Yes,No,No,Yes,Yes,Month-to-month,Yes,Electronic check,59.7,3351.86,Yes
CUST-03855,Female,0,Yes,No,54,Yes,No,Fiber optic,No,No,No,No,No,No,Two year,No,Credit card (automatic),31.01,1705.94,Yes
CUST-03856,Male,0,Yes,No,45,Yes,No,DSL,No,No,Yes,Yes,Yes,No,Month-to-month,Yes,Electronic check,59.29,2612.17,Yes
CUST-03857,Female,0,Yes,No,43,Yes,No,DSL,No,No,No,Yes,No,No,Month-to-month,Yes,Credit card (automatic),38.69,1625.71,No
CUST-03858,Female,1,No,No,28,Yes,No,DSL,Yes,No,No,No,Yes,Yes,One year,No,Bank transfer (automatic),40.06,1148.77,Yes
CUST-03859,Female,0,Yes,No,49,Yes,Yes,DSL,No,Yes,No,No,Yes,No,One year,Yes,Credit card (automatic),37.0,1805.98,No
CUST-03860,Female,0,Yes,No,70,No,No,Fiber optic,Yes,No,Yes,Yes,No,No,Month-to-month,Yes,Credit card (automatic),53.16,3642.53,No
CUST-03861,Male,0,No,Yes,18,Yes,No,DSL,No,Yes,No,No,Yes,No,Month-to-month,Yes,Mailed check,46.63,867.62,No
CUST-03862,Male,0,Yes,No,25,Yes,No,Fiber optic,Yes,No,No,Yes,No,No,Month-to-month,No,Mailed check,37.2,845.32,Yes
CUST-03863,Female,0,No,No,8,Yes,No,DSL,No,No,No,No,No,No,Month-to-month,Yes,Electronic check,61.32,483.45,Yes
CUST-03864,Male,0,Yes,No,65,Yes,Yes,No,Yes,Yes,No,No,No,Yes,Month-to-month,Yes,Electronic check,42.54,2848.06,Yes
CUST-03865,Male,1,No,No,38,No,Yes,Fiber optic,Yes,No,Yes,Yes,No,No,Month-to-month,Yes,Electronic check,54.51,2074.64,Yes
CUST-03866,Male,0,No,Yes,43,Yes,Yes,DSL,No,Yes,No,Yes,No,Yes,Two year,Yes,Electronic check,21.96,930.34,No
CUST-03867,Male,0,Yes,No,19,Yes,Yes,DSL,No,No,No,No,No,No,Two year,No,Electronic check,43.12,816.39,Yes
CUST-03868,Male,0,No,No,3,Yes,No,Fiber optic,Yes,Yes,Yes,Yes,No,No,One year,Yes,Electronic check,31.99,52.28,Yes
CUST-03869,Female,0,No,No,58,Yes,No,Fiber optic,No,No,No,No,Yes,No,Month-to-month,No,Credit card (automatic),39.0,2268.9,Yes
CUST-03870,Male,0,No,Yes,62,Yes,No,DSL,Yes,No,Yes,No,No,No,Two year,Yes,Credit card (automatic),18.07,1207.09,Yes
CUST-03871,Female,1,Yes,No,25,Yes,Yes,DSL,No,Yes,No,No,Yes,No,One year,Yes,Credit card (automatic),33.04,808.99,No
CUST-03872,Female,0,Yes,No,55,Yes,No,Fiber optic,No,No,Yes,Yes,Yes,No,Month-to-month,No,Electronic check,45.72,2482.15,Yes
CUST-03873,Male,1,Yes,No,41,No,Yes,DSL,No,Yes,No,No,Yes,Yes,Month-to-month,No,Credit card (automatic),36.63,1520.79,No
CUST-03874,Female,0,No,No,46,Yes,No,DSL,No,No,Yes,No,Yes,Yes,One year,No,Electronic check,41.9,1957.18,Yes
CUST-03875,Male,0,Yes,No,13,Yes,No,DSL,No,No,No,Yes,No,No,Two year,Yes,Electronic check,35.03,459.54,Yes
CUST-03876,Male,0,Yes,No,44,Yes,No,Fiber optic,Yes,No,No,No,Yes,No,Month-to-month,Yes,Electronic check,51.34,2246.6,Yes
CUST-03877,Male,0,No,Yes,12,Yes,No,DSL,No,No,No,No,Yes,No,Month-to-month,No,Electronic check,39.47,495.84,No
CUST-03878,Female,1,Yes,Yes,16,Yes,No,DSL,No,Yes,Yes,Yes,Yes,Yes,One year,Yes,Electronic check,49.48,733.03,Yes
CUST-03879,Female,0,No,Yes,26,Yes,Yes,DSL,No,Yes,No,Yes,No,Yes,Month-to-month,No,Credit card (automatic),41.96,1071.42,No
CUST-03880,Female,0,Yes,No,16,No,Yes,Fiber optic,Yes,No,Yes,Yes,Yes,No,Month-to-month,Yes,Bank transfer (automatic),51.71,734.89,Yes
CUST-03881,Male,0,No,No,65,Yes,No,Fiber optic,Yes,Yes,No,Yes,No,Yes,One year,Yes,Mailed check,42.08,2730.9,No
CUST-03882,Female,1,Yes,No,3,Yes,Yes,Fiber optic,No,Yes,No,Yes,No,Yes,Month-to-month,Yes,Electronic check,66.92,192.22,Yes
CUST-03883,Male,0,Yes,No,65,Yes,No,Fiber optic,Yes,No,No,Yes,No,No,Month-to-month,Yes,Bank transfer (automatic),46.32,3052.84,Yes
CUST-03884,Female,0,No,Yes,11,Yes,Yes,Fiber optic,Yes,No,Yes,No,Yes,Yes,Month-to-month,No,Mailed check,49.89,514.63,Yes
CUST-03885,Female,0,Yes,No,62,Yes,No,Fiber optic,No,No,Yes,No,No,No,Month-to-month,Yes,Credit card (automatic),55.84,3503.62,Yes
CUST-03886,Female,1,Yes,No,24,Yes,Yes,No,No,Yes,No,No,Yes,Yes,Month-to-month,Yes,Electronic check,55.3,1318.82,No
CUST-03887,Female,0,Yes,Yes,66,Yes,No,No,No,Yes,No,No,No,Yes,One year,No,Electronic check,32.69,2183.12,No
CUST-03888,Female,0,No,No,39,Yes,No,Fiber optic,Yes,Yes,No,No,No,No,Two year,No,Electronic check,42.34,1682.13,Yes
CUST-03889,Female,1,Yes,No,35,Yes,Yes,Fiber optic,No,No,No,Yes,No,Yes,One year,Yes,Bank transfer (automatic),53.37,1869.87,Yes
CUST-03890,Male,0,Yes,No,10,Yes,No,DSL,No,No,No,No,No,No,Month-to-month,Yes,Mailed check,47.59,486.88,Yes
CUST-03891,Male,0,Yes,No,31,Yes,Yes,DSL,Yes,No,No,No,Yes,No,Month-to-month,No,Bank transfer (automatic),45.46,1386.24,No
CUST-03892,Male,0,Yes,No,40,Yes,No,DSL,Yes,No,No,No,No,No,Month-to-month,Yes,Mailed check,43.64,1793.55,Yes
CUST-03893,Female,0,No,No,70,Yes,No,Fiber optic,No,No,No,No,Yes,Yes,One year,No,Mailed check,36.72,2678.18,No
CUST-03894,Female,0,Yes,No,19,Yes,No,No,No,Yes,Yes,No,Yes,No,Month-to-month,Yes,Electronic check,38.24,668.23,Yes
CUST-03895,Male,0,No,Yes,6,Yes,Yes,Fiber optic,No,No,Yes,No,No,Yes,Month-to-month,No,Credit card (automatic),41.69,252.87,Yes
CUST-03896,Male,0,No,Yes,19,Yes,No,Fiber optic,No,Yes,Yes,No,No,Yes,Month-to-month,No,Electronic check,48.04,901.21,Yes
CUST-03897,Male,0,No,No,18,No,No,DSL,No,No,Yes,No,No,Yes,One year,Yes,Electronic check,43.33,797.8,Yes
CUST-03898,Female,0,No,No,68,No,No,No,No,Yes,No,No,No,No,Month-to-month,Yes,Electronic check,37.59,2491.64,Yes
CUST-03899,Female,0,Yes,No,11,Yes,No,DSL,Yes,Yes,No,No,No,Yes,Month-to-month,No,Electronic check,30.25,290.54,Yes
CUST-03900,Male,0,No,No,71,Yes,Yes,No,No,No,No,Yes,No,No,One year,Yes,Mailed check,33.68,2460.32,No
CUST-03901,Male,0,No,No,9,Yes,Yes,DSL,No,No,No,No,No,No,One year,Yes,Mailed check,42.57,441.71,Yes
CUST-03902,Male,0,No,Yes,58,Yes,No,DSL,Yes,Yes,Yes,No,Yes,No,Month-to-month,Yes,Mailed check,46.92,2657.3,Yes
CUST-03903,Male,0,Yes,No,30,Yes,No,Fiber optic,Yes,No,Yes,Yes,Yes,Yes,One year,No,Electronic check,55.46,1742.65,Yes
CUST-03904,Female,0,Yes,No,4,Yes,No,DSL,No,Yes,Yes,No,Yes,Yes,One year,Yes,Electronic check,35.13,110.78,Yes
CUST-03905,Male,0,No,No,44,No,Yes,DSL,No,Yes,No,Yes,Yes,Yes,Month-to-month,Yes,Electronic check,49.23,2199.61,No
CUST-03906,Male,0,Yes,Yes,52,Yes,Yes,Fiber optic,Yes,Yes,Yes,No,No,Yes,One year,Yes,Electronic check,63.53,3299.21,Yes
CUST-03907,Male,1,No,Yes,60,Yes,No,Fiber optic,No,No,Yes,No,No,Yes,Month-to-month,Yes,Bank transfer (automatic),38.96,2348.09,Yes
CUST-03908,Male,0,Yes,No,13,Yes,Yes,DSL,No,No,Yes,Yes,No,Yes,One year,No,Electronic check,30.69,405.28,No
CUST-03909,Female,0,Yes,No,44,Yes,No,Fiber optic,No,No,No,No,Yes,No,Month-to-month,Yes,Electronic check,59.77,2668.62,Yes
CUST-03910,Male,0,Yes,No,41,Yes,No,Fiber optic,No,No,Yes,Yes,No,No,Month-to-month,No,Electronic check,47.51,1928.32,Yes
CUST-03911,Female,0,Yes,Yes,32,No,No,DSL,Yes,No,Yes,No,No,Yes,One year,Yes,Mailed check,38.2,1298.04,No
CUST-03912,Male,0,Yes,No,64,No,No,Fiber optic,Yes,Yes,No,No,Yes,Yes,One year,No,Electronic check,43.96,2858.89,Yes
CUST-03913,Female,0,No,No,31,Yes,No,Fiber optic,No,Yes,Yes,No,Yes,No,Month-to-month,No,Mailed check,51.92,1596.44,No
CUST-03914,Male,1,No,No,27,Yes,No,No,No,Yes,No,No,No,No,Two year,No,Electronic check,40.89,1107.1,Yes
CUST-03915,Male,0,No,No,38,Yes,No,Fiber optic,No,No,No,Yes,Yes,No,Month-to-month,Yes,Bank transfer (automatic),49.37,1882.39,Yes
CUST-03916,Female,0,No,No,66,No,No,Fiber optic,No,No,No,No,No,No,Month-to-month,Yes,Electronic check,42.41,2784.28,Yes
CUST-03917,Female,0,No,No,62,Yes,No,Fiber optic,Yes,Yes,No,No,No,No,Month-to-month,Yes,Electronic check,57.86,3575.35,Yes
CUST-03918,Male,0,Yes,No,51,Yes,No,Fiber optic,No,Yes,Yes,Yes,Yes,No,Month-to-month,No,Bank transfer (automatic),53.51,2762.62,Yes
CUST-03919,Female,1,No,No,6,Yes,Yes,Fiber optic,No,No,No,Yes,Yes,No,One year,No,Credit card (automatic),52.87,342.35,Yes
CUST-03920,Male,0,No,Yes,22,Yes,No,Fiber optic,No,Yes,No,No,No,No,Month-to-month,Yes,Mailed check,53.99,1167.73,Yes
CUST-03921,Male,0,No,No,2,Yes,No,DSL,Yes,No,No,Yes,Yes,No,Month-to-month,Yes,Electronic check,64.1,132.4,Yes
CUST-03922,Male,0,Yes,No,7,Yes,No,No,Yes,No,No,No,No,Yes,One year,Yes,Credit card (automatic),40.49,244.52,No
CUST-03923,Female,0,No,No,60,Yes,No,Fiber optic,No,Yes,Yes,No,Yes,No,Month-to-month,Yes,Mailed check,54.94,3365.85,Yes
CUST-03924,Female,0,Yes,No,58,Yes,No,Fiber optic,No,Yes,No,Yes,Yes,No,One year,Yes,Bank transfer (automatic),51.55,3021.62,No
CUST-03925,Male,0,Yes,No,8,Yes,No,Fiber optic,No,No,No,Yes,No,No,Month-to-month,Yes,Bank transfer (automatic),48.09,382.23,Yes
CUST-03926,Male,0,No,Yes,33,Yes,No,DSL,No,Yes,No,Yes,No,Yes,Two year,No,Mailed check,38.49,1278.03,No
CUST-03927,Male,0,No,No,20,Yes,No,Fiber optic,No,Yes,Yes,Yes,Yes,Yes,Month-to-month,Yes,Electronic check,43.95,912.3,Yes
CUST-03928,Female,0,Yes,Yes,6,No,Yes,Fiber optic,Yes,Yes,No,No,Yes,Yes,Two year,Yes,Electronic check,39.59,216.84,Yes
CUST-03929,Male,0,Yes,Yes,28,Yes,No,Fiber optic,Yes,No,No,Yes,Yes,No,Month-to-month,Yes,Mailed check,38.13,1067.84,Yes
CUST-03930,Male,0,No,Yes,8,Yes,No,DSL,No,No,Yes,No,Yes,No,Month-to-month,Yes,Electronic check,35.81,315.1,Yes
CUST-03931,Male,0,Yes,No,53,Yes,No,Fiber optic,No,No,No,Yes,Yes,No,Month-to-month,Yes,Bank transfer (automatic),39.27,2033.55,Yes
CUST-03932,Female,0,Yes,Yes,69,Yes,Yes,Fiber optic,Yes,No,No,Yes,Yes,Yes,Month-to-month,Yes,Electronic check,50.16,3483.44,Yes
CUST-03933,Male,0,No,No,31,Yes,Yes,Fiber optic,No,Yes,No,No,No,Yes,Month-to-month,Yes,Bank transfer (automatic),49.05,1620.76,Yes
CUST-03934,Male,1,No,No,18,Yes,Yes,DSL,Yes,Yes,Yes,Yes,No,No,Month-to-month,Yes,Credit card (automatic),34.79,560.49,Yes
CUST-03935,Female,0,Yes,Yes,36,Yes,Yes,Fiber optic,Yes,Yes,Yes,No,No,Yes,Month-to-month,No,Bank transfer (automatic),25.77,964.42,Yes
CUST-03936,Male,0,No,No,69,Yes,No,DSL,No,Yes,No,Yes,No,Yes,Month-to-month,No,Credit card (automatic),30.0,2021.22,No
CUST-03937,Male,0,Yes,No,12,Yes,No,Fiber optic,No,No,No,No,No,No,One year,Yes,Electronic check,41.21,439.43,Yes
CUST-03938,Female,0,Yes,No,49,Yes,Yes,Fiber optic,Yes,No,No,Yes,No,Yes,Two year,Yes,Mailed check,48.66,2368.72,No
CUST-03939,Male,1,No,No,7,Yes,No,Fiber optic,Yes,No,No,Yes,No,Yes,Month-to-month,No,Mailed check,47.35,352.75,Yes
CUST-03940,Male,0,No,No,22,Yes,Yes,No,No,No,Yes,No,No,Yes,Month-to-month,Yes,Bank transfer (automatic),60.53,1354.43,Yes
CUST-03941,Male,0,Yes,Yes,32,Yes,No,DSL,No,No,No,Yes,Yes,Yes,One year,No,Mailed check,26.26,835.69,No
CUST-03942,Female,1,Yes,No,28,Yes,No,Fiber optic,Yes,No,Yes,No,No,No,One year,Yes,Electronic check,56.91,1550.76,Yes
CUST-03943,Male,0,Yes,Yes,13,Yes,No,Fiber optic,No,Yes,Yes,No,No,No,Month-to-month,Yes,Mailed check,51.95,669.69,No
CUST-03944,Male,0,Yes,No,56,Yes,No,Fiber optic,No,Yes,No,No,Yes,Yes,Month-to-month,Yes,Electronic check,45.52,2476.6,Yes
CUST-03945,Female,0,Yes,Yes,48,Yes,No,Fiber optic,Yes,No,No,Yes,Yes,Yes,Month-to-month,No,Mailed check,41.06,2004.59,No
CUST-03946,Male,0,Yes,No,31,Yes,No,No,No,No,Yes,No,Yes,Yes,Month-to-month,Yes,Electronic check,48.35,1483.21,Yes
CUST-03947,Female,0,No,No,30,Yes,No,Fiber optic,Yes,No,No,Yes,No,Yes,One year,Yes,Mailed check,36.56,1141.09,No
CUST-03948,Female,0,Yes,Yes,6,Yes,No,DSL,Yes,No,No,Yes,No,No,Month-to-month,Yes,Electronic check,35.71,175.36,Yes
CUST-03949,Male,0,No,Yes,47,Yes,Yes,DSL,No,No,No,Yes,Yes,Yes,Month-to-month,No,Mailed check,53.26,2524.74,No
CUST-03950,Female,0,No,Yes,17,Yes,Yes,No,Yes,Yes,Yes,No,Yes,Yes,Two year,No,Mailed check,33.84,504.51,No
CUST-03951,Female,0,No,No,22,Yes,Yes,DSL,No,No,No,No,Yes,Yes,Month-to-month,Yes,Credit card (automatic),37.59,880.94,Yes
CUST-03952,Female,0,No,No,62,Yes,No,Fiber optic,Yes,Yes,Yes,No,No,Yes,Two year,Yes,Credit card (automatic),37.12,2319.07,No
CUST-03953,Male,0,Yes,Yes,46,Yes,No,No,No,Yes,Yes,No,Yes,Yes,Month-to-month,Yes,Electronic check,44.22,2019.63,No
CUST-03954,Female,0,Yes,No,50,No,No,Fiber optic,No,Yes,Yes,Yes,No,No,One year,Yes,Credit card (automatic),49.21,2443.05,Yes
CUST-03955,Male,0,No,Yes,19,Yes,No,DSL,No,No,Yes,Yes,Yes,No,Month-to-month,Yes,Electronic check,45.67,855.14,Yes
CUST-03956,Male,0,Yes,No,36,Yes,No,Fiber optic,No,Yes,Yes,No,Yes,No,Two year,Yes,Electronic check,43.63,1570.61,Yes
CUST-03957,Male,0,Yes,No,1,Yes,Yes,Fiber optic,No,Yes,Yes,No,Yes,Yes,Month-to-month,Yes,Bank transfer (automatic),49.5,-14.25,Yes
CUST-03958,Male,0,Yes,No,18,Yes,No,No,No,No,No,Yes,Yes,Yes,Month-to-month,No,Mailed check,42.85,758.07,No
CUST-03959,Female,0,No,No,57,Yes,No,Fiber optic,No,No,Yes,No,No,No,One year,Yes,Electronic check,44.87,2545.18,No
CUST-03960,Female,0,Yes,No,34,Yes,No,Fiber optic,Yes,Yes,Yes,No,Yes,Yes,Month-to-month,No,Bank transfer (automatic),54.0,1876.71,Yes
CUST-03961,Male,0,Yes,Yes,46,Yes,No,DSL,Yes,No,No,Yes,No,No,Two year,No,Bank transfer (automatic),25.47,1150.79,No
CUST-03962,Male,0,Yes,No,57,Yes,No,DSL,No,No,Yes,No,No,No,Month-to-month,Yes,Mailed check,61.55,3467.13,Yes
CUST-03963,Male,0,No,Yes,67,Yes,Yes,Fiber optic,No,No,No,No,No,No,Month-to-month,Yes,Electronic check,52.38,3506.72,Yes
CUST-03964,Female,0,Yes,Yes,6,Yes,Yes,Fiber optic,Yes,No,Yes,No,No,Yes,Month-to-month,No,Credit card (automatic),42.16,276.34,Yes
CUST-03965,Female,0,No,No,42,Yes,Yes,Fiber optic,No,No,No,Yes,Yes,Yes,Month-to-month,Yes,Bank transfer (automatic),40.7,1713.17,Yes
CUST-03966,Male,1,No,No,71,Yes,Yes,No,No,No,No,Yes,No,Yes,One year,No,Bank transfer (automatic),27.24,1936.38,No
CUST-03967,Male,0,Yes,No,15,Yes,No,DSL,Yes,Yes,Yes,No,No,No,Two year,Yes,Credit card (automatic),25.49,384.2,No
CUST-03968,Female,0,Yes,No,62,Yes,Yes,DSL,No,Yes,No,Yes,No,Yes,Two year,No,Credit card (automatic),38.66,2390.53,No
CUST-03969,Male,1,No,No,42,Yes,Yes,Fiber optic,Yes,Yes,No,Yes,No,Yes,Two year,Yes,Electronic check,38.95,1613.5,No
CUST-03970,Male,1,No,Yes,23,Yes,No,Fiber optic,No,No,No,No,No,Yes,Month-to-month,Yes,Electronic check,59.93,1346.97,Yes
CUST-03971,Female,0,Yes,No,56,No,Yes,Fiber optic,No,No,Yes,No,Yes,Yes,One year,No,Credit card (automatic),27.31,1530.46,No
CUST-03972,Male,0,Yes,No,62,Yes,Yes,Fiber optic,No,Yes,Yes,Yes,No,No,Month-to-month,Yes,Electronic check,51.54,3208.47,Yes
CUST-03973,Female,1,Yes,Yes,11,Yes,Yes,DSL,No,No,No,Yes,No,No,One year,Yes,Electronic check,29.31,325.04,Yes
CUST-03974,Female,0,Yes,No,49,Yes,No,Fiber optic,Yes,Yes,No,No,Yes,No,Two year,Yes,Electronic check,41.88,1980.19,Yes
CUST-03975,Female,0,Yes,No,67,Yes,No,No,No,No,No,No,Yes,No,Month-to-month,Yes,Credit card (automatic),37.8,2569.77,Yes
CUST-03976,Male,0,Yes,No,48,Yes,Yes,No,No,No,Yes,Yes,Yes,Yes,Month-to-month,Yes,Mailed check,54.37,2554.8,No
CUST-03977,Male,0,Yes,No,39,Yes,Yes,Fiber optic,Yes,No,Yes,No,No,No,Month-to-month,Yes,Electronic check,58.17,2215.81,Yes
CUST-03978,Male,0,No,No,10,Yes,No,Fiber optic,Yes,No,Yes,No,Yes,No,Two year,Yes,Electronic check,51.49,473.03,Yes
CUST-03979,Male,0,No,No,32,Yes,No,Fiber optic,Yes,No,No,No,Yes,Yes,Two year,Yes,Mailed check,30.06,944.77,Yes
CUST-03980,Female,0,No,No,65,Yes,No,Fiber optic,No,No,No,Yes,No,No,Two year,Yes,Electronic check,41.96,2722.89,No
CUST-03981,Female,0,No,No,57,Yes,No,DSL,No,No,Yes,No,Yes,No,One year,Yes,Bank transfer (automatic),50.73,2930.71,No
CUST-03982,Female,0,No,No,32,Yes,Yes,DSL,Yes,No,No,No,No,Yes,Two year,Yes,Credit card (automatic),27.48,919.06,No
CUST-03983,Male,1,Yes,No,22,Yes,No,No,No,No,No,No,No,No,Two year,No,Electronic check,30.85,609.19,Yes
CUST-03984,Male,0,No,Yes,58,No,No,No,No,Yes,No,Yes,Yes,Yes,Month-to-month,No,Electronic check,41.49,2334.63,Yes
CUST-03985,Male,1,Yes,No,69,Yes,Yes,Fiber optic,Yes,Yes,No,No,Yes,No,Two year,Yes,Mailed check,40.06,2807.01,Yes
CUST-03986,Female,1,Yes,No,22,Yes,No,DSL,No,Yes,No,Yes,Yes,No,One year,No,Bank transfer (automatic),39.97,872.26,Yes
CUST-03987,Female,0,No,No,58,Yes,Yes,Fiber optic,No,No,No,No,Yes,Yes,Month-to-month,No,Electronic check,53.91,3085.64,Yes
CUST-03988,Female,0,No,No,22,Yes,No,DSL,No,Yes,No,Yes,Yes,No,One year,Yes,Mailed check,37.93,857.77,Yes
CUST-03989,Female,0,Yes,No,59,Yes,No,DSL,Yes,No,Yes,No,No,Yes,Month-to-month,Yes,Electronic check,39.42,2370.79,No
CUST-03990,Female,1,No,No,69,Yes,Yes,Fiber optic,Yes,No,No,No,Yes,No,Month-to-month,Yes,Electronic check,70.0,4846.65,Yes
CUST-03991,Male,0,Yes,No,48,Yes,No,Fiber optic,No,No,Yes,No,No,Yes,Month-to-month,Yes,Credit card (automatic),59.23,2812.1,Yes
CUST-03992,Male,0,Yes,Yes,36,Yes,No,DSL,Yes,No,Yes,No,No,Yes,One year,No,Mailed check,35.92,1206.86,No
CUST-03993,Female,0,Yes,No,23,Yes,No,Fiber optic,No,Yes,Yes,No,Yes,Yes,One year,Yes,Mailed check,53.2,1244.37,No
CUST-03994,Female,0,Yes,No,5,Yes,Yes,Fiber optic,No,Yes,No,No,No,Yes,Month-to-month,No,Mailed check,50.4,246.99,Yes
CUST-03995,Male,0,No,Yes,4,No,No,DSL,No,No,No,No,Yes,No,One year,Yes,Credit card (automatic),31.55,92.62,Yes
CUST-03996,Female,0,Yes,Yes,60,Yes,No,DSL,No,No,No,No,Yes,No,Month-to-month,Yes,Mailed check,49.46,2904.93,Yes
CUST-03997,Female,0,Yes,No,47,Yes,No,Fiber optic,No,Yes,Yes,No,Yes,Yes,Two year,Yes,Electronic check,31.18,1474.38,Yes
CUST-03998,Male,0,No,No,17,Yes,Yes,No,No,Yes,Yes,No,Yes,Yes,One year,Yes,Electronic check,61.39,1021.58,No
CUST-03999,Male,0,No,No,40,Yes,No,No,No,No,Yes,No,No,No,Two year,Yes,Credit card (automatic),22.33,899.8,Yes
CUST-04000,Male,0,Yes,Yes,63,Yes,Yes,DSL,Yes,Yes,Yes,Yes,Yes,Yes,One year,Yes,Credit card (automatic),44.17,2819.14,No
CUST-04001,Female,1,Yes,No,46,Yes,Yes,Fiber optic,No,Yes,Yes,Yes,Yes,No,Month-to-month,Yes,Credit card (automatic),64.39,2934.7,Yes
CUST-04002,Male,0,Yes,Yes,66,Yes,Yes,No,No,No,Yes,No,No,No,Month-to-month,Yes,Electronic check,38.1,2599.35,Yes
CUST-04003,Female,0,Yes,Yes,9,Yes,No,DSL,Yes,No,No,Yes,Yes,No,One year,Yes,Bank transfer (automatic),25.82,227.93,Yes
CUST-04004,Female,1,No,No,6,Yes,No,Fiber optic,Yes,Yes,No,Yes,Yes,Yes,Month-to-month,No,Mailed check,52.02,342.26,Yes
CUST-04005,Male,0,No,No,48,Yes,Yes,Fiber optic,No,No,Yes,No,Yes,Yes,Month-to-month,Yes,Mailed check,61.32,2922.22,No
CUST-04006,Male,0,Yes,No,42,Yes,Yes,Fiber optic,Yes,No,Yes,No,No,No,Two year,No,Credit card (automatic),37.65,1604.64,No
CUST-04007,Female,1,Yes,Yes,49,Yes,Yes,DSL,No,Yes,No,Yes,No,Yes,Two year,Yes,Credit card (automatic),26.9,1282.01,No
CUST-04008,Male,0,Yes,Yes,70,Yes,Yes,DSL,Yes,No,No,No,Yes,No,Month-to-month,Yes,Electronic check,59.42,4185.62,No
CUST-04009,Female,0,No,No,8,Yes,No,DSL,No,No,No,Yes,Yes,No,Month-to-month,No,Electronic check,65.49,623.52,Yes
CUST-04010,Female,0,Yes,Yes,67,Yes,No,Fiber optic,Yes,No,No,Yes,No,No,Two year,No,Electronic check,25.97,1696.48,No
CUST-04011,Female,0,Yes,Yes,5,No,Yes,DSL,No,No,Yes,Yes,Yes,No,Month-to-month,Yes,Credit card (automatic),51.15,162.68,Yes
CUST-04012,Male,0,No,Yes,38,Yes,No,Fiber optic,No,Yes,Yes,No,Yes,Yes,Month-to-month,Yes,Credit card (automatic),52.63,1975.52,No
CUST-04013,Male,0,No,No,60,No,Yes,Fiber optic,Yes,Yes,Yes,No,No,No,Month-to-month,Yes,Bank transfer (automatic),44.86,2703.48,Yes
CUST-04014,Female,0,Yes,No,49,Yes,Yes,DSL,Yes,No,No,No,Yes,No,Month-to-month,No,Electronic check,35.93,1764.16,Yes
CUST-04015,Female,0,Yes,Yes,16,Yes,No,DSL,Yes,Yes,No,No,Yes,No,One year,Yes,Bank transfer (automatic),28.09,432.56,No
CUST-04016,Female,0,Yes,No,43,No,No,DSL,Yes,No,Yes,No,No,Yes,Two year,Yes,Mailed check,18.0,816.97,Yes
CUST-04017,Female,0,No,No,65,Yes,Yes,No,No,Yes,No,Yes,Yes,No,One year,No,Credit card (automatic),38.01,2452.53,No
CUST-04018,Female,0,Yes,No,15,Yes,Yes,DSL,Yes,Yes,No,No,Yes,No,Month-to-month,Yes,Bank transfer (automatic),40.99,650.07,No
CUST-04019,Female,0,Yes,No,67,Yes,No,Fiber optic,Yes,Yes,No,No,No,No,One year,No,Electronic check,52.89,3528.52,Yes
CUST-04020,Male,0,No,No,47,Yes,No,Fiber optic,No,No,No,No,Yes,No,One year,No,Electronic check,45.95,2123.77,Yes
CUST-04021,Female,1,Yes,No,7,No,Yes,DSL,No,No,No,No,No,Yes,Month-to-month,Yes,Electronic check,56.91,403.1,Yes
CUST-04022,Female,0,Yes,Yes,24,Yes,Yes,No,Yes,Yes,No,No,Yes,No,Month-to-month,No,Mailed check,52.7,1271.6,No
CUST-04023,Male,0,No,No,62,Yes,Yes,Fiber optic,No,No,No,Yes,No,Yes,Month-to-month,No,Electronic check,47.47,3017.74,No
CUST-04024,Female,0,Yes,Yes,24,Yes,No,Fiber optic,No,No,No,No,No,No,One year,No,Bank transfer (automatic),35.05,858.34,Yes
CUST-04025,Female,0,No,No,68,Yes,No,DSL,No,No,Yes,Yes,Yes,Yes,One year,Yes,Mailed check,39.42,2691.7,No
CUST-04026,Female,1,No,No,30,Yes,No,DSL,No,Yes,No,Yes,Yes,Yes,One year,Yes,Mailed check,34.59,1042.32,Yes
CUST-04027,Female,0,Yes,Yes,25,Yes,Yes,DSL,No,Yes,No,No,No,No,Two year,Yes,Credit card (automatic),37.32,910.49,Yes
CUST-04028,Female,0,No,Yes,61,Yes,No,Fiber optic,Yes,No,No,Yes,No,Yes,Two year,Yes,Mailed check,35.3,2143.54,No
CUST-04029,Male,0,No,Yes,56,Yes,No,No,No,No,Yes,No,No,Yes,Two year,Yes,Credit card (automatic),31.87,1763.74,No
CUST-04030,Female,0,No,Yes,17,Yes,No,Fiber optic,No,No,Yes,No,No,Yes,One year,No,Credit card (automatic),42.42,726.45,Yes
CUST-04031,Male,0,No,No,56,Yes,No,DSL,Yes,Yes,Yes,No,No,Yes,Two year,No,Electronic check,33.43,1810.64,No
CUST-04032,Male,1,Yes,Yes,18,Yes,No,DSL,Yes,No,No,No,Yes,No,Month-to-month,Yes,Electronic check,52.3,872.12,Yes
CUST-04033,Female,0,Yes,No,64,Yes,Yes,Fiber optic,Yes,No,No,Yes,Yes,Yes,Month-to-month,Yes,Electronic check,45.59,2887.58,Yes
CUST-04034,Female,0,No,No,1,Yes,No,DSL,No,Yes,Yes,No,No,Yes,One year,Yes,Bank transfer (automatic),33.01,-1.68,Yes
CUST-04035,Female,0,Yes,Yes,48,Yes,Yes,DSL,No,Yes,No,No,No,Yes,Month-to-month,No,Bank transfer (automatic),33.85,1636.41,No
CUST-04036,Female,0,Yes,Yes,12,Yes,No,No,Yes,Yes,No,Yes,Yes,Yes,Month-to-month,Yes,Bank transfer (automatic),35.86,407.32,Yes
CUST-04037,Male,0,Yes,No,49,Yes,Yes,Fiber optic,No,Yes,No,Yes,Yes,Yes,Two year,Yes,Bank transfer (automatic),41.02,2030.97,No
CUST-04038,Male,0,Yes,No,70,Yes,No,DSL,No,No,Yes,Yes,Yes,Yes,One year,No,Mailed check,43.05,2987.63,No
CUST-04039,Female,0,No,No,48,Yes,No,DSL,Yes,Yes,No,Yes,No,Yes,Month-to-month,Yes,Electronic check,43.19,2160.74,Yes
CUST-04040,Female,0,No,Yes,31,Yes,No,Fiber optic,No,No,Yes,No,No,No,Month-to-month,Yes,Electronic check,65.08,2006.51,Yes
CUST-04041,Female,1,No,No,59,Yes,Yes,DSL,No,Yes,Yes,No,No,No,One year,No,Credit card (automatic),29.61,1762.42,No
CUST-04042,Male,0,Yes,No,14,Yes,Yes,No,Yes,Yes,No,No,No,Yes,One year,No,Electronic check,37.57,499.88,Yes
CUST-04043,Male,1,Yes,No,39,Yes,Yes,Fiber optic,No,No,Yes,Yes,Yes,Yes,One year,Yes,Electronic check,45.86,1771.09,Yes
CUST-04044,Female,0,No,No,69,Yes,No,Fiber optic,Yes,Yes,Yes,No,No,No,One year,No,Bank transfer (automatic),38.96,2704.8,No
CUST-04045,Female,0,Yes,No,26,No,No,Fiber optic,No,No,Yes,No,Yes,No,Month-to-month,Yes,Bank transfer (automatic),45.28,1177.1,Yes
CUST-04046,Female,0,No,No,2,Yes,Yes,DSL,Yes,No,No,Yes,Yes,No,One year,Yes,Mailed check,44.65,118.29,No
CUST-04047,Female,0,No,Yes,32,No,No,DSL,No,Yes,No,No,No,Yes,One year,Yes,Mailed check,41.01,1352.87,No
CUST-04048,Female,0,Yes,No,35,Yes,Yes,Fiber optic,No,No,No,Yes,No,No,Month-to-month,Yes,Credit card (automatic),51.02,1868.0,Yes
CUST-04049,Female,0,Yes,Yes,58,Yes,Yes,DSL,No,No,Yes,Yes,No,Yes,Two year,No,Mailed check,22.14,1312.78,No
CUST-04050,Female,0,No,No,58,Yes,Yes,DSL,No,No,Yes,No,No,Yes,Month-to-month,No,Credit card (automatic),26.42,1533.79,No
CUST-04051,Female,1,Yes,Yes,25,Yes,No,No,No,Yes,No,No,Yes,No,Month-to-month,Yes,Credit card (automatic),44.1,1086.04,No
CUST-04052,Female,0,No,No,55,No,No,Fiber optic,Yes,Yes,Yes,No,Yes,Yes,Month-to-month,Yes,Electronic check,56.18,3061.78,No
CUST-04053,Male,0,No,No,11,Yes,No,DSL,No,No,No,No,Yes,No,Month-to-month,No,Bank transfer (automatic),30.04,313.91,Yes
CUST-04054,Male,0,Yes,No,14,Yes,Yes,No,No,Yes,Yes,No,Yes,No,One year,Yes,Credit card (automatic),27.05,387.3,Yes
CUST-04055,Female,0,No,No,43,No,Yes,DSL,No,Yes,No,No,No,No,Two year,No,Mailed check,26.33,1178.82,No
CUST-04056,Female,0,Yes,Yes,51,Yes,No,No,No,No,No,No,No,Yes,Month-to-month,No,Electronic check,36.38,1870.05,No
CUST-04057,Male,1,Yes,Yes,58,Yes,Yes,Fiber optic,Yes,No,No,No,Yes,Yes,One year,No,Electronic check,68.81,3979.53,Yes
CUST-04058,Male,0,No,No,45,Yes,No,Fiber optic,Yes,No,No,No,No,No,Two year,Yes,Bank transfer (automatic),36.02,1572.89,No
CUST-04059,Female,1,No,Yes,10,Yes,No,Fiber optic,Yes,No,Yes,Yes,No,Yes,One year,No,Bank transfer (automatic),37.36,342.13,Yes
CUST-04060,Male,0,No,Yes,48,No,No,DSL,Yes,Yes,Yes,Yes,Yes,No,Two year,Yes,Mailed check,36.17,1744.75,No
CUST-04061,Female,0,No,No,31,Yes,Yes,No,No,Yes,No,No,No,Yes,One year,No,Bank transfer (automatic),35.05,1108.85,No
CUST-04062,Female,0,No,No,19,Yes,No,DSL,No,No,No,Yes,No,Yes,Two year,Yes,Bank transfer (automatic),31.38,633.99,Yes
CUST-04063,Male,0,Yes,Yes,25,Yes,No,No,No,Yes,No,No,No,No,One year,No,Electronic check,53.66,1379.23,Yes
CUST-04064,Male,1,Yes,No,58,Yes,No,DSL,Yes,No,No,Yes,Yes,Yes,Month-to-month,Yes,Electronic check,28.9,1635.76,Yes
CUST-04065,Male,0,Yes,No,13,Yes,No,DSL,No,Yes,No,Yes,No,No,Month-to-month,Yes,Electronic check,40.34,496.57,Yes
CUST-04066,Female,0,Yes,No,40,Yes,No,DSL,Yes,Yes,Yes,Yes,Yes,Yes,Month-to-month,No,Mailed check,38.31,1566.49,No
CUST-04067,Male,0,Yes,Yes,6,Yes,No,Fiber optic,Yes,Yes,Yes,Yes,No,Yes,One year,Yes,Bank transfer (automatic),34.41,248.06,No
CUST-04068,Female,0,No,No,52,Yes,Yes,Fiber optic,No,Yes,Yes,Yes,Yes,No,Month-to-month,No,Credit card (automatic),34.81,1809.71,Yes
CUST-04069,Male,0,Yes,No,11,Yes,Yes,Fiber optic,No,No,No,Yes,Yes,Yes,Month-to-month,No,Credit card (automatic),55.16,670.75,Yes
CUST-04070,Female,1,No,Yes,67,Yes,No,No,Yes,No,Yes,No,Yes,Yes,Month-to-month,Yes,Electronic check,42.14,2869.21,Yes
CUST-04071,Female,0,No,No,63,Yes,Yes,Fiber optic,Yes,No,Yes,No,No,Yes,Month-to-month,Yes,Mailed check,49.5,3145.49,Yes
CUST-04072,Male,0,No,No,61,Yes,Yes,Fiber optic,Yes,No,Yes,Yes,Yes,No,Month-to-month,Yes,Mailed check,42.53,2608.18,No
CUST-04073,Male,0,Yes,No,25,Yes,Yes,DSL,No,No,Yes,Yes,Yes,Yes,Two year,Yes,Electronic check,41.35,965.5,Yes
CUST-04074,Male,0,No,Yes,56,Yes,No,Fiber optic,Yes,Yes,No,Yes,No,No,Two year,No,Electronic check,32.27,1769.79,No
CUST-04075,Female,0,No,No,10,Yes,Yes,No,No,No,Yes,No,No,No,One year,Yes,Credit card (automatic),49.25,488.74,Yes
CUST-04076,Female,0,Yes,No,21,Yes,No,DSL,Yes,Yes,Yes,No,No,Yes,Month-to-month,Yes,Electronic check,55.66,1233.48,Yes
CUST-04077,Male,0,Yes,Yes,10,Yes,No,DSL,No,No,No,Yes,No,Yes,Two year,Yes,Electronic check,34.46,397.62,Yes
CUST-04078,Male,0,Yes,Yes,4,Yes,Yes,DSL,No,No,Yes,Yes,No,Yes,Month-to-month,Yes,Electronic check,39.63,130.38,Yes
CUST-04079,Female,1,No,No,27,Yes,No,DSL,No,No,Yes,Yes,No,No,Month-to-month,Yes,Mailed check,44.43,1238.5,Yes
CUST-04080,Male,1,No,Yes,41,Yes,Yes,Fiber optic,Yes,Yes,Yes,No,Yes,No,Month-to-month,No,Electronic check,45.37,1824.45,Yes
CUST-04081,Male,0,Yes,No,62,Yes,Yes,DSL,Yes,Yes,No,Yes,Yes,No,Month-to-month,No,Electronic check,34.81,2053.46,No
CUST-04082,Female,0,No,No,3,No,No,No,Yes,Yes,No,No,Yes,No,Month-to-month,Yes,Credit card (automatic),32.15,173.61,Yes
CUST-04083,Male,0,Yes,Yes,29,Yes,No,DSL,Yes,Yes,Yes,Yes,No,Yes,Month-to-month,Yes,Electronic check,42.75,1150.61,Yes
CUST-04084,Male,0,Yes,No,51,Yes,Yes,DSL,Yes,No,Yes,No,No,Yes,Month-to-month,Yes,Bank transfer (automatic),41.84,2019.98,Yes
CUST-04085,Male,0,No,No,15,Yes,No,DSL,Yes,Yes,Yes,Yes,Yes,Yes,Two year,Yes,Credit card (automatic),25.27,388.89,No
CUST-04086,Male,0,No,Yes,53,Yes,Yes,Fiber optic,No,No,No,Yes,No,No,Two year,Yes,Bank transfer (automatic),35.11,1848.11,Yes
CUST-04087,Female,0,No,No,41,Yes,Yes,Fiber optic,No,No,No,Yes,Yes,Yes,Two year,No,Bank transfer (automatic),36.71,1519.06,Yes
CUST-04088,Male,1,Yes,No,40,Yes,No,No,No,Yes,No,No,No,No,One year,Yes,Credit card (automatic),48.85,2028.21,No
CUST-04089,Male,1,Yes,No,9,Yes,No,Fiber optic,Yes,Yes,No,No,Yes,Yes,One year,No,Electronic check,59.79,576.88,Yes
CUST-04090,Male,0,Yes,No,12,Yes,Yes,DSL,No,Yes,Yes,No,No,Yes,One year,No,Credit card (automatic),30.31,385.79,Yes
CUST-04091,Male,0,Yes,No,63,Yes,Yes,Fiber optic,No,No,No,Yes,No,No,Two year,Yes,Electronic check,34.51,2139.17,No
CUST-04092,Female,0,Yes,No,63,Yes,No,Fiber optic,No,No,No,No,Yes,Yes,Month-to-month,Yes,Electronic check,40.94,2559.17,Yes
CUST-04093,Female,0,No,Yes,33,Yes,No,Fiber optic,Yes,Yes,No,Yes,No,No,One year,Yes,Mailed check,45.53,1525.64,No
CUST-04094,Female,0,No,Yes,43,Yes,No,Fiber optic,No,Yes,No,No,Yes,No,Month-to-month,Yes,Credit card (automatic),48.47,2066.89,Yes
CUST-04095,Male,1,Yes,No,39,Yes,Yes,Fiber optic,Yes,Yes,No,No,No,No,Month-to-month,No,Electronic check,61.36,2425.05,Yes
CUST-04096,Male,0,Yes,No,37,No,No,DSL,Yes,Yes,No,Yes,Yes,Yes,One year,No,Electronic check,33.45,1246.58,No
CUST-04097,Male,0,Yes,No,51,Yes,No,DSL,Yes,No,Yes,No,Yes,No,Two year,Yes,Electronic check,29.54,1498.67,No
CUST-04098,Female,0,Yes,Yes,41,Yes,No,No,Yes,No,Yes,No,Yes,No,Two year,Yes,Mailed check,28.61,1217.9,Yes
CUST-04099,Male,0,No,No,9,Yes,Yes,DSL,No,Yes,Yes,No,No,No,Month-to-month,Yes,Credit card (automatic),47.76,420.08,Yes
CUST-04100,Female,0,Yes,No,6,No,No,DSL,No,No,Yes,Yes,No,No,Month-to-month,Yes,Bank transfer (automatic),40.25,186.81,Yes
CUST-04101,Female,0,No,No,61,Yes,Yes,DSL,No,Yes,Yes,No,Yes,No,Two year,Yes,Mailed check,33.18,2073.63,Yes
CUST-04102,Male,0,Yes,Yes,53,Yes,No,DSL,No,No,Yes,Yes,No,No,One year,Yes,Electronic check,31.0,1643.27,Yes
CUST-04103,Female,0,Yes,Yes,15,Yes,Yes,No,No,No,No,Yes,Yes,Yes,Month-to-month,No,Credit card (automatic),51.62,765.31,Yes
CUST-04104,Female,0,No,Yes,5,Yes,No,DSL,No,No,No,No,No,Yes,Month-to-month,Yes,Electronic check,39.23,191.17,No
CUST-04105,Female,0,Yes,No,16,Yes,Yes,Fiber optic,No,Yes,No,Yes,No,Yes,One year,Yes,Electronic check,57.12,891.09,Yes
CUST-04106,Female,0,Yes,Yes,42,Yes,Yes,No,Yes,No,Yes,Yes,No,Yes,One year,Yes,Electronic check,33.48,1510.82,No
CUST-04107,Female,1,No,No,42,Yes,No,DSL,Yes,No,Yes,No,No,Yes,Two year,Yes,Mailed check,18.0,704.12,Yes
CUST-04108,Male,0,Yes,Yes,13,Yes,No,DSL,Yes,Yes,No,Yes,Yes,Yes,Month-to-month,Yes,Credit card (automatic),26.61,360.34,No
CUST-04109,Male,0,Yes,Yes,13,Yes,No,DSL,No,Yes,Yes,No,No,No,Month-to-month,No,Bank transfer (automatic),40.47,534.37,Yes
CUST-04110,Female,0,Yes,No,15,Yes,No,DSL,No,No,Yes,No,No,Yes,Month-to-month,No,Mailed check,37.62,596.45,Yes
CUST-04111,Female,0,Yes,No,32,Yes,Yes,DSL,Yes,Yes,No,Yes,No,Yes,Month-to-month,Yes,Bank transfer (automatic),45.76,1450.1,Yes
CUST-04112,Female,0,No,No,17,Yes,No,Fiber optic,No,No,Yes,No,No,Yes,Month-to-month,Yes,Bank transfer (automatic),46.6,841.78,Yes
CUST-04113,Female,0,Yes,Yes,33,Yes,Yes,DSL,No,Yes,Yes,No,No,No,Month-to-month,No,Electronic check,52.12,1706.63,Yes
CUST-04114,Male,0,No,No,2,Yes,No,Fiber optic,Yes,Yes,No,Yes,No,Yes,Month-to-month,Yes,Electronic check,54.08,88.44,Yes
CUST-04115,Female,1,No,No,67,Yes,Yes,No,No,No,No,No,No,No,Month-to-month,Yes,Electronic check,56.21,3769.48,No
CUST-04116,Female,0,Yes,No,64,Yes,Yes,DSL,No,Yes,No,Yes,No,No,Month-to-month,Yes,Credit card (automatic),48.43,3113.45,No
CUST-04117,Female,0,Yes,No,25,Yes,Yes,DSL,Yes,Yes,No,No,No,No,Two year,Yes,Credit card (automatic),37.56,982.78,No
CUST-04118,Female,1,Yes,No,58,Yes,No,DSL,Yes,Yes,Yes,Yes,Yes,Yes,One year,Yes,Credit card (automatic),31.12,1753.2,Yes
CUST-04119,Female,0,Yes,No,39,Yes,Yes,DSL,No,No,No,No,No,No,Month-to-month,Yes,Bank transfer (automatic),54.88,2177.16,Yes
CUST-04120,Female,0,Yes,No,3,Yes,Yes,Fiber optic,No,Yes,No,No,No,No,Month-to-month,No,Electronic check,54.96,204.37,Yes
CUST-04121,Male,0,No,No,21,Yes,No,Fiber optic,Yes,No,No,No,No,No,Month-to-month,Yes,Mailed check,42.18,915.19,Yes
CUST-04122,Male,0,Yes,No,5,Yes,Yes,DSL,No,No,No,No,Yes,Yes,One year,No,Credit card (automatic),35.1,172.97,No
CUST-04123,Male,0,Yes,No,51,Yes,Yes,DSL,Yes,Yes,Yes,Yes,Yes,No,Month-to-month,Yes,Bank transfer (automatic),42.59,2152.71,No
CUST-04124,Female,0,No,No,56,No,No,DSL,Yes,Yes,No,No,No,No,Month-to-month,Yes,Credit card (automatic),47.98,2706.88,Yes
CUST-04125,Male,0,No,Yes,44,Yes,No,Fiber optic,No,Yes,Yes,No,No,No,Month-to-month,No,Electronic check,53.33,2355.9,Yes
CUST-04126,Male,1,Yes,No,1,Yes,No,Fiber optic,No,Yes,Yes,No,No,Yes,Two year,No,Mailed check,45.86,-13.34,Yes
CUST-04127,Female,0,Yes,Yes,17,Yes,No,Fiber optic,No,No,Yes,No,Yes,No,Month-to-month,Yes,Credit card (automatic),47.05,836.37,Yes
CUST-04128,Female,0,No,No,34,Yes,Yes,Fiber optic,Yes,No,Yes,Yes,Yes,No,Month-to-month,No,Mailed check,52.19,1747.47,Yes
CUST-04129,Male,0,Yes,Yes,11,Yes,Yes,DSL,Yes,No,No,Yes,No,No,One year,No,Electronic check,39.55,409.45,No
CUST-04130,Female,0,No,Yes,8,Yes,No,Fiber optic,Yes,No,No,Yes,No,No,Two year,Yes,Electronic check,38.65,352.18,No
CUST-04131,Female,0,No,Yes,22,Yes,No,DSL,No,Yes,No,Yes,Yes,Yes,One year,Yes,Electronic check,25.72,572.8,No
CUST-04132,Male,0,Yes,Yes,43,Yes,No,Fiber optic,Yes,No,No,Yes,Yes,Yes,Month-to-month,Yes,Credit card (automatic),47.84,2050.81,Yes
CUST-04133,Male,1,Yes,Yes,7,Yes,No,DSL,Yes,No,No,Yes,No,Yes,One year,Yes,Bank transfer (automatic),34.81,229.1,No
CUST-04134,Male,0,Yes,Yes,71,Yes,Yes,Fiber optic,No,No,Yes,No,Yes,Yes,Month-to-month,Yes,Credit card (automatic),39.8,2816.41,No
CUST-04135,Male,0,Yes,No,33,Yes,Yes,Fiber optic,No,No,No,No,Yes,No,Month-to-month,Yes,Electronic check,46.26,1525.61,Yes
CUST-04136,Male,0,Yes,No,13,Yes,No,Fiber optic,No,Yes,No,No,No,No,Month-to-month,No,Electronic check,58.16,822.21,Yes
CUST-04137,Male,0,No,No,2,Yes,No,Fiber optic,Yes,No,Yes,No,No,Yes,Month-to-month,Yes,Mailed check,52.37,27.79,Yes
CUST-04138,Female,0,No,No,68,Yes,Yes,DSL,Yes,Yes,Yes,Yes,Yes,No,Month-to-month,No,Electronic check,44.6,3133.53,No
CUST-04139,Male,0,No,Yes,43,Yes,No,Fiber optic,No,No,No,No,No,Yes,Month-to-month,No,Bank transfer (automatic),41.26,1868.0,Yes
CUST-04140,Male,0,No,No,62,Yes,No,DSL,No,Yes,No,Yes,No,No,One year,Yes,Electronic check,38.32,2361.47,Yes
CUST-04141,Male,0,No,No,56,Yes,Yes,DSL,No,Yes,Yes,No,No,Yes,Month-to-month,No,Electronic check,44.15,2480.0,No
CUST-04142,Male,0,Yes,No,70,No,Yes,DSL,No,No,No,No,Yes,Yes,Month-to-month,Yes,Electronic check,39.2,2751.5,No
CUST-04143,Female,0,Yes,No,64,Yes,Yes,Fiber optic,No,Yes,No,Yes,No,Yes,Month-to-month,Yes,Credit card (automatic),53.02,3436.14,Yes
CUST-04144,Female,0,No,No,55,Yes,No,Fiber optic,No,No,No,Yes,Yes,No,One year,No,Bank transfer (automatic),27.13,1497.79,No
CUST-04145,Female,0,No,No,61,Yes,Yes,No,Yes,No,No,Yes,Yes,No,One year,No,Bank transfer (automatic),24.17,1489.82,No
CUST-04146,Female,0,Yes,No,61,Yes,Yes,Fiber optic,Yes,No,Yes,No,No,No,One year,No,Bank transfer (automatic),38.45,2392.91,No
CUST-04147,Female,0,No,No,19,Yes,No,Fiber optic,Yes,Yes,No,Yes,Yes,Yes,Month-to-month,Yes,Credit card (automatic),54.28,953.99,Yes
CUST-04148,Male,0,Yes,Yes,43,Yes,No,No,No,Yes,No,No,Yes,Yes,One year,Yes,Bank transfer (automatic),30.04,1285.57,Yes
CUST-04149,Male,1,Yes,No,71,Yes,No,DSL,Yes,Yes,Yes,Yes,No,No,Month-to-month,Yes,Mailed check,46.59,3317.26,Yes
CUST-04150,Female,0,No,No,62,Yes,No,Fiber optic,Yes,Yes,No,No,Yes,No,Month-to-month,No,Electronic check,48.63,3002.25,Yes
CUST-04151,Female,0,Yes,Yes,8,Yes,Yes,DSL,No,No,No,Yes,No,Yes,Month-to-month,No,Bank transfer (automatic),41.73,265.98,Yes
CUST-04152,Male,1,No,No,8,Yes,Yes,DSL,No,No,No,Yes,No,No,One year,Yes,Electronic check,47.32,380.45,Yes
CUST-04153,Male,0,No,No,15,No,No,No,Yes,No,No,No,Yes,Yes,One year,No,Electronic check,36.24,521.94,Yes
CUST-04154,Male,0,No,No,53,Yes,No,DSL,No,Yes,Yes,Yes,No,No,One year,Yes,Credit card (automatic),34.83,1829.03,No
CUST-04155,Female,0,Yes,Yes,28,Yes,No,No,Yes,No,Yes,No,No,Yes,One year,No,Bank transfer (automatic),41.21,1153.66,No
CUST-04156,Female,0,No,No,45,Yes,No,No,No,Yes,No,Yes,Yes,No,Month-to-month,Yes,Bank transfer (automatic),42.34,1837.85,No
CUST-04157,Male,0,Yes,No,10,Yes,No,No,No,No,No,No,No,No,Month-to-month,Yes,Bank transfer (automatic),45.82,446.77,No
CUST-04158,Female,1,No,Yes,5,Yes,Yes,Fiber optic,No,No,No,No,Yes,Yes,Month-to-month,Yes,Electronic check,58.39,264.9,No
CUST-04159,Female,0,Yes,No,55,Yes,Yes,Fiber optic,No,No,Yes,Yes,No,No,Two year,No,Credit card (automatic),32.63,1743.44,No
CUST-04160,Female,0,No,No,21,Yes,Yes,Fiber optic,No,Yes,No,Yes,Yes,No,One year,Yes,Mailed check,38.7,832.94,No
CUST-04161,Female,0,No,Yes,4,Yes,No,Fiber optic,No,Yes,Yes,Yes,No,No,Month-to-month,No,Mailed check,32.77,79.88,Yes
CUST-04162,Female,1,Yes,No,16,Yes,Yes,No,No,No,No,Yes,Yes,No,One year,Yes,Electronic check,54.17,888.84,No
CUST-04163,Male,0,Yes,Yes,23,Yes,Yes,Fiber optic,No,Yes,No,No,No,No,Month-to-month,Yes,Credit card (automatic),50.48,1196.35,No
CUST-04164,Female,0,Yes,No,29,Yes,No,Fiber optic,No,Yes,No,No,No,Yes,One year,Yes,Mailed check,41.56,1200.89,Yes
CUST-04165,Male,0,No,No,64,Yes,No,No,No,No,No,Yes,Yes,Yes,Two year,Yes,Electronic check,44.8,2911.16,No
CUST-04166,Male,0,No,Yes,15,Yes,No,DSL,No,No,Yes,No,No,Yes,One year,Yes,Credit card (automatic),33.9,601.33,Yes
CUST-04167,Female,0,No,No,43,No,No,No,Yes,Yes,No,No,Yes,Yes,Two year,Yes,Mailed check,32.41,1416.64,Yes
CUST-04168,Female,0,No,No,20,Yes,Yes,DSL,No,Yes,Yes,No,Yes,Yes,Month-to-month,Yes,Bank transfer (automatic),46.46,917.03,Yes
CUST-04169,Male,0,Yes,No,36,Yes,Yes,DSL,Yes,No,Yes,No,No,Yes,One year,No,Electronic check,41.26,1532.73,No
CUST-04170,Male,0,No,No,22,Yes,Yes,Fiber optic,Yes,Yes,Yes,No,Yes,No,Month-to-month,No,Electronic check,45.72,928.4,Yes
CUST-04171,Female,0,Yes,No,25,Yes,No,Fiber optic,No,No,No,Yes,Yes,Yes,One year,Yes,Electronic check,53.23,1424.51,Yes
CUST-04172,Female,0,No,No,43,Yes,No,Fiber optic,No,No,No,Yes,Yes,Yes,Month-to-month,No,Electronic check,60.21,2593.1,Yes
CUST-04173,Male,0,Yes,Yes,42,Yes,No,DSL,Yes,No,No,No,Yes,Yes,One year,Yes,Credit card (automatic),25.5,1082.43,No
CUST-04174,Female,0,No,No,10,Yes,No,DSL,No,No,No,Yes,No,No,Month-to-month,Yes,Credit card (automatic),52.07,458.32,Yes
CUST-04175,Female,0,Yes,No,12,Yes,Yes,No,Yes,No,No,Yes,No,No,One year,No,Electronic check,37.46,486.17,Yes
CUST-04176,Female,0,Yes,No,18,Yes,No,Fiber optic,No,No,No,No,Yes,No,Month-to-month,No,Bank transfer (automatic),48.94,885.88,Yes
CUST-04177,Female,0,Yes,No,64,Yes,No,Fiber optic,Yes,No,No,No,No,No,One year,No,Credit card (automatic),37.71,2408.13,No
CUST-04178,Male,1,No,No,23,Yes,No,DSL,No,No,Yes,Yes,No,No,Month-to-month,No,Electronic check,36.48,814.17,Yes
CUST-04179,Female,0,Yes,No,42,No,Yes,No,No,Yes,No,No,No,No,Month-to-month,No,Credit card (automatic),33.17,1357.75,No
CUST-04180,Female,0,Yes,No,32,Yes,No,No,No,No,No,Yes,No,No,One year,Yes,Mailed check,34.05,1060.14,No
CUST-04181,Male,0,Yes,Yes,26,No,No,Fiber optic,Yes,Yes,No,Yes,Yes,No,Month-to-month,Yes,Electronic check,60.79,1515.63,Yes
CUST-04182,Female,1,Yes,No,3,Yes,Yes,DSL,No,Yes,No,No,No,Yes,Month-to-month,Yes,Credit card (automatic),49.57,156.82,Yes
CUST-04183,Female,0,No,No,32,Yes,No,No,No,No,No,Yes,Yes,Yes,Month-to-month,Yes,Electronic check,51.75,1719.47,Yes
CUST-04184,Male,0,No,No,71,Yes,Yes,No,Yes,Yes,No,No,No,Yes,Month-to-month,Yes,Mailed check,41.95,2994.27,No
CUST-04185,Female,0,No,No,67,Yes,Yes,Fiber optic,Yes,Yes,Yes,Yes,Yes,Yes,Month-to-month,Yes,Electronic check,50.04,3319.88,Yes
CUST-04186,Male,0,No,No,22,Yes,No,Fiber optic,No,No,No,Yes,Yes,Yes,Month-to-month,Yes,Mailed check,49.22,1095.95,No
CUST-04187,Female,1,Yes,No,38,No,No,Fiber optic,Yes,No,No,Yes,Yes,Yes,Two year,No,Mailed check,23.98,805.14,No
CUST-04188,Female,1,Yes,Yes,21,Yes,No,DSL,Yes,No,No,Yes,No,No,Month-to-month,Yes,Bank transfer (automatic),42.27,955.87,Yes
CUST-04189,Female,0,No,No,66,No,No,Fiber optic,No,No,Yes,No,Yes,Yes,One year,Yes,Electronic check,41.73,2731.8,No
CUST-04190,Male,0,No,No,40,Yes,Yes,Fiber optic,No,No,Yes,Yes,No,No,Month-to-month,No,Credit card (automatic),42.04,1702.14,Yes
CUST-04191,Female,0,Yes,Yes,66,Yes,No,Fiber optic,No,No,Yes,No,No,Yes,Month-to-month,No,Credit card (automatic),37.57,2477.38,Yes
CUST-04192,Female,0,No,No,61,Yes,No,No,No,Yes,Yes,No,Yes,Yes,One year,No,Credit card (automatic),45.53,2800.58,No
CUST-04193,Male,1,Yes,No,24,Yes,Yes,Fiber optic,No,Yes,No,Yes,Yes,Yes,Two year,Yes,Bank transfer (automatic),27.35,749.63,Yes
CUST-04194,Female,0,Yes,Yes,33,No,Yes,No,Yes,Yes,No,Yes,No,No,Month-to-month,Yes,Bank transfer (automatic),29.1,874.73,Yes
CUST-04195,Male,0,Yes,No,41,Yes,Yes,DSL,Yes,No,No,Yes,No,Yes,Month-to-month,Yes,Credit card (automatic),42.92,1770.06,No
CUST-04196,Female,0,No,No,18,Yes,Yes,No,Yes,Yes,Yes,Yes,No,No,One year,No,Electronic check,43.09,787.04,No
CUST-04197,Male,0,No,Yes,60,Yes,No,DSL,No,No,Yes,Yes,No,No,One year,No,Bank transfer (automatic),41.85,2495.87,No
CUST-04198,Female,0,No,Yes,41,Yes,No,DSL,No,No,No,Yes,No,No,One year,Yes,Mailed check,30.91,1237.66,Yes
CUST-04199,Male,0,No,No,15,Yes,No,Fiber optic,No,No,No,Yes,Yes,Yes,Two year,Yes,Bank transfer (automatic),37.03,593.67,No
CUST-04200,Female,0,No,No,35,Yes,Yes,DSL,No,No,Yes,Yes,No,No,Month-to-month,No,Electronic check,49.51,1731.45,No
CUST-04201,Male,0,Yes,No,59,No,No,DSL,Yes,Yes,Yes,Yes,No,Yes,One year,Yes,Electronic check,47.21,2785.37,No
CUST-04202,Male,0,No,Yes,31,Yes,Yes,Fiber optic,No,Yes,Yes,No,No,No,Two year,Yes,Credit card (automatic),30.02,918.57,Yes
CUST-04203,Female,1,Yes,Yes,51,Yes,Yes,DSL,Yes,No,No,Yes,No,Yes,Month-to-month,No,Electronic check,44.55,2265.69,No
CUST-04204,Female,0,Yes,No,70,Yes,No,No,Yes,No,No,No,Yes,No,One year,No,Credit card (automatic),34.12,2412.82,No
CUST-04205,Female,0,Yes,No,24,Yes,Yes,DSL,Yes,Yes,No,No,No,No,One year,Yes,Bank transfer (automatic),34.83,858.65,No
CUST-04206,Male,0,Yes,No,71,No,No,Fiber optic,Yes,No,No,No,No,Yes,Month-to-month,No,Electronic check,49.47,3481.29,Yes
CUST-04207,Male,0,No,No,30,Yes,Yes,Fiber optic,Yes,Yes,No,Yes,Yes,Yes,Month-to-month,No,Bank transfer (automatic),38.6,1145.88,No
CUST-04208,Male,0,Yes,No,40,Yes,No,Fiber optic,No,Yes,No,No,No,No,Two year,Yes,Credit card (automatic),45.77,1871.54,Yes
CUST-04209,Female,0,Yes,No,55,Yes,Yes,Fiber optic,No,Yes,Yes,No,No,No,Month-to-month,Yes,Electronic check,39.39,2233.74,Yes
CUST-04210,Male,0,No,No,5,Yes,Yes,Fiber optic,No,No,Yes,No,No,Yes,Month-to-month,Yes,Bank transfer (automatic),52.42,329.43,No
CUST-04211,Female,0,No,Yes,50,Yes,No,DSL,Yes,No,Yes,No,No,No,Two year,No,Credit card (automatic),29.55,1541.73,No
CUST-04212,Male,1,Yes,No,41,Yes,Yes,DSL,No,No,Yes,No,Yes,No,Month-to-month,Yes,Electronic check,48.69,2004.24,Yes
CUST-04213,Female,0,Yes,No,47,Yes,No,Fiber optic,No,No,Yes,No,No,No,Month-to-month,No,Credit card (automatic),49.83,2383.42,Yes
CUST-04214,Male,0,Yes,No,68,Yes,No,Fiber optic,No,Yes,Yes,Yes,Yes,Yes,Month-to-month,Yes,Electronic check,50.56,3452.75,Yes
CUST-04215,Male,0,No,Yes,35,Yes,No,DSL,No,Yes,Yes,No,No,No,Two year,Yes,Bank transfer (automatic),36.41,1244.81,Yes
CUST-04216,Male,0,No,Yes,66,Yes,Yes,DSL,No,No,No,Yes,No,No,Month-to-month,No,Electronic check,47.02,3098.42,No
CUST-04217,Female,0,Yes,No,41,Yes,Yes,No,No,Yes,No,No,Yes,Yes,Two year,Yes,Mailed check,32.08,1307.06,No
CUST-04218,Female,0,No,Yes,16,Yes,No,DSL,No,No,Yes,Yes,Yes,Yes,Two year,Yes,Electronic check,23.76,417.18,Yes
CUST-04219,Male,0,No,No,47,Yes,Yes,No,Yes,No,Yes,No,No,Yes,Month-to-month,No,Credit card (automatic),51.52,2453.28,Yes
CUST-04220,Female,0,No,No,14,Yes,Yes,DSL,Yes,No,No,Yes,No,Yes,One year,Yes,Credit card (automatic),46.44,646.04,Yes
CUST-04221,Female,0,Yes,Yes,64,Yes,No,No,No,No,No,No,No,No,Month-to-month,Yes,Credit card (automatic),47.79,3049.49,Yes
CUST-04222,Male,0,No,No,11,Yes,Yes,Fiber optic,No,No,Yes,No,No,Yes,One year,No,Credit card (automatic),40.6,419.35,No
CUST-04223,Male,0,No,No,36,Yes,No,Fiber optic,No,Yes,No,Yes,Yes,No,Month-to-month,No,Bank transfer (automatic),47.58,1699.77,No
CUST-04224,Male,0,Yes,Yes,59,Yes,Yes,DSL,No,No,No,Yes,Yes,No,Month-to-month,Yes,Electronic check,32.69,1924.48,No
CUST-04225,Male,0,Yes,No,1,Yes,No,No,Yes,Yes,No,No,Yes,Yes,Month-to-month,Yes,Credit card (automatic),33.5,46.65,Yes
CUST-04226,Female,0,Yes,No,35,Yes,Yes,DSL,No,No,No,No,No,Yes,Month-to-month,Yes,Electronic check,70.78,2481.83,No
CUST-04227,Female,0,Yes,No,36,Yes,No,Fiber optic,No,No,Yes,Yes,Yes,Yes,Month-to-month,Yes,Credit card (automatic),38.08,1338.73,No
CUST-04228,Male,0,No,Yes,25,Yes,No,DSL,Yes,Yes,Yes,No,No,No,One year,Yes,Bank transfer (automatic),33.57,819.79,No
CUST-04229,Female,0,No,No,48,Yes,Yes,Fiber optic,No,Yes,No,No,No,Yes,Month-to-month,Yes,Bank transfer (automatic),49.65,2378.84,Yes
CUST-04230,Female,0,Yes,No,24,Yes,Yes,Fiber optic,No,No,No,Yes,No,No,Month-to-month,No,Bank transfer (automatic),48.26,1178.51,Yes
CUST-04231,Female,0,No,Yes,27,Yes,Yes,Fiber optic,No,No,No,No,Yes,No,One year,Yes,Electronic check,49.49,1316.33,No
CUST-04232,Male,0,Yes,No,20,Yes,Yes,Fiber optic,No,No,Yes,Yes,Yes,No,One year,No,Bank transfer (automatic),35.54,652.21,Yes
CUST-04233,Male,1,No,No,45,Yes,Yes,Fiber optic,Yes,No,Yes,Yes,No,Yes,Two year,Yes,Electronic check,40.19,1764.0,No
CUST-04234,Female,0,Yes,No,63,Yes,No,Fiber optic,Yes,No,Yes,No,Yes,No,Month-to-month,Yes,Credit card (automatic),54.09,3420.45,No
CUST-04235,Female,0,No,No,13,Yes,No,DSL,Yes,No,No,No,Yes,Yes,One year,Yes,Electronic check,46.11,618.01,Yes
CUST-04236,Female,1,No,No,30,Yes,No,Fiber optic,Yes,No,Yes,Yes,Yes,Yes,Month-to-month,Yes,Credit card (automatic),53.96,1595.33,Yes
CUST-04237,Male,0,No,No,17,Yes,No,Fiber optic,No,Yes,Yes,Yes,No,No,One year,Yes,Credit card (automatic),25.49,393.73,Yes
CUST-04238,Female,0,No,No,18,No,Yes,DSL,No,No,No,No,No,No,Two year,No,Bank transfer (automatic),35.71,586.61,No
CUST-04239,Male,0,Yes,No,69,Yes,No,Fiber optic,Yes,Yes,Yes,No,No,No,Month-to-month,Yes,Bank transfer (automatic),46.02,3121.14,Yes
CUST-04240,Female,0,No,No,51,Yes,No,DSL,No,No,Yes,Yes,Yes,No,Month-to-month,No,Mailed check,30.92,1561.47,No
CUST-04241,Female,0,No,No,68,Yes,No,No,No,Yes,Yes,Yes,Yes,No,Month-to-month,Yes,Bank transfer (automatic),54.73,3658.73,No
CUST-04242,Female,0,Yes,No,46,Yes,Yes,Fiber optic,Yes,No,No,No,Yes,No,Month-to-month,Yes,Mailed check,34.75,1604.96,No
CUST-04243,Male,0,No,No,48,Yes,No,Fiber optic,No,No,Yes,Yes,No,No,Month-to-month,Yes,Bank transfer (automatic),44.73,2167.51,Yes
CUST-04244,Female,0,Yes,No,51,Yes,No,No,Yes,No,Yes,Yes,Yes,No,One year,No,Electronic check,41.46,2059.88,No
CUST-04245,Female,0,Yes,Yes,47,Yes,Yes,Fiber optic,No,Yes,No,No,Yes,Yes,One year,Yes,Credit card (automatic),42.75,1967.87,No
CUST-04246,Female,0,No,No,59,Yes,No,DSL,No,Yes,No,No,No,No,Month-to-month,Yes,Bank transfer (automatic),26.31,1548.57,Yes
CUST-04247,Female,0,Yes,Yes,24,Yes,Yes,DSL,Yes,No,No,Yes,No,Yes,Month-to-month,No,Bank transfer (automatic),50.03,1168.29,Yes
CUST-04248,Female,0,Yes,No,8,Yes,No,Fiber optic,No,Yes,No,Yes,Yes,Yes,Month-to-month,No,Mailed check,33.38,274.69,Yes
CUST-04249,Male,0,Yes,No,35,Yes,Yes,DSL,No,Yes,No,No,No,Yes,Month-to-month,No,Bank transfer (automatic),32.93,1191.9,Yes
CUST-04250,Female,0,No,No,1,Yes,No,DSL,No,Yes,No,No,No,No,Two year,Yes,Mailed check,44.73,36.51,Yes
CUST-04251,Female,0,No,Yes,4,Yes,No,DSL,No,No,Yes,Yes,Yes,No,One year,No,Electronic check,32.29,61.04,No
CUST-04252,Female,0,Yes,No,4,Yes,No,DSL,No,No,Yes,No,No,No,Month-to-month,No,Mailed check,41.95,174.49,Yes
CUST-04253,Male,0,No,No,6,Yes,Yes,DSL,No,Yes,No,Yes,Yes,Yes,Two year,No,Mailed check,24.7,134.62,No
CUST-04254,Female,1,No,No,51,Yes,Yes,DSL,No,No,Yes,Yes,No,Yes,Two year,Yes,Electronic check,38.58,1988.85,Yes
CUST-04255,Female,0,No,No,43,Yes,No,DSL,Yes,Yes,Yes,No,Yes,No,Month-to-month,Yes,Electronic check,54.58,2439.93,Yes
CUST-04256,Female,0,No,No,67,Yes,Yes,Fiber optic,Yes,No,Yes,No,Yes,Yes,One year,Yes,Bank transfer (automatic),26.87,1761.92,No
CUST-04257,Female,0,No,Yes,21,Yes,No,DSL,No,No,No,No,No,Yes,Month-to-month,Yes,Bank transfer (automatic),46.94,956.43,Yes
CUST-04258,Female,1,Yes,No,24,Yes,Yes,DSL,No,Yes,No,Yes,Yes,No,Two year,Yes,Electronic check,27.23,665.0,No
CUST-04259,Male,0,Yes,No,35,Yes,Yes,No,No,No,Yes,Yes,No,Yes,Month-to-month,Yes,Credit card (automatic),61.3,2180.09,Yes
CUST-04260,Female,0,No,No,56,Yes,No,Fiber optic,No,Yes,Yes,Yes,Yes,Yes,Two year,No,Electronic check,27.63,1628.88,No
CUST-04261,Female,0,Yes,No,67,Yes,No,No,No,Yes,Yes,Yes,No,Yes,Month-to-month,No,Bank transfer (automatic),40.5,2696.63,No
CUST-04262,Female,0,Yes,No,52,Yes,Yes,No,Yes,No,Yes,No,Yes,Yes,One year,No,Credit card (automatic),32.84,1672.84,No
CUST-04263,Female,1,Yes,No,37,Yes,Yes,Fiber optic,No,No,Yes,No,No,Yes,Month-to-month,Yes,Bank transfer (automatic),52.08,1895.24,Yes
CUST-04264,Male,0,Yes,Yes,70,Yes,Yes,Fiber optic,No,No,Yes,No,Yes,Yes,Month-to-month,No,Mailed check,40.99,2851.76,Yes
CUST-04265,Male,0,No,No,13,No,No,DSL,No,No,No,No,No,Yes,One year,No,Credit card (automatic),23.05,289.76,Yes
CUST-04266,Male,0,Yes,No,34,Yes,Yes,Fiber optic,No,No,No,No,Yes,No,Month-to-month,Yes,Bank transfer (automatic),63.29,2158.65,Yes
CUST-04267,Female,0,No,Yes,18,Yes,No,Fiber optic,Yes,Yes,Yes,No,Yes,No,Month-to-month,Yes,Electronic check,45.45,819.35,No
CUST-04268,Male,0,No,No,12,Yes,Yes,Fiber optic,No,No,Yes,Yes,Yes,Yes,Two year,Yes,Bank transfer (automatic),37.55,399.45,Yes
CUST-04269,Female,0,Yes,No,29,Yes,Yes,DSL,Yes,No,No,No,No,No,Month-to-month,Yes,Electronic check,46.73,1293.9,Yes
CUST-04270,Male,0,Yes,Yes,55,Yes,Yes,No,No,No,Yes,Yes,Yes,No,Month-to-month,No,Electronic check,50.36,2765.46,No
CUST-04271,Male,0,Yes,No,23,No,Yes,Fiber optic,No,Yes,Yes,No,No,Yes,Month-to-month,No,Electronic check,70.69,1595.36,No
CUST-04272,Male,0,Yes,No,59,Yes,Yes,Fiber optic,Yes,No,Yes,Yes,Yes,Yes,Two year,No,Mailed check,24.05,1395.12,No
CUST-04273,Male,0,Yes,No,44,Yes,No,No,Yes,No,No,No,No,Yes,Month-to-month,Yes,Electronic check,46.11,2064.07,Yes
CUST-04274,Female,1,No,Yes,51,Yes,Yes,No,Yes,No,Yes,No,Yes,No,Month-to-month,No,Electronic check,53.6,2759.84,No
CUST-04275,Female,0,Yes,No,18,Yes,No,DSL,No,No,Yes,Yes,Yes,No,Month-to-month,Yes,Bank transfer (automatic),53.65,951.08,Yes
CUST-04276,Male,0,Yes,No,62,Yes,No,Fiber optic,Yes,No,No,No,No,No,Month-to-month,Yes,Electronic check,48.76,3063.79,Yes
CUST-04277,Female,0,Yes,No,15,No,No,Fiber optic,No,Yes,Yes,No,Yes,No,Month-to-month,Yes,Bank transfer (automatic),49.06,779.25,Yes
CUST-04278,Male,0,Yes,No,27,Yes,No,Fiber optic,No,Yes,No,No,No,Yes,Month-to-month,No,Bank transfer (automatic),56.27,1573.97,Yes
CUST-04279,Male,0,Yes,No,56,No,No,Fiber optic,Yes,No,No,Yes,No,Yes,Month-to-month,No,Credit card (automatic),24.23,1419.18,Yes
CUST-04280,Male,0,No,Yes,50,Yes,No,Fiber optic,No,No,Yes,No,No,No,Month-to-month,Yes,Mailed check,54.29,2706.29,No
CUST-04281,Female,0,Yes,No,22,Yes,No,No,No,Yes,Yes,Yes,Yes,Yes,Month-to-month,Yes,Bank transfer (automatic),36.61,849.78,Yes
CUST-04282,Male,0,No,No,19,Yes,No,DSL,No,No,No,Yes,Yes,Yes,Month-to-month,Yes,Bank transfer (automatic),44.19,827.39,Yes
CUST-04283,Female,0,No,Yes,31,Yes,No,DSL,Yes,No,Yes,Yes,Yes,Yes,One year,No,Bank transfer (automatic),30.5,994.05,No
CUST-04284,Female,0,No,Yes,32,Yes,Yes,Fiber optic,No,No,Yes,No,Yes,No,One year,Yes,Mailed check,39.64,1259.0,No
CUST-04285,Female,0,No,No,5,Yes,No,Fiber optic,No,Yes,Yes,Yes,No,No,Two year,Yes,Credit card (automatic),42.49,213.21,Yes
CUST-04286,Male,0,Yes,No,18,Yes,Yes,No,No,Yes,No,Yes,No,Yes,Month-to-month,Yes,Bank transfer (automatic),41.64,709.39,Yes
CUST-04287,Male,0,No,No,11,Yes,Yes,Fiber optic,Yes,No,No,Yes,No,Yes,One year,Yes,Bank transfer (automatic),51.59,526.95,Yes
CUST-04288,Male,0,Yes,Yes,11,Yes,Yes,Fiber optic,No,No,No,No,No,No,Month-to-month,Yes,Electronic check,53.37,603.36,Yes
CUST-04289,Male,0,No,No,26,No,No,Fiber optic,No,Yes,Yes,No,No,No,One year,Yes,Credit card (automatic),34.63,939.16,No
CUST-04290,Female,0,Yes,Yes,3,Yes,No,No,No,Yes,Yes,No,No,Yes,Two year,Yes,Mailed check,37.89,72.29,Yes
CUST-04291,Female,0,No,No,49,Yes,No,DSL,No,Yes,Yes,Yes,Yes,No,Two year,Yes,Credit card (automatic),28.42,1445.61,No
CUST-04292,Male,0,No,No,48,Yes,No,DSL,Yes,No,Yes,No,Yes,No,One year,No,Electronic check,46.09,2260.86,No
CUST-04293,Female,0,No,No,16,Yes,Yes,Fiber optic,No,No,No,No,Yes,Yes,Month-to-month,Yes,Mailed check,51.29,836.55,Yes
CUST-04294,Female,0,Yes,No,63,Yes,No,DSL,Yes,Yes,No,Yes,Yes,No,Month-to-month,No,Bank transfer (automatic),33.99,2179.36,Yes
CUST-04295,Male,0,No,No,43,Yes,Yes,No,No,No,Yes,Yes,No,Yes,Month-to-month,Yes,Credit card (automatic),31.83,1347.67,No
CUST-04296,Male,0,No,No,23,Yes,No,DSL,No,Yes,No,Yes,No,No,Month-to-month,No,Credit card (automatic),40.54,875.64,Yes
CUST-04297,Female,0,Yes,No,14,Yes,Yes,DSL,No,Yes,Yes,No,Yes,No,One year,Yes,Bank transfer (automatic),30.36,404.12,Yes
CUST-04298,Male,0,Yes,No,31,Yes,No,No,No,No,No,No,Yes,Yes,Month-to-month,No,Bank transfer (automatic),39.5,1272.07,No
CUST-04299,Female,0,Yes,No,69,Yes,Yes,DSL,No,No,Yes,No,No,Yes,Month-to-month,No,Mailed check,32.16,2269.57,No
CUST-04300,Female,0,Yes,No,1,Yes,Yes,DSL,Yes,Yes,No,Yes,No,No,One year,Yes,Electronic check,47.61,0.29,No
CUST-04301,Female,0,No,No,2,Yes,No,DSL,No,Yes,Yes,No,Yes,No,One year,No,Mailed check,36.13,24.34,Yes
CUST-04302,Male,0,Yes,No,30,Yes,No,No,No,Yes,Yes,No,No,Yes,Month-to-month,Yes,Credit card (automatic),54.2,1590.36,No
CUST-04303,Female,0,No,Yes,66,Yes,Yes,No,No,No,No,No,No,Yes,One year,Yes,Electronic check,33.47,2131.49,No
CUST-04304,Female,0,No,No,20,Yes,No,Fiber optic,Yes,No,No,No,Yes,Yes,Month-to-month,Yes,Mailed check,48.3,941.58,Yes
CUST-04305,Male,1,No,Yes,54,Yes,No,Fiber optic,Yes,No,No,No,No,Yes,One year,Yes,Credit card (automatic),41.49,2259.73,Yes
CUST-04306,Male,0,No,No,41,Yes,Yes,Fiber optic,No,No,No,Yes,No,No,Two year,No,Electronic check,35.27,1325.85,Yes
CUST-04307,Male,0,No,No,15,Yes,Yes,DSL,Yes,No,Yes,No,No,No,One year,Yes,Electronic check,51.11,763.62,No
CUST-04308,Male,1,Yes,Yes,65,No,No,DSL,Yes,Yes,Yes,No,No,No,Two year,Yes,Bank transfer (automatic),30.85,2061.92,No
CUST-04309,Male,0,Yes,No,12,No,No,No,Yes,No,Yes,No,Yes,No,Month-to-month,Yes,Electronic check,39.56,511.17,Yes
CUST-04310,Male,0,No,No,36,Yes,No,DSL,No,No,Yes,Yes,No,Yes,Month-to-month,No,Bank transfer (automatic),42.11,1531.87,No
CUST-04311,Male,0,No,No,48,Yes,Yes,Fiber optic,No,No,Yes,No,No,No,One year,No,Mailed check,51.72,2486.88,No
CUST-04312,Male,0,Yes,No,48,No,No,DSL,Yes,No,No,Yes,Yes,No,One year,Yes,Mailed check,25.44,1266.46,Yes
CUST-04313,Female,0,No,No,61,Yes,No,Fiber optic,No,No,No,No,Yes,Yes,Month-to-month,Yes,Credit card (automatic),46.34,2846.91,Yes
CUST-04314,Female,0,No,No,51,Yes,No,DSL,Yes,No,No,No,No,No,Month-to-month,Yes,Mailed check,41.53,2107.07,Yes
CUST-04315,Male,0,Yes,No,47,Yes,Yes,DSL,Yes,No,No,Yes,No,No,Month-to-month,No,Bank transfer (automatic),42.92,2054.67,No
CUST-04316,Female,0,No,No,11,No,No,DSL,No,No,No,Yes,No,Yes,Month-to-month,No,Credit card (automatic),47.9,472.32,Yes
CUST-04317,Male,0,No,No,22,Yes,Yes,No,No,No,No,No,No,Yes,Month-to-month,Yes,Mailed check,47.39,1074.31,Yes
CUST-04318,Female,0,Yes,Yes,25,Yes,No,DSL,Yes,Yes,Yes,Yes,No,Yes,Month-to-month,No,Electronic check,38.55,985.67,No
CUST-04319,Male,0,Yes,No,27,Yes,Yes,Fiber optic,No,No,Yes,No,No,No,One year,Yes,Bank transfer (automatic),40.65,1105.57,Yes
CUST-04320,Female,1,Yes,No,9,Yes,No,Fiber optic,Yes,Yes,No,No,No,Yes,One year,Yes,Bank transfer (automatic),50.25,456.01,No
CUST-04321,Male,0,No,Yes,7,Yes,Yes,DSL,Yes,No,No,No,Yes,Yes,One year,Yes,Electronic check,39.72,345.33,Yes
CUST-04322,Female,1,Yes,No,32,Yes,Yes,Fiber optic,No,No,No,No,Yes,No,Month-to-month,No,Bank transfer (automatic),38.88,1287.48,Yes
CUST-04323,Female,0,No,No,52,Yes,No,DSL,Yes,Yes,No,No,Yes,No,One year,Yes,Bank transfer (automatic),31.12,1673.15,No
CUST-04324,Female,0,No,No,63,Yes,No,Fiber optic,No,Yes,No,No,Yes,Yes,Month-to-month,Yes,Electronic check,47.8,3030.91,Yes
CUST-04325,Male,0,No,Yes,67,Yes,Yes,Fiber optic,No,Yes,No,Yes,Yes,Yes,Month-to-month,No,Electronic check,44.39,3020.07,Yes
CUST-04326,Female,0,Yes,No,35,Yes,No,No,Yes,Yes,No,Yes,Yes,No,One year,Yes,Bank transfer (automatic),38.22,1355.69,No
CUST-04327,Male,0,Yes,No,64,Yes,Yes,No,No,Yes,Yes,No,No,Yes,Month-to-month,Yes,Mailed check,44.2,2823.1,Yes
CUST-04328,Female,1,Yes,Yes,33,Yes,Yes,DSL,No,No,No,No,No,No,One year,No,Electronic check,41.09,1387.56,Yes
CUST-04329,Female,0,Yes,No,34,Yes,No,Fiber optic,No,No,Yes,No,No,Yes,Month-to-month,Yes,Electronic check,45.46,1535.06,Yes
CUST-04330,Male,0,Yes,No,15,Yes,No,Fiber optic,No,No,Yes,No,Yes,Yes,Two year,Yes,Electronic check,40.74,658.3,Yes
CUST-04331,Female,0,Yes,Yes,45,Yes,No,No,No,Yes,Yes,No,Yes,No,Month-to-month,Yes,Electronic check,34.02,1482.55,Yes
CUST-04332,Female,0,Yes,No,23,No,No,No,Yes,Yes,No,No,Yes,Yes,Month-to-month,No,Bank transfer (automatic),32.77,743.89,Yes
CUST-04333,Male,0,No,Yes,35,No,No,Fiber optic,No,No,No,No,Yes,Yes,One year,Yes,Credit card (automatic),36.53,1251.5,Yes
CUST-04334,Male,1,Yes,No,67,Yes,Yes,Fiber optic,No,No,Yes,Yes,Yes,Yes,One year,Yes,Credit card (automatic),42.06,2911.63,No
CUST-04335,Male,0,Yes,No,39,Yes,No,DSL,Yes,Yes,Yes,No,Yes,Yes,Month-to-month,No,Mailed check,36.43,1394.86,No
CUST-04336,Female,0,No,No,22,Yes,Yes,No,Yes,No,No,Yes,Yes,Yes,Month-to-month,No,Bank transfer (automatic),36.46,800.1,Yes
CUST-04337,Male,0,No,No,48,Yes,No,No,No,Yes,No,Yes,No,No,One year,Yes,Bank transfer (automatic),23.86,1062.97,Yes
CUST-04338,Female,0,No,No,52,Yes,No,DSL,No,Yes,Yes,Yes,No,Yes,One year,Yes,Electronic check,24.2,1327.14,No
CUST-04339,Male,1,No,No,44,Yes,No,Fiber optic,Yes,No,Yes,No,Yes,No,One year,Yes,Mailed check,51.27,2223.67,Yes
CUST-04340,Male,1,Yes,No,3,Yes,No,DSL,No,No,Yes,No,Yes,Yes,Month-to-month,Yes,Mailed check,43.72,191.48,Yes
CUST-04341,Female,0,No,Yes,17,No,No,DSL,Yes,No,No,No,Yes,Yes,Month-to-month,Yes,Electronic check,45.68,735.04,No
CUST-04342,Female,1,No,No,10,Yes,Yes,Fiber optic,No,Yes,Yes,No,No,No,One year,Yes,Credit card (automatic),46.13,422.58,No
CUST-04343,Female,0,No,Yes,68,No,No,DSL,No,Yes,No,Yes,Yes,No,Month-to-month,Yes,Electronic check,51.89,3561.98,No
CUST-04344,Female,0,No,No,23,No,No,Fiber optic,Yes,Yes,No,Yes,Yes,Yes,Month-to-month,Yes,Bank transfer (automatic),48.33,1049.95,Yes
CUST-04345,Female,0,Yes,No,34,Yes,Yes,DSL,No,Yes,Yes,Yes,Yes,Yes,One year,No,Electronic check,32.76,1131.25,No
CUST-04346,Male,0,Yes,Yes,65,Yes,Yes,Fiber optic,Yes,Yes,No,Yes,Yes,Yes,Month-to-month,Yes,Mailed check,48.62,3130.04,No
CUST-04347,Female,0,No,Yes,71,Yes,No,Fiber optic,No,No,No,No,Yes,No,Month-to-month,Yes,Bank transfer (automatic),36.18,2655.33,No
CUST-04348,Female,0,Yes,Yes,16,No,No,Fiber optic,No,No,No,No,No,No,Month-to-month,Yes,Bank transfer (automatic),49.19,859.47,No
CUST-04349,Male,0,Yes,Yes,62,Yes,No,DSL,No,No,No,Yes,No,No,Month-to-month,Yes,Electronic check,20.97,1351.1,Yes
CUST-04350,Female,1,Yes,No,52,Yes,No,DSL,No,No,Yes,No,No,Yes,Two year,Yes,Mailed check,36.01,1966.03,Yes
CUST-04351,Male,1,Yes,No,44,Yes,No,Fiber optic,Yes,Yes,No,No,Yes,Yes,Two year,Yes,Bank transfer (automatic),33.1,1431.88,Yes
CUST-04352,Male,0,Yes,No,12,Yes,No,Fiber optic,Yes,No,Yes,Yes,No,No,One year,Yes,Electronic check,42.19,537.81,No
CUST-04353,Male,0,Yes,Yes,50,Yes,Yes,Fiber optic,Yes,No,Yes,No,Yes,No,Month-to-month,Yes,Bank transfer (automatic),56.16,2770.52,Yes
CUST-04354,Female,0,No,No,44,Yes,Yes,Fiber optic,No,Yes,Yes,Yes,Yes,No,Two year,Yes,Bank transfer (automatic),29.5,1333.32,Yes
CUST-04355,Female,0,Yes,No,32,No,No,No,No,Yes,No,Yes,Yes,Yes,Two year,Yes,Bank transfer (automatic),26.34,856.85,Yes
CUST-04356,Male,0,Yes,No,42,Yes,No,DSL,No,Yes,Yes,Yes,Yes,Yes,Month-to-month,No,Electronic check,29.09,1172.76,Yes
CUST-04357,Male,0,Yes,Yes,15,No,Yes,DSL,Yes,No,Yes,Yes,No,No,Month-to-month,No,Mailed check,38.88,581.2,No
CUST-04358,Female,0,No,No,45,Yes,No,No,No,No,Yes,Yes,No,No,Two year,Yes,Mailed check,28.45,1284.43,Yes
CUST-04359,Male,0,No,Yes,11,No,Yes,No,Yes,No,Yes,Yes,Yes,No,Two year,Yes,Electronic check,45.32,501.45,No
CUST-04360,Male,0,No,No,21,Yes,Yes,DSL,No,No,Yes,Yes,No,No,Two year,Yes,Bank transfer (automatic),33.21,769.39,Yes
CUST-04361,Female,0,No,No,36,Yes,Yes,No,Yes,No,No,No,Yes,Yes,Two year,Yes,Electronic check,41.17,1439.67,No
CUST-04362,Male,1,No,No,12,Yes,Yes,DSL,Yes,No,No,Yes,No,Yes,Month-to-month,Yes,Mailed check,49.17,563.16,Yes
CUST-04363,Female,0,No,Yes,65,Yes,No,No,No,Yes,No,Yes,Yes,Yes,One year,Yes,Electronic check,40.89,2539.27,No
CUST-04364,Male,0,No,Yes,63,Yes,Yes,Fiber optic,No,No,No,No,Yes,Yes,Month-to-month,Yes,Mailed check,47.45,3016.4,No
CUST-04365,Male,0,Yes,No,34,Yes,Yes,Fiber optic,No,No,Yes,No,No,No,Month-to-month,Yes,Credit card (automatic),55.8,1930.02,Yes
CUST-04366,Male,0,No,No,41,Yes,No,No,No,No,Yes,No,Yes,Yes,Month-to-month,No,Mailed check,43.16,1804.86,Yes
CUST-04367,Female,0,Yes,No,21,Yes,No,No,Yes,Yes,No,No,Yes,Yes,Month-to-month,Yes,Credit card (automatic),51.02,1069.94,No
CUST-04368,Female,0,No,No,16,Yes,No,DSL,Yes,Yes,No,No,No,Yes,Month-to-month,Yes,Bank transfer (automatic),61.24,950.34,No
CUST-04369,Male,0,Yes,Yes,69,No,No,Fiber optic,No,No,No,Yes,Yes,No,One year,Yes,Credit card (automatic),30.01,2022.93,Yes
CUST-04370,Male,0,Yes,No,30,Yes,No,Fiber optic,No,No,Yes,No,Yes,No,Month-to-month,Yes,Credit card (automatic),54.14,1646.78,Yes
CUST-04371,Male,0,Yes,No,68,Yes,Yes,Fiber optic,No,Yes,Yes,No,Yes,Yes,Two year,No,Credit card (automatic),33.37,2236.19,Yes
CUST-04372,Female,0,No,No,5,Yes,No,DSL,Yes,Yes,No,No,No,No,Month-to-month,Yes,Electronic check,52.61,196.11,No
CUST-04373,Female,0,No,No,8,Yes,No,DSL,Yes,Yes,No,Yes,Yes,No,One year,No,Credit card (automatic),39.06,354.0,Yes
CUST-04374,Male,0,Yes,No,34,Yes,Yes,No,No,No,No,No,No,No,Two year,No,Electronic check,38.28,1286.91,No
CUST-04375,Female,0,Yes,No,56,Yes,No,Fiber optic,Yes,Yes,No,No,Yes,Yes,Two year,No,Credit card (automatic),21.48,1209.67,Yes
CUST-04376,Male,0,Yes,Yes,31,Yes,No,Fiber optic,No,Yes,No,Yes,No,Yes,Month-to-month,No,Mailed check,39.83,1099.12,No
CUST-04377,Female,0,No,No,60,Yes,No,Fiber optic,Yes,No,No,No,Yes,No,Month-to-month,Yes,Electronic check,54.58,3273.1,Yes
CUST-04378,Female,0,Yes,Yes,10,Yes,No,DSL,No,Yes,No,Yes,Yes,Yes,Month-to-month,No,Credit card (automatic),35.8,348.57,No
CUST-04379,Female,0,Yes,Yes,61,Yes,Yes,DSL,No,No,No,Yes,Yes,Yes,One year,Yes,Bank transfer (automatic),25.68,1640.86,No
CUST-04380,Male,0,No,No,32,Yes,No,DSL,Yes,Yes,Yes,Yes,Yes,Yes,Month-to-month,No,Bank transfer (automatic),34.57,1096.34,No
CUST-04381,Male,0,No,Yes,21,Yes,No,DSL,No,Yes,Yes,No,No,Yes,Month-to-month,No,Credit card (automatic),29.44,497.03,Yes
CUST-04382,Female,0,No,Yes,46,Yes,Yes,No,No,No,No,No,No,Yes,Month-to-month,Yes,Credit card (automatic),37.4,1710.79,Yes
CUST-04383,Female,0,No,No,56,Yes,Yes,DSL,No,Yes,No,Yes,No,Yes,Month-to-month,Yes,Bank transfer (automatic),57.01,3192.85,No
CUST-04384,Male,0,No,Yes,66,Yes,No,DSL,Yes,Yes,No,Yes,No,Yes,One year,No,Mailed check,22.63,1546.19,No
CUST-04385,Female,1,Yes,No,7,Yes,No,Fiber optic,Yes,Yes,No,Yes,Yes,No,Month-to-month,Yes,Electronic check,59.56,414.97,Yes
CUST-04386,Male,1,Yes,Yes,50,Yes,Yes,No,No,No,Yes,Yes,Yes,No,Two year,No,Bank transfer (automatic),22.4,1102.25,No
CUST-04387,Female,0,No,No,23,Yes,No,DSL,Yes,No,No,No,Yes,Yes,Month-to-month,No,Mailed check,44.03,1006.64,No
CUST-04388,Female,0,Yes,No,36,Yes,No,DSL,No,No,No,Yes,Yes,No,Two year,Yes,Mailed check,29.9,1194.27,No
CUST-04389,Female,0,No,Yes,33,Yes,No,Fiber optic,Yes,No,No,No,No,Yes,Two year,Yes,Bank transfer (automatic),43.32,1450.53,No
CUST-04390,Male,0,Yes,No,55,Yes,No,Fiber optic,No,Yes,No,No,No,No,One year,No,Bank transfer (automatic),33.42,1826.01,Yes
CUST-04391,Female,0,Yes,Yes,29,Yes,No,Fiber optic,No,Yes,Yes,No,No,Yes,Month-to-month,Yes,Electronic check,51.26,1528.67,Yes
CUST-04392,Male,0,Yes,No,20,Yes,Yes,DSL,Yes,No,No,Yes,Yes,No,Month-to-month,No,Electronic check,42.28,797.84,Yes
CUST-04393,Female,0,No,No,35,Yes,Yes,No,Yes,No,Yes,Yes,Yes,Yes,Two year,Yes,Electronic check,36.54,1247.3,No
CUST-04394,Female,0,No,Yes,48,No,Yes,Fiber optic,No,Yes,No,Yes,No,Yes,Month-to-month,Yes,Bank transfer (automatic),48.33,2296.79,No
CUST-04395,Male,0,Yes,Yes,61,Yes,Yes,No,Yes,Yes,Yes,Yes,Yes,No,Month-to-month,Yes,Mailed check,33.94,1995.76,No
CUST-04396,Male,0,Yes,No,1,Yes,Yes,No,No,Yes,Yes,No,No,No,Month-to-month,Yes,Bank transfer (automatic),42.31,83.81,Yes
CUST-04397,Female,1,Yes,No,41,Yes,Yes,Fiber optic,No,No,No,No,Yes,Yes,Two year,Yes,Mailed check,28.69,1142.85,No
CUST-04398,Female,0,Yes,No,6,Yes,Yes,DSL,No,Yes,No,No,Yes,Yes,Two year,No,Credit card (automatic),29.8,184.04,No
CUST-04399,Female,0,Yes,No,45,Yes,Yes,Fiber optic,No,No,No,No,Yes,No,Month-to-month,No,Bank transfer (automatic),30.96,1368.99,Yes
CUST-04400,Male,1,No,No,45,Yes,No,Fiber optic,Yes,Yes,No,Yes,Yes,No,Month-to-month,No,Credit card (automatic),31.26,1420.48,No
CUST-04401,Female,0,Yes,Yes,61,No,No,DSL,No,No,Yes,No,No,No,One year,Yes,Bank transfer (automatic),33.06,2097.51,No
CUST-04402,Female,0,Yes,Yes,14,Yes,No,DSL,No,Yes,No,Yes,Yes,Yes,One year,Yes,Mailed check,40.67,554.17,Yes
CUST-04403,Female,0,Yes,No,57,Yes,Yes,DSL,No,No,No,No,Yes,No,One year,Yes,Electronic check,38.79,2190.48,No
CUST-04404,Male,0,Yes,No,49,Yes,Yes,No,No,Yes,No,No,Yes,No,Two year,Yes,Mailed check,48.44,2319.77,No
CUST-04405,Female,0,Yes,Yes,48,Yes,Yes,Fiber optic,Yes,Yes,No,Yes,Yes,No,One year,Yes,Electronic check,44.93,2144.22,No
CUST-04406,Male,0,No,Yes,46,Yes,Yes,Fiber optic,Yes,Yes,No,No,No,Yes,One year,No,Bank transfer (automatic),37.13,1626.74,No
CUST-04407,Female,0,No,No,40,Yes,Yes,Fiber optic,Yes,No,No,No,Yes,Yes,Month-to-month,Yes,Electronic check,42.45,1759.88,Yes
CUST-04408,Female,0,No,No,5,Yes,No,Fiber optic,Yes,No,No,No,No,Yes,One year,Yes,Electronic check,53.65,240.16,Yes
CUST-04409,Female,1,Yes,No,58,Yes,No,No,No,Yes,Yes,Yes,Yes,No,One year,No,Credit card (automatic),36.11,2053.71,Yes
CUST-04410,Female,0,No,No,28,Yes,Yes,DSL,No,Yes,No,No,No,Yes,Month-to-month,Yes,Electronic check,43.92,1221.65,Yes
CUST-04411,Female,0,No,No,8,Yes,No,DSL,Yes,Yes,Yes,No,No,No,Month-to-month,Yes,Credit card (automatic),46.32,397.94,Yes
CUST-04412,Male,0,No,No,44,Yes,Yes,Fiber optic,Yes,Yes,No,Yes,No,Yes,One year,No,Credit card (automatic),45.74,2001.55,No
CUST-04413,Female,0,No,No,68,Yes,Yes,No,Yes,No,Yes,Yes,Yes,No,Two year,No,Electronic check,31.59,2195.57,No
CUST-04414,Male,0,Yes,No,51,Yes,No,No,No,Yes,Yes,Yes,No,Yes,Month-to-month,Yes,Mailed check,46.8,2367.13,No
CUST-04415,Female,0,No,No,18,Yes,Yes,No,No,No,No,Yes,No,No,Month-to-month,No,Bank transfer (automatic),37.79,646.22,Yes
CUST-04416,Female,1,No,No,58,Yes,No,Fiber optic,Yes,No,No,No,Yes,No,Month-to-month,Yes,Mailed check,33.46,1937.86,Yes
CUST-04417,Female,0,No,Yes,61,No,Yes,DSL,No,No,No,No,Yes,No,Two year,No,Electronic check,37.35,2271.19,Yes
CUST-04418,Female,0,No,Yes,24,Yes,Yes,DSL,No,No,No,No,No,Yes,Month-to-month,No,Mailed check,41.24,1029.06,Yes
CUST-04419,Male,0,No,Yes,38,Yes,No,Fiber optic,No,Yes,No,Yes,Yes,Yes,Month-to-month,Yes,Mailed check,46.93,1818.04,Yes
CUST-04420,Female,0,Yes,Yes,60,Yes,Yes,Fiber optic,No,Yes,Yes,No,Yes,No,Month-to-month,No,Electronic check,49.88,2972.3,Yes
CUST-04421,Male,0,No,Yes,12,No,No,Fiber optic,No,Yes,No,Yes,No,No,Month-to-month,Yes,Electronic check,46.72,493.04,Yes
CUST-04422,Male,0,No,No,26,No,No,DSL,Yes,Yes,Yes,Yes,Yes,No,Month-to-month,No,Mailed check,37.51,1000.37,No
CUST-04423,Male,0,No,No,33,Yes,No,Fiber optic,No,Yes,No,No,Yes,Yes,Month-to-month,Yes,Credit card (automatic),44.92,1429.57,Yes
CUST-04424,Female,0,No,No,1,Yes,Yes,No,No,No,Yes,No,Yes,No,One year,Yes,Credit card (automatic),34.26,29.55,Yes
CUST-04425,Female,0,Yes,No,12,Yes,Yes,DSL,Yes,Yes,No,No,Yes,No,One year,Yes,Credit card (automatic),43.76,546.4,No
CUST-04426,Male,0,Yes,No,44,Yes,No,Fiber optic,No,No,Yes,No,No,No,Month-to-month,No,Electronic check,41.24,1892.74,No
CUST-04427,Female,0,Yes,No,19,Yes,Yes,DSL,No,Yes,Yes,No,No,Yes,One year,Yes,Electronic check,43.32,916.99,No
CUST-04428,Female,1,No,Yes,18,Yes,Yes,Fiber optic,No,Yes,No,Yes,Yes,No,One year,Yes,Credit card (automatic),37.89,699.69,Yes
CUST-04429,Male,0,No,Yes,22,No,Yes,Fiber optic,No,Yes,No,No,Yes,No,Month-to-month,No,Credit card (automatic),59.07,1214.16,Yes
CUST-04430,Male,1,No,Yes,9,Yes,No,DSL,Yes,Yes,Yes,Yes,No,No,Month-to-month,No,Electronic check,51.42,414.5,Yes
CUST-04431,Male,0,No,No,46,Yes,No,Fiber optic,No,Yes,No,Yes,No,No,One year,No,Mailed check,26.04,1190.75,No
CUST-04432,Female,0,No,Yes,19,Yes,No,Fiber optic,Yes,No,Yes,No,Yes,Yes,One year,No,Bank transfer (automatic),37.05,688.57,Yes
CUST-04433,Male,0,Yes,No,47,Yes,Yes,DSL,Yes,No,Yes,Yes,No,No,Month-to-month,Yes,Bank transfer (automatic),39.69,1870.22,No
CUST-04434,Female,0,No,No,59,Yes,No,No,No,Yes,Yes,No,No,No,One year,Yes,Bank transfer (automatic),35.86,2121.26,No
CUST-04435,Male,0,No,No,34,Yes,No,Fiber optic,Yes,Yes,Yes,Yes,Yes,No,One year,Yes,Credit card (automatic),34.05,1106.47,No
CUST-04436,Male,0,No,No,65,No,Yes,Fiber optic,No,No,Yes,No,No,Yes,Month-to-month,Yes,Electronic check,48.11,3152.83,Yes
CUST-04437,Male,1,No,No,14,Yes,No,DSL,Yes,Yes,Yes,No,No,No,Month-to-month,Yes,Credit card (automatic),57.33,763.24,No
CUST-04438,Male,0,No,No,69,Yes,Yes,Fiber optic,No,Yes,No,Yes,No,Yes,Month-to-month,Yes,Electronic check,44.33,3065.56,Yes
CUST-04439,Female,0,Yes,No,23,Yes,Yes,DSL,Yes,No,Yes,Yes,Yes,Yes,Month-to-month,Yes,Mailed check,34.15,863.14,No
CUST-04440,Female,0,No,Yes,22,Yes,No,DSL,Yes,No,Yes,No,Yes,Yes,One year,No,Mailed check,18.0,353.37,No
CUST-04441,Female,0,No,No,70,Yes,No,Fiber optic,No,Yes,Yes,Yes,Yes,No,One year,Yes,Bank transfer (automatic),35.97,2524.24,No
CUST-04442,Female,0,Yes,No,33,Yes,No,No,No,No,No,Yes,Yes,Yes,Two year,No,Electronic check,22.68,731.31,No
CUST-04443,Male,0,Yes,Yes,54,Yes,Yes,DSL,No,Yes,Yes,Yes,No,No,Month-to-month,No,Electronic check,60.08,3201.2,Yes
CUST-04444,Female,0,Yes,No,57,Yes,No,Fiber optic,No,No,Yes,Yes,Yes,No,Month-to-month,No,Credit card (automatic),30.11,1721.4,No
CUST-04445,Male,0,Yes,No,32,Yes,No,Fiber optic,Yes,Yes,No,Yes,Yes,No,Month-to-month,Yes,Electronic check,44.85,1402.28,Yes
CUST-04446,Female,0,No,No,23,Yes,No,Fiber optic,Yes,No,No,Yes,No,No,Two year,Yes,Electronic check,57.38,1353.33,Yes
CUST-04447,Female,0,Yes,No,35,Yes,No,No,Yes,No,Yes,Yes,Yes,Yes,One year,Yes,Electronic check,47.64,1694.62,No
CUST-04448,Female,0,Yes,No,28,No,Yes,DSL,No,Yes,No,No,No,Yes,Two year,No,Mailed check,18.0,575.65,No
CUST-04449,Male,0,No,Yes,30,Yes,No,Fiber optic,No,No,Yes,Yes,No,Yes,One year,Yes,Bank transfer (automatic),41.09,1265.67,Yes
CUST-04450,Male,1,Yes,Yes,17,No,Yes,DSL,No,Yes,Yes,Yes,Yes,No,Month-to-month,No,Mailed check,44.89,790.99,Yes
CUST-04451,Male,0,No,No,65,No,Yes,DSL,No,No,No,No,No,No,One year,Yes,Electronic check,33.6,2100.16,No
CUST-04452,Female,1,Yes,No,41,Yes,Yes,Fiber optic,Yes,Yes,No,No,Yes,Yes,Two year,Yes,Credit card (automatic),42.91,1797.69,No
CUST-04453,Female,0,Yes,No,57,Yes,Yes,DSL,No,Yes,No,No,Yes,No,Month-to-month,No,Electronic check,33.1,1919.29,Yes
CUST-04454,Male,0,No,No,47,Yes,No,DSL,No,No,No,Yes,Yes,No,Month-to-month,No,Credit card (automatic),22.3,1017.15,No
CUST-04455,Male,0,No,No,26,Yes,No,DSL,No,Yes,Yes,Yes,No,No,One year,Yes,Electronic check,48.57,1337.87,No
CUST-04456,Female,0,No,Yes,23,Yes,No,DSL,No,Yes,No,No,No,Yes,One year,Yes,Bank transfer (automatic),42.52,1017.01,Yes
CUST-04457,Male,0,No,Yes,70,Yes,No,Fiber optic,No,No,No,No,Yes,No,Month-to-month,No,Bank transfer (automatic),57.67,4046.1,No
CUST-04458,Female,0,Yes,No,2,Yes,Yes,DSL,Yes,No,No,Yes,Yes,Yes,Month-to-month,No,Mailed check,40.58,112.68,Yes
CUST-04459,Female,0,No,No,21,Yes,No,DSL,Yes,Yes,Yes,No,No,Yes,Month-to-month,Yes,Credit card (automatic),55.41,1183.41,Yes
CUST-04460,Male,1,Yes,Yes,53,Yes,No,Fiber optic,Yes,No,No,No,No,Yes,Month-to-month,Yes,Credit card (automatic),42.94,2284.01,Yes
CUST-04461,Female,0,Yes,No,39,Yes,Yes,Fiber optic,Yes,No,No,No,No,No,Two year,Yes,Bank transfer (automatic),44.61,1731.9,Yes
CUST-04462,Female,0,Yes,No,44,Yes,Yes,No,Yes,No,Yes,Yes,No,No,Month-to-month,Yes,Electronic check,59.35,2662.93,No
CUST-04463,Male,0,No,No,2,Yes,Yes,No,Yes,No,No,No,Yes,Yes,Month-to-month,Yes,Bank transfer (automatic),40.1,21.17,Yes
CUST-04464,Male,0,Yes,No,16,Yes,No,No,No,No,No,No,No,Yes,Month-to-month,Yes,Credit card (automatic),30.61,498.25,Yes
CUST-04465,Female,0,Yes,No,43,Yes,No,Fiber optic,Yes,No,Yes,No,Yes,Yes,Two year,Yes,Credit card (automatic),35.7,1596.46,No
CUST-04466,Female,0,Yes,No,23,Yes,No,DSL,No,Yes,No,No,Yes,Yes,Two year,No,Mailed check,31.5,729.6,Yes
CUST-04467,Male,0,No,No,34,Yes,Yes,DSL,No,Yes,Yes,No,Yes,No,One year,No,Electronic check,39.16,1364.21,Yes
CUST-04468,Male,0,Yes,No,68,No,Yes,No,Yes,No,Yes,No,No,No,Month-to-month,No,Electronic check,50.17,3411.77,No
CUST-04469,Male,0,Yes,Yes,46,Yes,Yes,No,Yes,Yes,No,No,No,Yes,Two year,No,Electronic check,22.44,990.98,No
CUST-04470,Male,0,Yes,No,45,Yes,No,Fiber optic,Yes,No,No,No,Yes,No,Month-to-month,Yes,Bank transfer (automatic),43.95,2015.43,Yes
CUST-04471,Female,0,No,No,14,Yes,Yes,Fiber optic,Yes,Yes,Yes,No,Yes,No,Month-to-month,Yes,Bank transfer (automatic),43.24,665.98,Yes
CUST-04472,Male,0,Yes,No,43,Yes,No,DSL,Yes,No,No,No,Yes,Yes,Month-to-month,Yes,Bank transfer (automatic),52.97,2254.9,Yes
CUST-04473,Female,0,No,No,69,Yes,No,DSL,No,No,No,Yes,Yes,No,Month-to-month,No,Bank transfer (automatic),42.12,2929.08,Yes
CUST-04474,Female,1,Yes,Yes,46,Yes,Yes,Fiber optic,Yes,No,No,No,No,Yes,Month-to-month,Yes,Mailed check,43.26,2001.96,Yes
CUST-04475,Male,0,Yes,No,56,Yes,No,DSL,No,Yes,No,Yes,No,Yes,Month-to-month,No,Mailed check,36.29,2017.05,No
CUST-04476,Female,0,Yes,Yes,68,Yes,No,Fiber optic,No,No,No,Yes,Yes,No,Month-to-month,No,Credit card (automatic),39.55,2736.9,Yes
CUST-04477,Male,0,Yes,Yes,64,Yes,No,Fiber optic,No,Yes,No,No,Yes,No,Month-to-month,No,Mailed check,32.39,2063.09,No
CUST-04478,Female,0,Yes,No,25,Yes,No,No,No,No,No,No,No,Yes,One year,No,Electronic check,51.65,1248.93,Yes
CUST-04479,Male,0,Yes,No,21,Yes,No,No,No,No,Yes,Yes,Yes,No,One year,No,Mailed check,28.51,583.66,Yes
CUST-04480,Male,0,No,No,20,Yes,Yes,DSL,Yes,Yes,Yes,No,No,No,One year,No,Electronic check,63.14,1256.15,No
CUST-04481,Female,1,Yes,No,55,No,No,Fiber optic,No,No,Yes,Yes,No,No,One year,Yes,Electronic check,45.73,2487.6,Yes
CUST-04482,Female,1,Yes,Yes,27,Yes,Yes,Fiber optic,No,Yes,Yes,No,No,Yes,Month-to-month,No,Bank transfer (automatic),59.94,1595.83,Yes
CUST-04483,Male,0,Yes,Yes,59,Yes,Yes,Fiber optic,No,Yes,No,No,No,Yes,Two year,No,Electronic check,38.7,2235.91,No
CUST-04484,Female,0,Yes,Yes,57,Yes,Yes,No,No,No,No,Yes,No,Yes,Month-to-month,No,Electronic check,44.93,2548.17,Yes
CUST-04485,Female,0,Yes,No,48,Yes,Yes,DSL,Yes,No,No,No,No,Yes,One year,No,Bank transfer (automatic),27.14,1309.6,No
CUST-04486,Female,0,Yes,No,9,Yes,Yes,DSL,No,No,Yes,Yes,No,No,One year,No,Electronic check,27.1,206.63,Yes
CUST-04487,Male,0,Yes,Yes,51,Yes,No,Fiber optic,Yes,Yes,No,Yes,Yes,Yes,Month-to-month,Yes,Credit card (automatic),56.33,2828.27,Yes
CUST-04488,Female,0,Yes,No,15,Yes,Yes,Fiber optic,No,Yes,Yes,Yes,Yes,No,Two year,Yes,Bank transfer (automatic),33.59,462.11,Yes
CUST-04489,Male,0,No,No,40,No,No,Fiber optic,No,Yes,No,Yes,Yes,Yes,One year,Yes,Bank transfer (automatic),49.7,1981.56,Yes
CUST-04490,Female,0,No,No,17,Yes,No,DSL,Yes,No,Yes,No,Yes,Yes,Month-to-month,Yes,Mailed check,59.72,993.68,No
CUST-04491,Female,0,No,No,5,Yes,No,DSL,No,No,Yes,No,No,Yes,One year,Yes,Bank transfer (automatic),35.73,111.3,Yes
CUST-04492,Female,0,Yes,No,46,Yes,No,Fiber optic,No,No,Yes,No,No,No,Month-to-month,Yes,Bank transfer (automatic),40.23,1798.48,Yes
CUST-04493,Male,1,No,No,33,Yes,Yes,Fiber optic,Yes,Yes,Yes,Yes,Yes,Yes,Month-to-month,Yes,Credit card (automatic),45.33,1491.09,Yes
CUST-04494,Female,0,Yes,No,46,Yes,Yes,DSL,No,No,No,Yes,Yes,No,Month-to-month,Yes,Electronic check,31.21,1419.1,Yes
CUST-04495,Female,0,Yes,Yes,35,Yes,Yes,No,No,No,No,Yes,Yes,Yes,Two year,Yes,Mailed check,36.25,1263.88,No
CUST-04496,Male,0,No,Yes,27,Yes,No,Fiber optic,Yes,Yes,Yes,Yes,Yes,No,Month-to-month,No,Mailed check,52.35,1475.23,Yes
CUST-04497,Female,0,Yes,No,2,Yes,No,DSL,Yes,Yes,No,No,No,Yes,Two year,No,Electronic check,28.41,66.0,Yes
CUST-04498,Female,0,Yes,No,20,Yes,No,DSL,Yes,No,No,Yes,Yes,No,One year,No,Electronic check,38.75,699.09,No
CUST-04499,Female,1,No,Yes,63,Yes,No,DSL,Yes,Yes,No,Yes,Yes,Yes,One year,Yes,Electronic check,36.68,2284.09,No
CUST-04500,Female,0,No,No,54,Yes,No,DSL,No,No,No,No,No,No,One year,No,Electronic check,34.23,1861.05,Yes
CUST-04501,Male,0,Yes,No,33,Yes,Yes,Fiber optic,No,Yes,No,No,No,No,Two year,Yes,Mailed check,40.34,1302.83,Yes
CUST-04502,Male,1,Yes,Yes,3,Yes,Yes,No,Yes,Yes,No,No,No,Yes,Month-to-month,Yes,Credit card (automatic),52.64,116.84,Yes
CUST-04503,Male,0,Yes,Yes,70,Yes,Yes,DSL,No,No,Yes,No,Yes,Yes,One year,No,Bank transfer (automatic),27.39,1952.25,No
CUST-04504,Male,0,No,No,53,No,No,DSL,Yes,Yes,Yes,No,Yes,Yes,One year,No,Electronic check,34.08,1788.13,Yes
CUST-04505,Female,1,Yes,No,2,Yes,No,No,No,No,Yes,No,No,No,Month-to-month,No,Bank transfer (automatic),41.68,47.14,Yes
CUST-04506,Female,0,Yes,Yes,15,No,Yes,Fiber optic,Yes,Yes,No,No,No,No,One year,Yes,Electronic check,48.51,691.9,Yes
CUST-04507,Female,0,Yes,No,13,Yes,No,Fiber optic,No,Yes,Yes,No,No,Yes,One year,No,Electronic check,36.64,542.27,Yes
CUST-04508,Male,0,No,No,65,Yes,No,Fiber optic,Yes,Yes,No,No,No,Yes,Month-to-month,Yes,Electronic check,57.26,3674.84,Yes
CUST-04509,Female,0,No,No,68,Yes,Yes,DSL,No,No,No,No,No,Yes,Two year,Yes,Electronic check,34.7,2350.1,Yes
CUST-04510,Male,0,Yes,Yes,30,Yes,No,DSL,No,Yes,Yes,Yes,No,No,Month-to-month,Yes,Credit card (automatic),32.99,982.58,Yes
CUST-04511,Female,0,No,Yes,13,Yes,No,No,No,Yes,Yes,No,No,Yes,One year,Yes,Mailed check,36.27,497.65,Yes
CUST-04512,Male,1,Yes,Yes,46,Yes,No,Fiber optic,Yes,Yes,No,Yes,No,No,Two year,Yes,Electronic check,38.9,1755.56,Yes
CUST-04513,Female,0,No,No,20,Yes,No,DSL,No,No,No,No,No,No,Two year,No,Bank transfer (automatic),26.07,486.34,No
CUST-04514,Male,0,Yes,No,9,Yes,Yes,No,Yes,Yes,Yes,No,No,No,One year,Yes,Mailed check,27.6,279.34,No
CUST-04515,Male,0,Yes,No,19,Yes,No,Fiber optic,Yes,No,No,No,No,No,Two year,No,Credit card (automatic),31.95,704.89,No
CUST-04516,Male,1,Yes,Yes,19,Yes,Yes,DSL,No,Yes,Yes,No,Yes,Yes,One year,Yes,Bank transfer (automatic),43.29,798.47,Yes
CUST-04517,Female,0,No,No,4,No,No,No,Yes,Yes,No,Yes,No,No,Month-to-month,Yes,Credit card (automatic),47.37,162.76,Yes
CUST-04518,Female,0,No,No,50,Yes,No,Fiber optic,No,Yes,No,Yes,Yes,Yes,One year,Yes,Bank transfer (automatic),46.1,2403.07,Yes
CUST-04519,Male,0,No,No,26,Yes,No,Fiber optic,Yes,Yes,No,No,Yes,No,Month-to-month,No,Credit card (automatic),48.0,1232.28,Yes
CUST-04520,Female,0,Yes,No,40,Yes,Yes,DSL,No,No,No,Yes,Yes,No,One year,No,Mailed check,33.13,1311.05,No
CUST-04521,Male,1,Yes,No,40,Yes,No,DSL,No,No,Yes,No,Yes,No,Month-to-month,No,Electronic check,50.05,2009.2,Yes
CUST-04522,Male,1,Yes,Yes,55,Yes,Yes,No,No,No,No,No,Yes,No,Month-to-month,No,Mailed check,37.46,2076.57,Yes
CUST-04523,Male,0,Yes,Yes,55,Yes,Yes,DSL,No,No,Yes,Yes,No,No,Month-to-month,Yes,Mailed check,48.97,2703.22,No
CUST-04524,Male,0,Yes,No,41,No,No,No,No,No,No,No,Yes,Yes,Month-to-month,Yes,Electronic check,46.38,1940.06,Yes
CUST-04525,Male,0,No,Yes,60,Yes,No,Fiber optic,No,Yes,Yes,Yes,No,No,One year,No,Electronic check,37.47,2192.35,Yes
CUST-04526,Female,0,No,Yes,41,Yes,Yes,DSL,No,Yes,No,No,Yes,Yes,Month-to-month,Yes,Electronic check,38.52,1570.19,Yes
CUST-04527,Female,0,No,No,2,Yes,Yes,No,No,No,Yes,No,Yes,Yes,Two year,No,Mailed check,38.03,119.54,No
CUST-04528,Female,0,Yes,Yes,61,Yes,No,No,No,No,No,Yes,Yes,No,Month-to-month,No,Bank transfer (automatic),38.69,2268.19,No
CUST-04529,Female,0,Yes,No,55,Yes,Yes,No,Yes,No,No,No,No,No,Month-to-month,Yes,Electronic check,52.45,2832.09,No
CUST-04530,Male,1,Yes,No,31,Yes,Yes,Fiber optic,Yes,No,No,No,No,No,Month-to-month,Yes,Electronic check,45.92,1451.81,Yes
CUST-04531,Female,0,Yes,No,28,Yes,Yes,Fiber optic,No,Yes,No,No,Yes,Yes,One year,Yes,Electronic check,55.25,1550.31,Yes
CUST-04532,Female,0,No,Yes,64,Yes,No,DSL,No,No,No,No,Yes,No,Month-to-month,No,Electronic check,41.57,2634.6,Yes
CUST-04533,Male,0,No,No,31,Yes,No,DSL,No,No,Yes,No,No,No,Two year,Yes,Bank transfer (automatic),26.83,844.3,No
CUST-04534,Male,0,Yes,No,27,No,No,No,No,No,Yes,No,No,No,Month-to-month,Yes,Electronic check,46.3,1267.67,No
CUST-04535,Female,0,Yes,No,53,Yes,Yes,No,No,No,Yes,No,Yes,No,Month-to-month,No,Bank transfer (automatic),32.97,1711.85,No
CUST-04536,Male,0,No,No,24,Yes,No,DSL,No,Yes,Yes,Yes,Yes,No,One year,Yes,Electronic check,43.63,1044.05,No
CUST-04537,Female,0,Yes,No,29,Yes,Yes,Fiber optic,No,No,No,No,No,Yes,Month-to-month,No,Bank transfer (automatic),44.02,1229.54,Yes
CUST-04538,Male,0,No,Yes,56,Yes,No,No,Yes,Yes,No,No,Yes,Yes,One year,No,Electronic check,33.34,1913.17,Yes
CUST-04539,Male,1,No,Yes,16,Yes,No,Fiber optic,Yes,Yes,No,No,No,Yes,Month-to-month,Yes,Bank transfer (automatic),46.76,685.74,No
CUST-04540,Male,1,No,No,1,Yes,No,DSL,No,No,Yes,No,No,Yes,One year,Yes,Electronic check,47.49,42.32,Yes
CUST-04541,Male,0,Yes,No,24,Yes,Yes,DSL,No,No,No,No,Yes,Yes,Month-to-month,No,Bank transfer (automatic),33.41,833.56,Yes
CUST-04542,Male,0,No,No,13,Yes,No,Fiber optic,Yes,No,Yes,No,No,No,One year,Yes,Credit card (automatic),24.92,404.01,No
CUST-04543,Male,0,No,Yes,26,Yes,Yes,No,No,Yes,No,No,No,No,Month-to-month,No,Mailed check,63.78,1650.58,Yes
CUST-04544,Male,0,Yes,Yes,6,Yes,Yes,DSL,No,Yes,No,No,Yes,No,Two year,Yes,Electronic check,43.79,372.76,Yes
CUST-04545,Female,1,Yes,No,42,Yes,Yes,DSL,Yes,Yes,No,No,Yes,Yes,Month-to-month,No,Electronic check,68.61,2836.16,Yes
CUST-04546,Male,1,No,No,37,Yes,Yes,Fiber optic,Yes,No,No,No,No,Yes,Month-to-month,No,Electronic check,49.39,1850.95,No
CUST-04547,Male,0,No,Yes,20,Yes,Yes,No,No,No,Yes,Yes,No,No,Month-to-month,Yes,Electronic check,49.25,957.05,Yes
CUST-04548,Male,0,Yes,No,45,Yes,Yes,No,Yes,No,No,No,Yes,No,Month-to-month,No,Bank transfer (automatic),35.14,1646.88,No
CUST-04549,Male,0,No,No,11,Yes,No,No,Yes,Yes,No,Yes,No,No,Month-to-month,Yes,Bank transfer (automatic),48.47,529.62,Yes
CUST-04550,Male,0,No,Yes,1,No,No,Fiber optic,No,No,Yes,No,Yes,No,Month-to-month,Yes,Bank transfer (automatic),53.76,12.51,Yes
CUST-04551,Female,1,Yes,No,34,Yes,Yes,No,No,Yes,No,No,Yes,Yes,Month-to-month,Yes,Electronic check,43.2,1518.39,Yes
CUST-04552,Female,0,Yes,Yes,12,Yes,No,Fiber optic,No,No,Yes,No,Yes,No,One year,No,Electronic check,35.5,408.46,Yes
CUST-04553,Female,0,Yes,No,61,No,No,Fiber optic,No,No,No,Yes,No,Yes,Month-to-month,Yes,Electronic check,40.23,2402.06,Yes
CUST-04554,Male,0,Yes,Yes,22,Yes,Yes,DSL,No,Yes,Yes,No,Yes,Yes,Month-to-month,No,Mailed check,43.3,939.75,Yes
CUST-04555,Male,0,No,No,31,No,Yes,Fiber optic,No,Yes,Yes,Yes,No,Yes,One year,Yes,Electronic check,48.67,1549.13,No
CUST-04556,Female,0,No,Yes,21,Yes,No,DSL,No,No,No,Yes,No,No,Month-to-month,Yes,Credit card (automatic),43.79,913.62,Yes
CUST-04557,Female,1,Yes,No,31,Yes,Yes,No,Yes,Yes,Yes,No,Yes,Yes,Two year,Yes,Electronic check,35.18,1074.87,No
CUST-04558,Male,0,No,No,7,Yes,No,DSL,No,No,Yes,No,Yes,Yes,Month-to-month,Yes,Mailed check,38.2,267.27,Yes
CUST-04559,Male,0,Yes,No,67,No,No,DSL,No,No,No,No,No,No,Month-to-month,Yes,Credit card (automatic),51.01,3321.45,Yes
CUST-04560,Male,0,Yes,No,13,Yes,Yes,No,Yes,Yes,No,No,Yes,Yes,One year,Yes,Credit card (automatic),39.02,621.65,No
CUST-04561,Female,0,Yes,No,29,Yes,No,Fiber optic,Yes,No,Yes,Yes,Yes,No,Month-to-month,Yes,Electronic check,55.51,1607.54,Yes
CUST-04562,Female,0,No,Yes,61,Yes,No,Fiber optic,Yes,Yes,No,No,No,No,Two year,No,Bank transfer (automatic),37.53,2327.87,Yes
CUST-04563,Female,0,No,No,31,Yes,Yes,Fiber optic,Yes,No,No,Yes,No,Yes,Month-to-month,No,Credit card (automatic),26.99,896.47,No
CUST-04564,Female,0,No,No,50,Yes,No,DSL,No,Yes,Yes,Yes,Yes,Yes,Month-to-month,Yes,Electronic check,45.36,2224.9,Yes
CUST-04565,Male,0,Yes,No,5,Yes,No,DSL,Yes,No,No,No,No,Yes,Month-to-month,No,Mailed check,50.81,202.74,Yes
CUST-04566,Female,0,Yes,Yes,22,Yes,Yes,Fiber optic,Yes,No,No,No,No,No,Month-to-month,Yes,Credit card (automatic),39.48,932.2,Yes
CUST-04567,Male,0,Yes,Yes,54,Yes,No,No,No,Yes,No,Yes,Yes,No,Month-to-month,Yes,Credit card (automatic),30.81,1630.86,No
CUST-04568,Male,1,No,No,19,Yes,Yes,DSL,No,No,No,Yes,Yes,Yes,One year,Yes,Credit card (automatic),30.64,566.35,Yes
CUST-04569,Female,0,Yes,Yes,30,Yes,Yes,DSL,No,No,No,No,No,No,One year,No,Bank transfer (automatic),23.11,662.69,No
CUST-04570,Female,0,No,Yes,6,Yes,No,DSL,Yes,No,No,No,Yes,Yes,Month-to-month,Yes,Bank transfer (automatic),50.44,182.48,Yes
CUST-04571,Male,0,No,No,36,Yes,No,Fiber optic,No,No,Yes,No,Yes,No,Month-to-month,Yes,Electronic check,56.33,2018.59,Yes
CUST-04572,Female,0,Yes,Yes,25,Yes,No,DSL,No,No,No,No,Yes,No,Month-to-month,Yes,Credit card (automatic),34.81,867.05,Yes
CUST-04573,Female,0,Yes,Yes,62,No,No,DSL,Yes,No,Yes,Yes,No,No,Month-to-month,Yes,Bank transfer (automatic),23.12,1476.02,No
CUST-04574,Male,0,Yes,Yes,29,Yes,No,Fiber optic,Yes,No,No,Yes,Yes,Yes,Month-to-month,Yes,Mailed check,38.91,1110.0,Yes
CUST-04575,Male,0,No,No,59,Yes,Yes,Fiber optic,No,No,Yes,Yes,Yes,No,Two year,No,Credit card (automatic),39.85,2326.31,No
CUST-04576,Male,0,No,No,65,Yes,Yes,Fiber optic,No,Yes,No,No,No,Yes,Month-to-month,No,Electronic check,39.81,2608.87,Yes
CUST-04577,Female,0,Yes,Yes,60,Yes,Yes,DSL,Yes,Yes,No,No,No,Yes,Month-to-month,Yes,Credit card (automatic),27.17,1665.72,Yes
CUST-04578,Female,1,No,No,53,Yes,Yes,DSL,Yes,No,No,No,Yes,Yes,Month-to-month,Yes,Bank transfer (automatic),42.36,2198.0,Yes
CUST-04579,Female,0,Yes,No,42,Yes,No,DSL,No,Yes,No,Yes,No,Yes,Two year,Yes,Electronic check,23.69,915.17,No
CUST-04580,Female,1,Yes,Yes,35,Yes,No,Fiber optic,No,Yes,Yes,Yes,Yes,Yes,One year,Yes,Electronic check,61.34,2235.76,Yes
CUST-04581,Female,0,No,No,6,Yes,No,DSL,No,No,Yes,No,Yes,No,Month-to-month,Yes,Bank transfer (automatic),48.44,352.74,Yes
CUST-04582,Male,0,No,No,10,Yes,Yes,No,No,No,No,No,Yes,Yes,One year,Yes,Bank transfer (automatic),38.66,359.25,Yes
CUST-04583,Female,0,Yes,No,27,Yes,Yes,DSL,Yes,No,No,No,No,No,Two year,No,Electronic check,30.78,817.28,No
CUST-04584,Male,0,No,No,47,Yes,Yes,Fiber optic,No,Yes,No,No,Yes,Yes,Month-to-month,Yes,Electronic check,47.91,2249.48,Yes
CUST-04585,Male,0,No,No,1,Yes,Yes,DSL,Yes,Yes,No,No,No,No,Month-to-month,No,Electronic check,43.7,8.55,Yes
CUST-04586,Male,0,No,No,67,No,No,Fiber optic,No,Yes,No,No,Yes,Yes,Month-to-month,No,Credit card (automatic),61.48,4094.82,Yes
CUST-04587,Female,0,No,No,71,Yes,No,Fiber optic,No,No,No,No,No,No,Month-to-month,No,Mailed check,49.83,3532.24,Yes
CUST-04588,Female,0,Yes,Yes,6,Yes,No,DSL,No,Yes,Yes,Yes,Yes,Yes,Month-to-month,Yes,Mailed check,43.39,202.61,Yes
CUST-04589,Male,0,Yes,No,7,Yes,No,DSL,No,No,Yes,No,No,Yes,Month-to-month,No,Electronic check,49.86,441.81,Yes
CUST-04590,Female,0,No,No,61,Yes,No,DSL,No,Yes,No,No,No,Yes,Month-to-month,Yes,Electronic check,40.13,2379.5,No
CUST-04591,Male,0,Yes,Yes,15,Yes,Yes,Fiber optic,No,Yes,No,No,No,No,One year,No,Credit card (automatic),47.64,629.59,No
CUST-04592,Female,0,Yes,No,13,Yes,No,No,Yes,No,Yes,No,No,No,Two year,Yes,Mailed check,18.0,269.34,Yes
CUST-04593,Female,0,Yes,No,14,Yes,Yes,Fiber optic,Yes,No,No,No,Yes,No,Month-to-month,No,Bank transfer (automatic),39.73,539.44,Yes
CUST-04594,Male,0,Yes,Yes,50,No,Yes,Fiber optic,No,No,No,Yes,No,No,One year,Yes,Credit card (automatic),29.7,1501.14,Yes
CUST-04595,Male,0,Yes,No,10,Yes,No,DSL,No,Yes,No,Yes,No,No,Month-to-month,Yes,Credit card (automatic),51.85,517.63,Yes
CUST-04596,Female,0,Yes,No,14,Yes,Yes,Fiber optic,Yes,No,No,No,Yes,No,Month-to-month,No,Credit card (automatic),44.02,600.16,Yes
CUST-04597,Male,0,Yes,No,29,Yes,Yes,Fiber optic,No,No,Yes,No,Yes,Yes,One year,Yes,Credit card (automatic),29.0,836.24,Yes
CUST-04598,Female,0,Yes,No,43,Yes,Yes,DSL,No,Yes,No,No,Yes,Yes,Month-to-month,No,Bank transfer (automatic),37.0,1606.33,Yes
CUST-04599,Male,0,No,No,71,Yes,No,DSL,No,Yes,No,Yes,No,No,Month-to-month,No,Credit card (automatic),34.22,2474.31,No
CUST-04600,Male,0,No,No,17,Yes,Yes,DSL,No,Yes,Yes,No,Yes,No,Month-to-month,Yes,Credit card (automatic),56.6,931.13,Yes
CUST-04601,Male,0,Yes,Yes,19,Yes,No,DSL,Yes,No,No,Yes,Yes,No,Month-to-month,No,Credit card (automatic),37.48,730.13,No
CUST-04602,Male,0,Yes,No,39,Yes,No,No,No,No,Yes,No,Yes,Yes,Month-to-month,No,Credit card (automatic),35.86,1379.13,Yes
CUST-04603,Female,0,Yes,No,30,Yes,No,DSL,No,No,No,No,No,Yes,Month-to-month,Yes,Mailed check,43.62,1293.14,No
CUST-04604,Male,0,No,No,43,Yes,No,DSL,Yes,No,No,No,Yes,Yes,Month-to-month,No,Electronic check,20.84,860.15,No
CUST-04605,Female,0,No,Yes,18,Yes,No,DSL,Yes,No,No,Yes,No,No,Month-to-month,No,Credit card (automatic),28.58,501.93,Yes
CUST-04606,Female,0,No,No,44,Yes,Yes,DSL,No,No,Yes,Yes,No,Yes,Two year,Yes,Mailed check,18.0,742.07,Yes
CUST-04607,Female,0,No,No,66,Yes,No,DSL,Yes,No,No,Yes,Yes,No,Month-to-month,Yes,Credit card (automatic),52.28,3404.13,No
CUST-04608,Female,0,Yes,Yes,49,Yes,No,DSL,No,No,Yes,No,No,Yes,Month-to-month,No,Mailed check,32.26,1543.45,No
CUST-04609,Male,0,Yes,No,53,Yes,Yes,DSL,Yes,Yes,No,Yes,Yes,No,One year,Yes,Bank transfer (automatic),35.81,1806.66,No
CUST-04610,Female,0,Yes,No,5,Yes,No,DSL,Yes,No,Yes,No,No,No,Month-to-month,No,Credit card (automatic),31.94,120.89,No
CUST-04611,Female,1,Yes,No,65,Yes,No,Fiber optic,No,Yes,Yes,Yes,No,No,One year,No,Electronic check,36.46,2348.94,No
CUST-04612,Female,0,Yes,No,50,Yes,No,Fiber optic,Yes,No,No,No,Yes,No,Month-to-month,No,Electronic check,41.41,2083.93,Yes
CUST-04613,Male,0,No,Yes,45,Yes,No,Fiber optic,No,Yes,Yes,No,Yes,No,Month-to-month,Yes,Credit card (automatic),49.27,2160.43,Yes
CUST-04614,Male,0,Yes,No,11,Yes,No,DSL,Yes,Yes,No,Yes,Yes,Yes,Month-to-month,No,Mailed check,36.84,402.64,Yes
CUST-04615,Male,0,No,Yes,40,No,Yes,DSL,No,No,No,No,No,Yes,Two year,Yes,Bank transfer (automatic),25.3,1025.86,No
CUST-04616,Female,1,Yes,No,49,Yes,Yes,No,Yes,No,No,Yes,Yes,No,Month-to-month,No,Mailed check,19.55,945.92,Yes
CUST-04617,Female,0,Yes,No,45,Yes,No,DSL,No,Yes,Yes,No,No,Yes,One year,Yes,Mailed check,50.84,2294.0,No
CUST-04618,Male,0,No,Yes,9,Yes,No,Fiber optic,No,No,Yes,No,Yes,No,Month-to-month,Yes,Electronic check,51.8,473.37,Yes
CUST-04619,Male,0,Yes,No,3,Yes,Yes,DSL,Yes,No,No,Yes,No,No,Month-to-month,Yes,Credit card (automatic),40.34,104.98,No
CUST-04620,Male,0,Yes,No,35,Yes,No,DSL,Yes,Yes,Yes,Yes,Yes,Yes,Month-to-month,No,Bank transfer (automatic),30.32,1032.96,No
CUST-04621,Male,0,Yes,No,51,Yes,No,Fiber optic,No,Yes,Yes,No,No,Yes,One year,Yes,Credit card (automatic),49.18,2513.33,Yes
CUST-04622,Male,0,No,Yes,28,Yes,No,Fiber optic,No,Yes,No,No,Yes,Yes,Month-to-month,No,Credit card (automatic),38.65,1037.11,Yes
CUST-04623,Male,1,Yes,No,49,Yes,Yes,DSL,Yes,No,No,No,Yes,Yes,One year,No,Electronic check,32.07,1479.74,No
CUST-04624,Female,1,No,No,69,Yes,Yes,Fiber optic,No,Yes,No,No,Yes,Yes,Two year,Yes,Credit card (automatic),39.62,2702.86,Yes
CUST-04625,Female,0,No,Yes,64,Yes,No,Fiber optic,No,No,Yes,No,No,Yes,Two year,No,Electronic check,44.71,2836.84,Yes
CUST-04626,Female,1,No,No,45,Yes,No,Fiber optic,No,Yes,Yes,Yes,No,Yes,Two year,No,Credit card (automatic),30.35,1369.77,No
CUST-04627,Female,0,Yes,No,52,Yes,Yes,No,Yes,Yes,Yes,Yes,Yes,Yes,Two year,Yes,Mailed check,26.87,1399.46,No
CUST-04628,Female,0,No,No,7,Yes,No,Fiber optic,No,No,No,No,No,Yes,Month-to-month,Yes,Electronic check,55.05,357.56,No
CUST-04629,Male,1,Yes,No,7,Yes,No,DSL,No,Yes,No,No,Yes,Yes,Month-to-month,No,Bank transfer (automatic),40.72,286.4,Yes
CUST-04630,Female,0,No,Yes,50,Yes,Yes,DSL,No,Yes,No,No,No,No,Month-to-month,Yes,Credit card (automatic),56.28,2848.06,Yes
CUST-04631,Female,0,Yes,No,57,Yes,No,Fiber optic,Yes,No,No,Yes,Yes,No,Month-to-month,Yes,Credit card (automatic),34.49,1956.55,No
CUST-04632,Female,0,Yes,Yes,14,Yes,No,DSL,No,No,No,No,Yes,Yes,Two year,Yes,Electronic check,40.18,523.29,Yes
CUST-04633,Female,0,Yes,No,43,Yes,Yes,No,No,No,No,No,No,No,Month-to-month,No,Bank transfer (automatic),32.99,1400.28,No
CUST-04634,Female,0,No,Yes,21,Yes,Yes,No,No,No,No,No,Yes,No,Month-to-month,No,Electronic check,50.27,1082.11,Yes
CUST-04635,Female,0,No,Yes,8,Yes,No,DSL,No,No,No,No,No,No,Two year,Yes,Electronic check,39.54,256.57,No
CUST-04636,Male,0,Yes,No,27,Yes,No,No,Yes,Yes,No,No,No,No,Month-to-month,No,Electronic check,43.96,1211.17,Yes
CUST-04637,Male,0,Yes,No,32,Yes,No,DSL,Yes,Yes,Yes,Yes,Yes,No,Month-to-month,Yes,Bank transfer (automatic),39.7,1246.05,No
CUST-04638,Female,0,No,Yes,56,Yes,No,DSL,Yes,No,No,No,Yes,No,Month-to-month,No,Electronic check,30.17,1730.75,Yes
CUST-04639,Male,0,No,No,62,Yes,No,No,Yes,No,Yes,No,Yes,Yes,Two year,No,Bank transfer (automatic),22.49,1402.92,No
CUST-04640,Male,0,No,Yes,68,Yes,No,Fiber optic,No,No,No,No,Yes,No,Month-to-month,Yes,Credit card (automatic),30.44,2091.43,Yes
CUST-04641,Male,0,Yes,No,8,Yes,No,Fiber optic,No,No,No,No,No,Yes,Month-to-month,No,Bank transfer (automatic),48.76,424.0,Yes
CUST-04642,Female,0,No,Yes,66,Yes,No,No,Yes,Yes,No,No,Yes,Yes,Month-to-month,Yes,Electronic check,38.93,2610.35,Yes
CUST-04643,Male,0,No,No,37,Yes,No,DSL,Yes,Yes,Yes,Yes,Yes,No,Month-to-month,Yes,Credit card (automatic),34.18,1295.79,No
CUST-04644,Female,0,Yes,Yes,13,Yes,No,Fiber optic,No,Yes,No,Yes,Yes,No,One year,Yes,Credit card (automatic),39.2,469.39,Yes
CUST-04645,Female,1,Yes,No,46,Yes,Yes,No,Yes,No,Yes,Yes,No,No,Month-to-month,Yes,Bank transfer (automatic),41.16,1920.56,Yes
CUST-04646,Female,0,Yes,No,5,No,Yes,No,No,Yes,No,No,Yes,Yes,One year,Yes,Credit card (automatic),21.99,53.45,No
CUST-04647,Male,0,Yes,No,33,Yes,Yes,Fiber optic,No,Yes,Yes,Yes,No,Yes,Month-to-month,No,Electronic check,45.46,1450.11,Yes
CUST-04648,Female,0,No,No,59,Yes,Yes,DSL,No,No,No,No,No,Yes,Month-to-month,Yes,Electronic check,48.57,2859.54,Yes
CUST-04649,Female,0,Yes,Yes,69,Yes,No,No,No,No,No,Yes,Yes,No,Month-to-month,No,Electronic check,51.59,3606.92,Yes
CUST-04650,Female,0,No,Yes,21,No,Yes,DSL,No,Yes,Yes,No,No,Yes,Month-to-month,Yes,Electronic check,70.2,1467.2,Yes
CUST-04651,Female,0,Yes,No,13,No,No,No,No,No,No,No,Yes,No,Month-to-month,Yes,Electronic check,63.92,796.49,Yes
CUST-04652,Male,0,No,Yes,42,Yes,Yes,DSL,Yes,No,No,Yes,No,No,One year,Yes,Mailed check,24.64,1057.1,No
CUST-04653,Female,1,No,No,12,Yes,Yes,DSL,No,No,No,No,Yes,Yes,Month-to-month,No,Electronic check,52.43,608.02,No
CUST-04654,Female,0,No,No,70,Yes,No,DSL,Yes,No,No,Yes,Yes,No,One year,Yes,Bank transfer (automatic),38.06,2679.97,No
CUST-04655,Female,0,No,No,24,Yes,Yes,Fiber optic,No,Yes,No,No,No,Yes,Two year,Yes,Electronic check,49.0,1178.78,Yes
CUST-04656,Female,0,Yes,No,14,Yes,Yes,DSL,Yes,No,Yes,No,Yes,Yes,One year,Yes,Mailed check,35.41,454.95,Yes
CUST-04657,Female,1,No,No,17,Yes,Yes,DSL,No,Yes,No,No,Yes,Yes,Two year,Yes,Mailed check,38.62,699.61,Yes
CUST-04658,Male,1,No,No,27,Yes,No,No,No,No,No,Yes,Yes,Yes,Month-to-month,No,Electronic check,48.08,1229.92,No
CUST-04659,Female,0,Yes,No,53,Yes,No,DSL,No,Yes,No,No,No,No,Month-to-month,Yes,Credit card (automatic),35.62,1849.68,Yes
CUST-04660,Female,0,No,No,62,Yes,Yes,Fiber optic,Yes,No,No,Yes,No,No,Month-to-month,Yes,Electronic check,50.21,3136.39,Yes
CUST-04661,Male,0,Yes,No,53,Yes,No,Fiber optic,No,Yes,No,No,Yes,No,Month-to-month,No,Electronic check,36.73,2059.21,No
CUST-04662,Male,0,No,No,47,Yes,No,Fiber optic,No,No,Yes,No,Yes,Yes,Month-to-month,Yes,Mailed check,64.73,2969.37,No
CUST-04663,Female,0,Yes,No,20,Yes,No,Fiber optic,Yes,No,No,No,No,No,One year,Yes,Credit card (automatic),36.91,730.95,No
CUST-04664,Female,0,No,Yes,67,Yes,No,No,Yes,Yes,No,Yes,No,No,Month-to-month,Yes,Mailed check,41.39,2676.67,Yes
CUST-04665,Female,1,Yes,No,71,Yes,Yes,Fiber optic,Yes,Yes,No,Yes,No,Yes,One year,No,Electronic check,41.9,2966.85,Yes
CUST-04666,Male,0,Yes,No,45,Yes,Yes,Fiber optic,Yes,Yes,No,No,Yes,Yes,Month-to-month,Yes,Mailed check,46.62,2069.6,Yes
CUST-04667,Female,0,Yes,Yes,56,Yes,Yes,DSL,No,No,No,No,Yes,No,Month-to-month,Yes,Credit card (automatic),47.53,2661.03,Yes
CUST-04668,Female,0,No,Yes,22,Yes,Yes,Fiber optic,Yes,No,Yes,No,No,No,Month-to-month,No,Mailed check,53.65,1234.66,Yes
CUST-04669,Male,0,Yes,No,32,Yes,Yes,DSL,No,No,No,No,Yes,No,Two year,Yes,Electronic check,40.51,1328.77,Yes
CUST-04670,Female,0,No,Yes,58,Yes,Yes,Fiber optic,No,Yes,Yes,Yes,No,No,Two year,No,Electronic check,42.24,2433.72,Yes
CUST-04671,Female,0,Yes,No,31,Yes,No,Fiber optic,No,No,No,Yes,No,Yes,Month-to-month,Yes,Credit card (automatic),51.09,1610.03,Yes
CUST-04672,Male,0,No,No,54,Yes,Yes,Fiber optic,No,Yes,No,No,No,No,Month-to-month,No,Electronic check,38.49,2079.6,Yes
CUST-04673,Female,0,Yes,No,62,Yes,Yes,Fiber optic,Yes,No,Yes,Yes,Yes,Yes,Month-to-month,Yes,Mailed check,44.06,2688.38,No
CUST-04674,Male,0,No,Yes,67,No,Yes,Fiber optic,No,Yes,No,Yes,No,Yes,One year,No,Bank transfer (automatic),33.09,2213.08,No
CUST-04675,Male,0,No,No,21,Yes,Yes,DSL,No,No,No,No,Yes,Yes,Month-to-month,Yes,Electronic check,55.77,1188.41,Yes
CUST-04676,Female,0,Yes,No,34,Yes,No,Fiber optic,Yes,No,Yes,No,Yes,No,Month-to-month,Yes,Electronic check,57.96,2117.6,Yes
CUST-04677,Male,0,Yes,No,28,Yes,No,No,No,No,Yes,No,Yes,No,Month-to-month,Yes,Credit card (automatic),45.38,1321.89,Yes
CUST-04678,Male,1,No,No,36,Yes,Yes,Fiber optic,No,Yes,No,Yes,No,No,Month-to-month,No,Credit card (automatic),50.51,1845.77,Yes
CUST-04679,Male,1,Yes,No,53,Yes,Yes,DSL,No,Yes,No,No,No,No,Month-to-month,No,Credit card (automatic),42.69,2189.84,Yes
CUST-04680,Female,0,Yes,Yes,23,No,No,Fiber optic,No,Yes,Yes,No,No,Yes,Month-to-month,Yes,Mailed check,44.87,1038.53,Yes
CUST-04681,Female,0,Yes,No,17,Yes,No,DSL,No,No,No,No,Yes,Yes,Month-to-month,No,Electronic check,55.42,998.4,Yes
CUST-04682,Female,0,No,No,20,Yes,No,Fiber optic,Yes,No,No,Yes,Yes,Yes,Month-to-month,Yes,Mailed check,50.24,1025.92,Yes
CUST-04683,Male,0,No,No,55,Yes,No,DSL,No,Yes,No,No,Yes,Yes,Month-to-month,Yes,Bank transfer (automatic),56.84,3171.53,Yes
CUST-04684,Female,0,No,Yes,71,Yes,No,Fiber optic,No,Yes,No,No,No,Yes,Two year,Yes,Bank transfer (automatic),34.13,2443.07,No
CUST-04685,Male,0,No,No,8,Yes,No,No,No,Yes,Yes,Yes,Yes,No,Month-to-month,Yes,Mailed check,41.01,368.68,Yes
CUST-04686,Male,0,Yes,No,70,Yes,No,DSL,No,No,No,No,Yes,No,Two year,Yes,Mailed check,18.0,1190.86,No
CUST-04687,Male,0,Yes,No,3,Yes,No,Fiber optic,No,Yes,No,No,Yes,No,One year,Yes,Electronic check,69.16,272.99,Yes
CUST-04688,Female,0,Yes,No,38,Yes,Yes,DSL,Yes,Yes,No,No,No,Yes,One year,Yes,Mailed check,38.46,1493.62,No
CUST-04689,Female,0,Yes,Yes,10,Yes,No,DSL,No,Yes,Yes,Yes,Yes,No,Month-to-month,Yes,Mailed check,52.05,567.45,Yes
CUST-04690,Male,0,Yes,Yes,68,Yes,Yes,Fiber optic,No,Yes,No,Yes,Yes,No,Two year,Yes,Bank transfer (automatic),49.0,3337.19,No
CUST-04691,Female,0,No,No,55,Yes,No,Fiber optic,No,No,No,No,No,Yes,Month-to-month,Yes,Mailed check,48.0,2661.32,Yes
CUST-04692,Female,0,Yes,No,26,Yes,No,No,Yes,No,Yes,No,No,Yes,Month-to-month,No,Mailed check,33.19,892.16,Yes
CUST-04693,Male,0,Yes,Yes,49,Yes,No,DSL,Yes,Yes,Yes,Yes,No,Yes,Month-to-month,Yes,Credit card (automatic),45.11,2203.33,Yes
CUST-04694,Male,0,Yes,Yes,61,Yes,No,DSL,No,Yes,No,Yes,Yes,No,Month-to-month,Yes,Electronic check,43.04,2593.56,No
CUST-04695,Male,0,Yes,Yes,16,Yes,No,Fiber optic,No,No,No,No,Yes,No,Month-to-month,Yes,Credit card (automatic),35.33,520.71,Yes
CUST-04696,Male,1,Yes,No,46,Yes,No,Fiber optic,Yes,Yes,No,No,Yes,No,One year,No,Electronic check,53.52,2456.69,Yes
CUST-04697,Female,0,Yes,No,22,No,No,Fiber optic,No,No,Yes,No,No,Yes,One year,No,Mailed check,30.1,627.44,Yes
CUST-04698,Female,1,Yes,Yes,51,No,Yes,Fiber optic,No,No,No,Yes,Yes,Yes,Two year,No,Electronic check,32.97,1652.43,Yes
CUST-04699,Female,0,No,No,41,Yes,No,No,No,No,No,No,Yes,No,One year,No,Mailed check,37.11,1580.29,Yes
CUST-04700,Female,0,No,No,51,Yes,No,DSL,Yes,No,No,Yes,Yes,Yes,Month-to-month,Yes,Mailed check,21.78,1175.65,Yes
CUST-04701,Male,0,No,No,46,Yes,Yes,No,No,No,Yes,No,Yes,No,Month-to-month,Yes,Mailed check,44.12,2015.35,Yes
CUST-04702,Female,0,No,Yes,46,Yes,No,No,No,Yes,Yes,No,Yes,No,Month-to-month,No,Electronic check,44.88,2116.51,Yes
CUST-04703,Male,0,No,No,7,Yes,No,DSL,Yes,Yes,No,No,No,No,Two year,Yes,Electronic check,48.41,331.31,Yes
CUST-04704,Male,1,No,Yes,61,Yes,No,DSL,No,No,No,Yes,No,Yes,One year,No,Electronic check,41.2,2498.11,No
CUST-04705,Male,0,Yes,Yes,13,No,Yes,Fiber optic,Yes,No,No,No,Yes,No,Month-to-month,No,Mailed check,51.17,679.95,Yes
CUST-04706,Female,0,No,No,28,Yes,No,Fiber optic,No,No,No,No,No,No,One year,Yes,Mailed check,50.05,1371.53,No
CUST-04707,Female,0,Yes,No,37,Yes,Yes,DSL,Yes,Yes,No,No,Yes,No,One year,Yes,Electronic check,51.09,1876.85,Yes
CUST-04708,Male,0,Yes,Yes,61,Yes,No,DSL,Yes,No,No,Yes,Yes,No,Two year,No,Bank transfer (automatic),19.17,1223.02,No
CUST-04709,Male,0,Yes,No,45,Yes,No,Fiber optic,Yes,No,No,Yes,Yes,No,One year,No,Mailed check,23.9,1088.75,Yes
CUST-04710,Female,0,Yes,No,14,Yes,Yes,No,No,Yes,Yes,Yes,Yes,No,One year,Yes,Electronic check,34.82,502.66,No
CUST-04711,Female,0,No,No,21,Yes,Yes,No,Yes,No,Yes,No,Yes,Yes,Month-to-month,Yes,Electronic check,54.35,1132.23,Yes
CUST-04712,Male,0,Yes,No,15,No,Yes,No,No,No,No,Yes,No,No,Month-to-month,Yes,Electronic check,47.04,692.86,No
CUST-04713,Male,0,No,No,42,Yes,Yes,Fiber optic,Yes,No,Yes,No,No,Yes,Month-to-month,Yes,Electronic check,46.52,1958.4,Yes
CUST-04714,Female,0,No,No,51,Yes,No,Fiber optic,No,No,No,No,No,Yes,One year,Yes,Electronic check,53.43,2755.96,Yes
CUST-04715,Female,0,Yes,Yes,51,Yes,Yes,DSL,No,No,No,No,Yes,No,Two year,Yes,Electronic check,41.93,2152.12,Yes
CUST-04716,Male,0,Yes,No,54,Yes,No,Fiber optic,No,No,Yes,No,No,No,One year,Yes,Electronic check,57.42,3124.99,No
CUST-04717,Male,0,Yes,No,50,Yes,No,No,Yes,Yes,Yes,No,No,No,Two year,Yes,Mailed check,31.07,1481.38,No
CUST-04718,Male,0,Yes,No,65,Yes,No,No,No,Yes,No,No,Yes,Yes,One year,Yes,Mailed check,39.27,2512.36,No
CUST-04719,Female,0,No,Yes,65,Yes,No,Fiber optic,Yes,No,No,No,No,No,One year,Yes,Credit card (automatic),34.64,2227.04,Yes
CUST-04720,Female,0,No,No,20,Yes,Yes,DSL,Yes,Yes,No,Yes,No,No,Month-to-month,Yes,Credit card (automatic),25.44,526.18,No
CUST-04721,Male,0,No,No,22,Yes,Yes,DSL,No,Yes,Yes,Yes,Yes,No,One year,Yes,Electronic check,38.11,852.99,Yes
CUST-04722,Male,0,Yes,No,4,Yes,Yes,Fiber optic,No,Yes,No,Yes,No,Yes,Month-to-month,Yes,Credit card (automatic),46.53,212.08,Yes
CUST-04723,Male,0,No,Yes,19,Yes,No,DSL,Yes,Yes,No,No,No,Yes,Month-to-month,Yes,Mailed check,32.11,596.28,Yes
CUST-04724,Female,0,No,Yes,37,Yes,No,DSL,No,Yes,No,Yes,Yes,Yes,One year,Yes,Bank transfer (automatic),34.32,1274.12,No
CUST-04725,Female,0,Yes,No,47,Yes,No,No,No,Yes,No,No,No,Yes,One year,Yes,Credit card (automatic),42.3,2058.96,No
CUST-04726,Female,0,Yes,Yes,63,Yes,No,DSL,No,No,No,No,Yes,Yes,Two year,No,Mailed check,23.21,1463.55,No
CUST-04727,Female,0,Yes,No,43,Yes,No,Fiber optic,No,No,No,No,No,No,Month-to-month,Yes,Mailed check,50.1,2079.91,Yes
CUST-04728,Male,0,Yes,No,69,Yes,No,DSL,No,No,No,No,No,Yes,Month-to-month,No,Bank transfer (automatic),33.36,2321.23,No
CUST-04729,Female,0,No,No,40,Yes,Yes,DSL,No,No,No,No,Yes,Yes,Month-to-month,Yes,Credit card (automatic),42.23,1736.53,Yes
CUST-04730,Male,1,No,No,61,Yes,No,DSL,No,No,No,Yes,Yes,No,Month-to-month,No,Mailed check,33.65,2098.32,No
CUST-04731,Male,0,Yes,Yes,58,Yes,Yes,DSL,No,Yes,No,Yes,No,No,Month-to-month,Yes,Electronic check,48.87,2821.35,Yes
CUST-04732,Male,0,No,No,35,Yes,No,Fiber optic,Yes,Yes,Yes,No,Yes,No,Month-to-month,No,Bank transfer (automatic),48.64,1692.0,No
CUST-04733,Male,0,Yes,No,62,Yes,No,Fiber optic,No,No,No,No,Yes,No,Two year,Yes,Bank transfer (automatic),49.68,3110.42,No
CUST-04734,Female,0,Yes,No,62,Yes,Yes,Fiber optic,No,No,No,Yes,No,Yes,Month-to-month,Yes,Bank transfer (automatic),41.9,2603.47,No
CUST-04735,Male,0,No,No,23,Yes,No,No,Yes,No,No,No,No,No,Two year,Yes,Mailed check,30.27,718.1,No
CUST-04736,Female,0,No,Yes,16,Yes,No,Fiber optic,No,No,No,No,Yes,No,Month-to-month,No,Electronic check,60.0,937.05,Yes
CUST-04737,Female,0,No,No,9,Yes,Yes,Fiber optic,No,Yes,No,Yes,Yes,Yes,One year,No,Mailed check,38.77,363.52,No
CUST-04738,Female,0,Yes,No,66,Yes,No,Fiber optic,Yes,No,No,Yes,No,No,One year,Yes,Electronic check,45.02,2949.8,Yes
CUST-04739,Female,0,No,Yes,32,Yes,No,Fiber optic,No,No,Yes,No,No,No,Month-to-month,Yes,Electronic check,50.96,1622.16,Yes
CUST-04740,Male,0,No,Yes,41,Yes,No,DSL,No,Yes,No,No,Yes,Yes,Month-to-month,No,Bank transfer (automatic),41.15,1643.86,No
CUST-04741,Female,0,No,Yes,20,Yes,Yes,No,No,No,Yes,Yes,No,Yes,One year,No,Electronic check,43.27,832.89,Yes
CUST-04742,Female,0,Yes,No,28,Yes,Yes,Fiber optic,Yes,No,No,No,Yes,Yes,Month-to-month,Yes,Credit card (automatic),59.93,1620.66,Yes
CUST-04743,Female,0,Yes,Yes,29,Yes,Yes,Fiber optic,Yes,Yes,No,Yes,Yes,No,Month-to-month,Yes,Mailed check,41.39,1137.51,Yes
CUST-04744,Female,0,No,No,42,Yes,Yes,Fiber optic,Yes,Yes,Yes,Yes,Yes,No,One year,No,Electronic check,42.41,1743.6,No
CUST-04745,Male,0,No,No,13,Yes,No,No,Yes,No,No,Yes,No,Yes,Month-to-month,No,Mailed check,35.86,483.08,Yes
CUST-04746,Female,1,No,No,56,Yes,No,Fiber optic,Yes,No,No,Yes,Yes,Yes,Two year,Yes,Electronic check,26.37,1486.18,Yes
CUST-04747,Male,1,No,Yes,28,Yes,Yes,Fiber optic,No,Yes,No,No,No,No,Month-to-month,Yes,Electronic check,54.0,1545.34,Yes
CUST-04748,Female,0,No,Yes,18,Yes,No,Fiber optic,No,Yes,Yes,Yes,Yes,No,Month-to-month,Yes,Electronic check,47.01,827.78,Yes
CUST-04749,Male,0,No,No,2,Yes,Yes,Fiber optic,No,Yes,Yes,Yes,Yes,No,One year,No,Electronic check,49.92,39.32,Yes
CUST-04750,Female,0,Yes,No,8,Yes,Yes,DSL,No,No,No,Yes,No,Yes,One year,No,Bank transfer (automatic),29.5,250.02,No
CUST-04751,Female,0,Yes,No,20,Yes,Yes,No,No,No,No,Yes,No,Yes,Month-to-month,Yes,Bank transfer (automatic),45.23,903.75,Yes
CUST-04752,Female,0,Yes,No,53,Yes,No,No,Yes,No,No,No,No,Yes,Month-to-month,Yes,Mailed check,40.1,2119.72,Yes
CUST-04753,Male,1,No,No,61,Yes,No,DSL,Yes,Yes,No,No,No,No,Month-to-month,Yes,Electronic check,52.69,3170.44,Yes
CUST-04754,Male,0,Yes,Yes,68,Yes,Yes,DSL,Yes,Yes,No,No,No,No,Month-to-month,No,Bank transfer (automatic),33.68,2275.41,No
CUST-04755,Female,0,Yes,No,22,Yes,No,No,No,Yes,No,Yes,Yes,No,Month-to-month,No,Bank transfer (automatic),27.16,624.46,No
CUST-04756,Male,0,No,No,46,Yes,No,DSL,No,No,Yes,Yes,No,Yes,Month-to-month,No,Mailed check,43.41,1948.58,Yes
CUST-04757,Male,0,No,No,20,Yes,No,DSL,Yes,No,Yes,No,Yes,Yes,Month-to-month,No,Bank transfer (automatic),34.51,616.67,Yes
CUST-04758,Female,1,Yes,No,11,Yes,No,DSL,No,Yes,No,Yes,No,No,One year,No,Mailed check,46.29,514.88,No
CUST-04759,Female,0,Yes,No,39,Yes,Yes,DSL,No,Yes,Yes,No,Yes,No,Month-to-month,Yes,Bank transfer (automatic),43.35,1658.17,No
CUST-04760,Male,0,No,No,46,Yes,Yes,Fiber optic,Yes,Yes,No,No,No,Yes,Month-to-month,No,Mailed check,43.05,2009.82,No
CUST-04761,Male,1,Yes,No,55,Yes,No,Fiber optic,No,No,No,No,Yes,Yes,Two year,No,Electronic check,44.37,2426.8,Yes
CUST-04762,Male,0,Yes,No,9,No,No,Fiber optic,Yes,No,Yes,Yes,Yes,No,Month-to-month,Yes,Electronic check,59.15,490.36,Yes
CUST-04763,Female,0,Yes,Yes,54,Yes,No,DSL,No,No,Yes,No,Yes,Yes,Month-to-month,Yes,Electronic check,46.4,2511.21,Yes
CUST-04764,Female,0,Yes,No,22,Yes,No,Fiber optic,No,Yes,Yes,No,Yes,Yes,Month-to-month,Yes,Mailed check,46.52,1021.84,Yes
CUST-04765,Female,0,No,No,20,Yes,Yes,DSL,Yes,Yes,Yes,Yes,No,No,Month-to-month,No,Electronic check,43.14,861.26,Yes
CUST-04766,Female,0,Yes,No,3,Yes,Yes,Fiber optic,Yes,No,Yes,Yes,No,No,Month-to-month,Yes,Credit card (automatic),36.06,64.8,Yes
CUST-04767,Male,0,Yes,Yes,15,Yes,No,Fiber optic,No,Yes,Yes,No,Yes,Yes,Two year,Yes,Electronic check,51.85,825.88,No
CUST-04768,Female,0,Yes,Yes,35,No,Yes,No,No,Yes,No,Yes,Yes,Yes,Month-to-month,Yes,Electronic check,42.62,1467.7,Yes
CUST-04769,Female,1,Yes,No,14,Yes,No,No,No,Yes,No,Yes,No,Yes,Month-to-month,Yes,Credit card (automatic),41.4,636.89,Yes
CUST-04770,Female,0,Yes,No,23,Yes,No,Fiber optic,No,No,Yes,No,Yes,Yes,Month-to-month,Yes,Credit card (automatic),46.82,1008.05,Yes
CUST-04771,Female,1,No,Yes,38,No,Yes,Fiber optic,Yes,No,No,No,No,Yes,Month-to-month,Yes,Electronic check,56.99,2200.1,Yes
CUST-04772,Male,1,Yes,No,7,Yes,No,Fiber optic,Yes,Yes,No,Yes,No,No,Month-to-month,Yes,Bank transfer (automatic),50.46,373.11,Yes
CUST-04773,Female,0,Yes,No,63,Yes,No,Fiber optic,No,No,Yes,No,No,Yes,Two year,No,Bank transfer (automatic),37.33,2339.67,Yes
CUST-04774,Male,0,Yes,No,22,Yes,Yes,Fiber optic,Yes,Yes,Yes,Yes,No,No,Month-to-month,No,Mailed check,47.63,981.18,Yes
CUST-04775,Female,0,No,Yes,54,Yes,No,No,No,No,No,No,Yes,No,One year,Yes,Bank transfer (automatic),28.48,1540.04,No
CUST-04776,Female,0,Yes,No,46,Yes,No,No,Yes,No,Yes,No,No,No,Month-to-month,Yes,Credit card (automatic),33.52,1467.68,No
CUST-04777,Female,0,No,No,54,Yes,Yes,Fiber optic,No,Yes,No,Yes,No,No,One year,Yes,Mailed check,37.33,1997.32,Yes
CUST-04778,Male,0,No,No,21,No,No,Fiber optic,No,No,No,Yes,No,No,Two year,No,Mailed check,38.72,844.37,Yes
CUST-04779,Female,0,No,No,13,Yes,No,Fiber optic,Yes,Yes,No,Yes,No,No,Month-to-month,Yes,Bank transfer (automatic),50.29,645.58,Yes
CUST-04780,Female,0,No,Yes,11,Yes,No,DSL,No,No,No,No,No,Yes,Month-to-month,Yes,Credit card (automatic),53.08,575.61,Yes
CUST-04781,Male,0,Yes,Yes,17,Yes,Yes,Fiber optic,No,No,Yes,No,Yes,Yes,Month-to-month,No,Credit card (automatic),45.43,827.16,Yes
CUST-04782,Male,0,No,No,39,Yes,No,No,No,No,No,No,No,Yes,Month-to-month,Yes,Bank transfer (automatic),50.03,1956.17,Yes
CUST-04783,Female,0,No,No,45,Yes,Yes,No,No,Yes,Yes,No,No,No,Month-to-month,Yes,Mailed check,46.28,2150.86,No
CUST-04784,Male,0,Yes,Yes,54,Yes,No,No,Yes,Yes,No,No,No,Yes,Month-to-month,Yes,Bank transfer (automatic),35.27,1891.05,Yes
CUST-04785,Male,1,No,No,69,Yes,Yes,Fiber optic,No,No,Yes,No,Yes,Yes,Month-to-month,Yes,Electronic check,53.89,3758.83,Yes
CUST-04786,Female,1,Yes,Yes,59,Yes,Yes,Fiber optic,No,No,Yes,No,Yes,Yes,Month-to-month,No,Credit card (automatic),53.5,3150.14,Yes
CUST-04787,Male,0,No,No,26,Yes,Yes,Fiber optic,Yes,No,No,No,No,Yes,Month-to-month,Yes,Electronic check,66.53,1743.28,Yes
CUST-04788,Female,0,No,No,34,Yes,Yes,Fiber optic,No,Yes,Yes,No,No,Yes,Month-to-month,Yes,Electronic check,42.66,1417.08,Yes
CUST-04789,Female,0,No,No,68,Yes,No,DSL,Yes,No,Yes,No,Yes,No,One year,Yes,Electronic check,40.13,2738.51,No
CUST-04790,Male,0,Yes,No,51,Yes,No,Fiber optic,No,Yes,No,No,Yes,Yes,Month-to-month,No,Bank transfer (automatic),30.16,1550.46,Yes
CUST-04791,Female,0,No,No,30,Yes,No,DSL,Yes,Yes,Yes,Yes,Yes,Yes,Month-to-month,Yes,Electronic check,40.01,1204.98,No
CUST-04792,Male,0,No,Yes,60,Yes,No,Fiber optic,No,Yes,Yes,No,Yes,No,Month-to-month,Yes,Mailed check,50.74,2974.71,Yes
CUST-04793,Male,0,Yes,No,10,No,No,No,Yes,No,Yes,Yes,Yes,No,One year,Yes,Electronic check,42.93,470.09,No
CUST-04794,Female,0,No,Yes,48,Yes,Yes,Fiber optic,No,Yes,No,Yes,No,No,Month-to-month,No,Credit card (automatic),36.0,1740.03,No
CUST-04795,Female,0,No,Yes,68,No,No,DSL,No,Yes,No,Yes,Yes,No,One year,No,Credit card (automatic),25.49,1750.66,No
CUST-04796,Female,1,No,No,38,Yes,Yes,Fiber optic,No,Yes,No,No,Yes,Yes,One year,Yes,Mailed check,51.44,2014.93,Yes
CUST-04797,Male,0,No,No,44,Yes,Yes,Fiber optic,No,No,No,Yes,No,Yes,Month-to-month,Yes,Credit card (automatic),47.13,2070.45,Yes
CUST-04798,Female,0,Yes,No,5,Yes,No,Fiber optic,Yes,No,No,Yes,No,No,Month-to-month,Yes,Electronic check,53.99,296.87,No
CUST-04799,Female,1,Yes,Yes,43,Yes,No,DSL,No,Yes,No,Yes,No,Yes,Two year,No,Bank transfer (automatic),35.66,1563.96,No
CUST-04800,Male,0,Yes,Yes,21,Yes,No,Fiber optic,Yes,No,No,No,Yes,Yes,Month-to-month,No,Electronic check,55.21,1148.13,Yes
CUST-04801,Male,0,Yes,Yes,71,Yes,No,No,No,Yes,No,No,Yes,No,One year,Yes,Credit card (automatic),31.93,2267.05,No
CUST-04802,Male,0,Yes,No,23,Yes,No,DSL,No,Yes,Yes,Yes,Yes,Yes,One year,Yes,Mailed check,40.9,908.89,Yes
CUST-04803,Female,1,No,No,23,Yes,No,Fiber optic,Yes,Yes,No,No,No,Yes,Month-to-month,Yes,Bank transfer (automatic),48.47,1016.63,Yes
CUST-04804,Male,0,Yes,No,29,Yes,Yes,No,Yes,Yes,Yes,No,No,No,One year,Yes,Bank transfer (automatic),38.26,1079.31,No
CUST-04805,Male,0,No,No,50,Yes,No,Fiber optic,No,No,No,No,No,Yes,Month-to-month,No,Credit card (automatic),29.26,1407.62,Yes
CUST-04806,Male,0,Yes,No,68,No,No,No,No,No,No,No,No,Yes,One year,No,Electronic check,31.45,2078.37,Yes
CUST-04807,Female,0,Yes,No,25,Yes,No,Fiber optic,Yes,Yes,No,No,No,No,Two year,Yes,Bank transfer (automatic),38.24,927.55,Yes
CUST-04808,Male,0,No,No,15,Yes,No,Fiber optic,No,No,No,Yes,Yes,Yes,One year,Yes,Bank transfer (automatic),32.03,574.85,Yes
CUST-04809,Female,0,No,No,55,Yes,No,Fiber optic,No,No,Yes,No,Yes,No,Month-to-month,Yes,Electronic check,49.36,2668.02,Yes
CUST-04810,Male,0,Yes,No,39,Yes,Yes,DSL,No,Yes,Yes,Yes,Yes,Yes,One year,No,Electronic check,22.63,902.83,No
CUST-04811,Female,0,No,No,33,No,Yes,DSL,Yes,No,No,No,No,Yes,One year,Yes,Bank transfer (automatic),43.12,1347.58,No
CUST-04812,Female,0,Yes,Yes,71,Yes,No,Fiber optic,No,No,Yes,No,Yes,No,Month-to-month,Yes,Electronic check,63.15,4495.27,Yes
CUST-04813,Male,0,Yes,Yes,36,No,Yes,DSL,No,No,Yes,Yes,No,Yes,Month-to-month,No,Bank transfer (automatic),32.44,1194.66,Yes
CUST-04814,Male,0,Yes,No,44,Yes,Yes,DSL,Yes,Yes,Yes,No,Yes,No,Month-to-month,Yes,Credit card (automatic),28.85,1224.61,Yes
CUST-04815,Male,0,No,No,70,Yes,No,No,No,Yes,No,No,No,No,One year,Yes,Electronic check,44.32,3076.17,No
CUST-04816,Female,0,Yes,No,15,Yes,Yes,DSL,Yes,No,No,No,Yes,Yes,One year,No,Credit card (automatic),35.48,494.64,No
CUST-04817,Male,1,No,No,65,Yes,Yes,DSL,Yes,No,Yes,Yes,Yes,No,Two year,Yes,Mailed check,34.58,2267.39,No
CUST-04818,Female,1,No,Yes,69,Yes,No,Fiber optic,Yes,No,No,Yes,Yes,Yes,Two year,No,Bank transfer (automatic),36.11,2502.85,No
CUST-04819,Male,0,Yes,No,34,Yes,No,DSL,No,No,No,No,Yes,No,Two year,Yes,Electronic check,40.11,1395.41,Yes
CUST-04820,Male,0,No,No,24,No,Yes,Fiber optic,No,No,No,No,Yes,No,Two year,No,Credit card (automatic),47.43,1131.76,No
CUST-04821,Male,0,Yes,Yes,12,Yes,No,DSL,Yes,Yes,Yes,Yes,Yes,Yes,Month-to-month,No,Bank transfer (automatic),48.83,524.36,No
CUST-04822,Male,0,Yes,No,4,Yes,No,Fiber optic,No,Yes,Yes,Yes,Yes,No,Month-to-month,No,Bank transfer (automatic),62.3,204.45,Yes
CUST-04823,Male,0,Yes,No,70,Yes,Yes,Fiber optic,Yes,Yes,Yes,No,Yes,Yes,Month-to-month,No,Credit card (automatic),58.99,4074.6,No
CUST-04824,Male,1,Yes,Yes,31,Yes,Yes,Fiber optic,Yes,Yes,Yes,Yes,No,No,One year,Yes,Electronic check,42.28,1275.91,Yes
CUST-04825,Female,0,Yes,Yes,48,No,Yes,DSL,No,No,Yes,No,Yes,Yes,One year,Yes,Electronic check,50.06,2379.1,Yes
CUST-04826,Female,0,Yes,No,18,Yes,No,Fiber optic,No,No,No,Yes,Yes,Yes,Two year,Yes,Electronic check,43.52,764.23,Yes
CUST-04827,Female,1,No,No,23,Yes,No,DSL,No,Yes,No,No,Yes,Yes,One year,Yes,Credit card (automatic),25.22,573.68,No
CUST-04828,Male,0,Yes,No,59,Yes,Yes,Fiber optic,Yes,No,Yes,No,Yes,Yes,One year,Yes,Credit card (automatic),43.64,2499.5,No
CUST-04829,Male,0,Yes,Yes,47,Yes,Yes,DSL,Yes,Yes,No,Yes,No,Yes,Two year,Yes,Mailed check,22.78,1102.78,No
CUST-04830,Female,0,No,Yes,16,No,Yes,DSL,No,Yes,Yes,Yes,No,No,One year,No,Bank transfer (automatic),33.49,546.64,No
CUST-04831,Female,0,Yes,No,1,Yes,No,DSL,Yes,No,Yes,Yes,Yes,No,Month-to-month,No,Credit card (automatic),30.87,15.22,No
CUST-04832,Female,1,No,No,59,Yes,Yes,DSL,Yes,Yes,No,Yes,No,No,Month-to-month,Yes,Electronic check,57.44,3366.47,Yes
CUST-04833,Female,0,No,Yes,6,Yes,No,DSL,No,No,No,Yes,No,Yes,Two year,Yes,Electronic check,32.83,175.62,Yes
CUST-04834,Female,0,Yes,No,3,Yes,No,DSL,No,No,No,No,No,Yes,One year,No,Credit card (automatic),31.1,78.11,Yes
CUST-04835,Male,0,Yes,Yes,22,Yes,Yes,No,No,Yes,Yes,No,No,No,Month-to-month,Yes,Electronic check,60.62,1350.95,Yes
CUST-04836,Male,1,Yes,No,66,Yes,No,Fiber optic,No,Yes,No,Yes,Yes,No,Month-to-month,Yes,Mailed check,49.7,3273.39,Yes
CUST-04837,Female,0,Yes,No,46,Yes,Yes,Fiber optic,Yes,Yes,No,No,Yes,Yes,One year,No,Bank transfer (automatic),49.86,2304.34,No
CUST-04838,Female,0,Yes,No,3,Yes,No,DSL,Yes,No,Yes,No,Yes,Yes,One year,Yes,Electronic check,51.1,156.05,No
CUST-04839,Male,0,No,No,66,Yes,Yes,DSL,No,No,Yes,No,No,No,One year,No,Mailed check,41.3,2701.32,Yes
CUST-04840,Male,1,No,Yes,67,Yes,No,No,Yes,Yes,Yes,No,Yes,Yes,Month-to-month,Yes,Credit card (automatic),34.15,2223.19,Yes
CUST-04841,Male,0,Yes,No,50,Yes,No,DSL,No,Yes,Yes,No,No,Yes,One year,Yes,Bank transfer (automatic),37.79,1944.03,No
CUST-04842,Female,0,No,No,6,Yes,Yes,No,Yes,No,Yes,No,Yes,No,Two year,No,Credit card (automatic),47.12,306.98,Yes
CUST-04843,Female,1,Yes,Yes,2,Yes,Yes,Fiber optic,No,No,No,No,No,No,One year,No,Electronic check,42.3,135.61,Yes
CUST-04844,Female,0,No,No,62,Yes,Yes,Fiber optic,No,Yes,No,No,Yes,No,One year,Yes,Electronic check,46.58,2867.61,No
CUST-04845,Male,0,No,Yes,59,Yes,No,Fiber optic,Yes,No,No,No,No,Yes,Month-to-month,Yes,Electronic check,49.2,2915.97,Yes
CUST-04846,Male,0,Yes,Yes,60,Yes,Yes,Fiber optic,Yes,No,Yes,Yes,Yes,No,Month-to-month,Yes,Mailed check,46.7,2777.24,Yes
CUST-04847,Male,0,Yes,No,35,Yes,No,No,No,Yes,No,No,Yes,No,Month-to-month,Yes,Electronic check,56.09,1989.24,Yes
CUST-04848,Female,0,Yes,No,43,Yes,No,Fiber optic,Yes,No,No,Yes,No,No,Month-to-month,Yes,Credit card (automatic),44.08,1958.08,Yes
CUST-04849,Female,0,No,Yes,13,No,No,DSL,Yes,No,Yes,No,Yes,No,Month-to-month,Yes,Credit card (automatic),59.22,830.43,Yes
CUST-04850,Male,0,Yes,Yes,3,Yes,No,Fiber optic,Yes,Yes,No,Yes,No,Yes,One year,Yes,Credit card (automatic),23.16,70.83,No
CUST-04851,Male,0,No,Yes,16,Yes,No,DSL,Yes,No,No,No,No,No,Month-to-month,No,Electronic check,22.51,389.54,Yes
CUST-04852,Male,0,Yes,No,45,Yes,No,DSL,Yes,No,No,No,Yes,No,Two year,No,Bank transfer (automatic),23.0,1055.61,Yes
CUST-04853,Female,1,Yes,No,29,Yes,No,Fiber optic,Yes,No,No,No,No,No,Two year,Yes,Credit card (automatic),49.71,1447.07,Yes
CUST-04854,Female,0,No,Yes,44,Yes,Yes,DSL,Yes,No,No,Yes,Yes,No,Month-to-month,No,Mailed check,34.25,1524.14,No
CUST-04855,Female,0,Yes,No,32,No,No,No,No,No,Yes,Yes,No,No,Two year,Yes,Mailed check,28.63,885.24,Yes
CUST-04856,Male,0,Yes,No,40,Yes,Yes,No,Yes,No,Yes,Yes,Yes,Yes,Month-to-month,No,Electronic check,25.3,950.47,No
CUST-04857,Male,0,No,No,68,Yes,Yes,DSL,No,Yes,No,No,No,No,Two year,No,Credit card (automatic),26.05,1788.65,No
CUST-04858,Male,0,Yes,No,45,Yes,No,DSL,No,Yes,No,Yes,No,Yes,One year,Yes,Bank transfer (automatic),28.76,1250.32,No
CUST-04859,Female,0,No,No,68,Yes,Yes,Fiber optic,No,Yes,Yes,Yes,No,No,Month-to-month,No,Credit card (automatic),41.14,2763.59,No
CUST-04860,Male,0,No,No,69,Yes,No,DSL,No,Yes,Yes,Yes,Yes,No,One year,Yes,Electronic check,36.87,2526.37,No
CUST-04861,Female,0,Yes,No,44,Yes,No,DSL,Yes,No,No,No,Yes,No,One year,No,Bank transfer (automatic),34.53,1579.46,Yes
CUST-04862,Male,0,No,Yes,71,Yes,Yes,No,Yes,No,No,Yes,Yes,No,One year,No,Electronic check,30.01,2127.99,No
CUST-04863,Male,1,Yes,Yes,18,Yes,Yes,DSL,No,Yes,Yes,Yes,No,No,One year,Yes,Electronic check,38.18,651.94,Yes
CUST-04864,Male,0,No,Yes,37,Yes,No,DSL,Yes,No,Yes,No,Yes,Yes,One year,Yes,Credit card (automatic),33.15,1177.21,No
CUST-04865,Male,0,No,No,6,Yes,Yes,Fiber optic,Yes,No,No,No,No,No,One year,Yes,Electronic check,50.35,294.97,Yes
CUST-04866,Male,0,No,Yes,7,Yes,Yes,DSL,No,No,Yes,Yes,No,No,Two year,Yes,Bank transfer (automatic),26.69,178.18,Yes
CUST-04867,Female,0,No,No,10,Yes,No,No,No,No,No,No,No,Yes,One year,No,Mailed check,39.99,353.16,No
CUST-04868,Female,0,Yes,Yes,10,Yes,No,No,No,Yes,No,Yes,Yes,Yes,One year,Yes,Credit card (automatic),28.89,294.23,Yes
CUST-04869,Male,1,No,No,30,Yes,Yes,Fiber optic,No,Yes,No,No,Yes,No,Month-to-month,Yes,Mailed check,59.22,1710.83,Yes
CUST-04870,Male,1,Yes,Yes,52,Yes,Yes,DSL,No,Yes,No,Yes,Yes,Yes,Two year,Yes,Bank transfer (automatic),28.79,1453.96,No
CUST-04871,Female,0,No,No,70,Yes,Yes,No,Yes,No,Yes,No,No,No,Two year,Yes,Bank transfer (automatic),21.4,1552.48,No
CUST-04872,Male,0,Yes,No,70,Yes,Yes,Fiber optic,Yes,No,Yes,No,No,Yes,Month-to-month,Yes,Electronic check,73.68,5110.79,Yes
CUST-04873,Female,0,Yes,No,13,Yes,No,Fiber optic,No,No,No,No,Yes,No,Two year,Yes,Credit card (automatic),39.85,512.6,Yes
CUST-04874,Male,0,Yes,No,31,Yes,No,Fiber optic,Yes,No,No,Yes,Yes,No,Month-to-month,No,Electronic check,55.46,1734.55,Yes
CUST-04875,Female,0,Yes,No,31,No,Yes,Fiber optic,Yes,No,No,Yes,No,No,One year,Yes,Electronic check,44.91,1464.9,No
CUST-04876,Male,0,Yes,No,7,No,Yes,DSL,No,Yes,Yes,Yes,Yes,No,Two year,Yes,Bank transfer (automatic),47.0,389.81,Yes
CUST-04877,Female,0,Yes,No,3,Yes,No,Fiber optic,No,Yes,No,No,No,No,Month-to-month,No,Mailed check,54.9,190.62,No
CUST-04878,Female,1,No,No,26,Yes,Yes,Fiber optic,Yes,Yes,Yes,Yes,No,No,One year,No,Electronic check,41.79,1043.36,No
CUST-04879,Male,0,No,No,61,No,No,Fiber optic,No,Yes,No,No,Yes,Yes,One year,Yes,Bank transfer (automatic),47.77,2875.56,Yes
CUST-04880,Male,0,Yes,No,28,Yes,No,Fiber optic,No,No,No,Yes,Yes,Yes,Two year,No,Bank transfer (automatic),42.51,1171.03,Yes
CUST-04881,Female,0,No,No,28,Yes,Yes,Fiber optic,No,No,Yes,No,No,No,One year,No,Credit card (automatic),37.17,1138.1,Yes
CUST-04882,Male,0,Yes,No,71,No,No,Fiber optic,Yes,No,Yes,No,Yes,No,Month-to-month,Yes,Electronic check,49.88,3561.22,Yes
CUST-04883,Female,1,No,No,27,Yes,No,Fiber optic,No,No,Yes,No,No,No,One year,Yes,Credit card (automatic),62.22,1677.56,Yes
CUST-04884,Female,0,Yes,No,49,Yes,No,DSL,No,No,No,No,No,No,Month-to-month,Yes,Bank transfer (automatic),43.57,2142.29,Yes
CUST-04885,Female,0,No,Yes,70,Yes,No,Fiber optic,No,No,Yes,Yes,Yes,No,One year,No,Credit card (automatic),42.9,3057.34,No
CUST-04886,Female,0,Yes,Yes,9,Yes,Yes,No,No,No,No,No,Yes,No,One year,No,Bank transfer (automatic),45.12,381.57,No
CUST-04887,Male,0,Yes,No,37,Yes,No,DSL,Yes,Yes,Yes,Yes,No,No,Two year,Yes,Credit card (automatic),35.74,1325.16,No
CUST-04888,Male,0,No,No,24,Yes,No,No,Yes,Yes,No,Yes,Yes,Yes,Month-to-month,Yes,Bank transfer (automatic),48.99,1166.42,Yes
CUST-04889,Female,0,No,No,9,Yes,Yes,No,No,No,No,No,Yes,No,One year,Yes,Credit card (automatic),20.69,157.06,Yes
CUST-04890,Female,0,No,No,4,Yes,Yes,Fiber optic,Yes,Yes,Yes,Yes,Yes,Yes,One year,No,Bank transfer (automatic),35.27,130.87,Yes
CUST-04891,Male,0,Yes,No,46,Yes,Yes,DSL,No,No,Yes,No,No,Yes,One year,Yes,Mailed check,34.09,1581.96,Yes
CUST-04892,Male,0,Yes,No,47,Yes,Yes,Fiber optic,No,No,Yes,Yes,No,No,One year,Yes,Mailed check,41.84,1977.98,No
CUST-04893,Female,0,No,No,40,Yes,Yes,DSL,Yes,No,No,No,Yes,No,Month-to-month,No,Mailed check,30.46,1274.02,No
CUST-04894,Female,0,Yes,Yes,48,No,Yes,DSL,No,Yes,No,No,Yes,Yes,One year,Yes,Bank transfer (automatic),35.64,1685.54,No
CUST-04895,Female,1,Yes,No,52,Yes,No,DSL,No,Yes,Yes,Yes,No,No,Month-to-month,Yes,Electronic check,37.45,1956.58,Yes
CUST-04896,Female,1,Yes,No,5,Yes,No,Fiber optic,No,No,No,No,No,Yes,Two year,No,Electronic check,29.35,98.75,Yes
CUST-04897,Male,0,Yes,Yes,3,Yes,No,Fiber optic,No,No,Yes,Yes,Yes,No,Month-to-month,Yes,Electronic check,77.48,229.19,Yes
CUST-04898,Male,0,Yes,No,24,No,Yes,Fiber optic,No,Yes,No,No,No,No,Two year,No,Credit card (automatic),33.07,731.87,Yes
CUST-04899,Male,1,Yes,No,41,Yes,Yes,Fiber optic,Yes,No,Yes,No,Yes,No,Month-to-month,Yes,Credit card (automatic),59.2,2445.96,No
CUST-04900,Male,0,No,Yes,65,Yes,Yes,Fiber optic,No,No,No,Yes,Yes,Yes,Month-to-month,Yes,Electronic check,58.69,3887.17,Yes
CUST-04901,Female,0,No,No,70,Yes,Yes,Fiber optic,Yes,Yes,No,No,No,Yes,One year,No,Electronic check,37.18,2643.64,Yes
CUST-04902,Male,0,No,No,59,Yes,Yes,Fiber optic,No,Yes,No,Yes,No,No,Month-to-month,Yes,Mailed check,58.7,3447.47,No
CUST-04903,Male,0,No,No,21,Yes,No,DSL,No,No,Yes,No,Yes,No,One year,Yes,Bank transfer (automatic),30.86,686.8,Yes
CUST-04904,Male,0,Yes,Yes,41,Yes,No,Fiber optic,No,No,Yes,No,Yes,Yes,One year,Yes,Bank transfer (automatic),39.4,1555.76,Yes
CUST-04905,Female,0,No,Yes,9,Yes,No,DSL,Yes,No,Yes,Yes,Yes,Yes,Month-to-month,No,Credit card (automatic),44.89,421.3,Yes
CUST-04906,Male,0,No,No,35,Yes,No,Fiber optic,Yes,No,No,Yes,No,No,One year,No,Bank transfer (automatic),35.26,1335.52,No
CUST-04907,Female,1,No,Yes,8,Yes,Yes,Fiber optic,No,No,No,No,Yes,Yes,Month-to-month,No,Mailed check,51.74,430.84,Yes
CUST-04908,Male,0,Yes,No,71,Yes,No,Fiber optic,Yes,Yes,Yes,No,No,Yes,One year,No,Credit card (automatic),18.37,1293.34,No
CUST-04909,Male,0,No,No,33,Yes,No,Fiber optic,No,No,No,No,No,Yes,One year,Yes,Electronic check,54.16,1773.61,Yes
CUST-04910,Male,0,No,No,52,Yes,Yes,DSL,No,No,No,No,No,No,One year,Yes,Electronic check,48.82,2549.38,Yes
CUST-04911,Male,0,No,No,8,Yes,No,DSL,Yes,Yes,No,No,No,No,Month-to-month,Yes,Electronic check,47.16,375.07,Yes
CUST-04912,Male,0,No,No,68,Yes,No,DSL,Yes,Yes,No,No,No,Yes,One year,Yes,Electronic check,45.48,3073.09,No
CUST-04913,Female,0,No,Yes,38,Yes,No,Fiber optic,Yes,No,No,Yes,Yes,No,Month-to-month,No,Mailed check,41.0,1551.33,Yes
CUST-04914,Male,0,No,Yes,6,Yes,No,Fiber optic,No,No,No,Yes,Yes,Yes,Month-to-month,Yes,Electronic check,64.84,321.87,No
CUST-04915,Male,0,No,No,27,Yes,Yes,DSL,Yes,Yes,No,Yes,No,No,Month-to-month,Yes,Credit card (automatic),48.77,1345.58,No
CUST-04916,Female,0,No,No,16,Yes,No,Fiber optic,Yes,Yes,No,No,Yes,Yes,Month-to-month,Yes,Credit card (automatic),45.62,772.33,Yes
CUST-04917,Female,0,No,Yes,5,Yes,No,DSL,No,No,Yes,No,Yes,Yes,Two year,Yes,Credit card (automatic),53.78,296.03,Yes
CUST-04918,Female,1,Yes,No,3,Yes,No,Fiber optic,No,Yes,Yes,Yes,Yes,No,One year,Yes,Bank transfer (automatic),39.38,103.45,No
CUST-04919,Male,0,No,Yes,51,Yes,No,Fiber optic,No,Yes,No,No,Yes,Yes,Month-to-month,Yes,Bank transfer (automatic),22.8,1176.55,Yes
CUST-04920,Male,0,Yes,No,62,Yes,No,DSL,No,No,Yes,Yes,Yes,Yes,One year,Yes,Electronic check,18.0,1131.72,Yes
CUST-04921,Male,0,Yes,No,47,Yes,No,DSL,No,No,No,Yes,Yes,No,One year,No,Mailed check,32.56,1517.66,No
CUST-04922,Male,0,Yes,No,50,Yes,Yes,Fiber optic,No,Yes,Yes,No,Yes,Yes,Month-to-month,Yes,Bank transfer (automatic),30.38,1564.37,Yes
CUST-04923,Male,0,Yes,No,3,Yes,No,Fiber optic,No,No,No,No,No,No,Two year,Yes,Credit card (automatic),36.93,143.67,Yes
CUST-04924,Male,0,Yes,Yes,13,Yes,Yes,DSL,No,Yes,Yes,No,No,Yes,One year,No,Electronic check,49.46,682.42,No
CUST-04925,Female,0,Yes,No,3,Yes,Yes,Fiber optic,No,Yes,No,No,No,Yes,Month-to-month,No,Mailed check,30.4,103.68,No
CUST-04926,Female,0,Yes,No,70,Yes,No,DSL,No,No,No,No,No,Yes,One year,No,Mailed check,29.07,1974.09,No
CUST-04927,Female,1,No,No,53,Yes,No,No,No,No,Yes,No,Yes,Yes,Month-to-month,Yes,Electronic check,48.9,2502.08,Yes
CUST-04928,Male,0,No,Yes,68,Yes,Yes,Fiber optic,No,No,Yes,No,Yes,No,Month-to-month,Yes,Credit card (automatic),36.17,2439.28,Yes
CUST-04929,Female,0,No,No,65,Yes,No,Fiber optic,Yes,Yes,Yes,No,Yes,No,Month-to-month,Yes,Credit card (automatic),47.02,3021.84,Yes
CUST-04930,Female,1,Yes,No,16,Yes,Yes,Fiber optic,No,No,Yes,Yes,No,No,Month-to-month,Yes,Electronic check,55.45,883.91,Yes
CUST-04931,Female,0,Yes,Yes,37,No,No,Fiber optic,Yes,Yes,Yes,No,No,Yes,Month-to-month,No,Electronic check,50.91,1836.79,Yes
CUST-04932,Male,0,No,Yes,46,Yes,No,Fiber optic,Yes,Yes,Yes,Yes,Yes,No,Month-to-month,Yes,Bank transfer (automatic),42.59,1912.55,Yes
CUST-04933,Male,0,Yes,Yes,53,Yes,Yes,DSL,Yes,No,No,No,No,Yes,Month-to-month,Yes,Electronic check,42.59,2174.98,Yes
CUST-04934,Male,0,No,No,48,Yes,Yes,Fiber optic,Yes,No,Yes,Yes,No,Yes,Two year,Yes,Bank transfer (automatic),36.39,1690.63,Yes
CUST-04935,Female,0,No,Yes,33,No,No,DSL,No,No,Yes,No,Yes,No,Month-to-month,Yes,Credit card (automatic),55.16,1801.63,Yes
CUST-04936,Male,0,Yes,No,1,Yes,Yes,Fiber optic,Yes,Yes,No,No,Yes,Yes,Two year,Yes,Mailed check,52.54,28.05,Yes
CUST-04937,Male,0,Yes,No,67,Yes,No,No,No,No,No,No,Yes,No,One year,No,Credit card (automatic),35.79,2438.72,Yes
CUST-04938,Male,0,Yes,No,49,Yes,No,DSL,No,Yes,Yes,Yes,Yes,No,Month-to-month,Yes,Electronic check,51.57,2513.17,No
CUST-04939,Female,0,No,Yes,60,Yes,Yes,Fiber optic,Yes,No,No,Yes,No,Yes,Month-to-month,Yes,Electronic check,44.24,2589.44,Yes
CUST-04940,Female,1,Yes,No,16,Yes,No,Fiber optic,Yes,No,Yes,No,Yes,No,One year,No,Bank transfer (automatic),37.4,586.19,Yes
CUST-04941,Male,1,No,Yes,8,Yes,No,Fiber optic,Yes,No,No,No,No,No,Month-to-month,No,Mailed check,53.25,444.2,Yes
CUST-04942,Female,0,No,Yes,64,Yes,No,DSL,No,Yes,No,No,No,No,One year,Yes,Bank transfer (automatic),36.97,2270.66,No
CUST-04943,Male,0,Yes,No,58,Yes,Yes,Fiber optic,Yes,No,No,Yes,Yes,Yes,Month-to-month,Yes,Mailed check,49.39,2912.47,Yes
CUST-04944,Male,0,Yes,No,60,Yes,No,Fiber optic,Yes,Yes,No,No,Yes,No,Month-to-month,Yes,Credit card (automatic),56.54,3408.56,Yes
CUST-04945,Female,0,Yes,No,32,Yes,Yes,No,Yes,Yes,No,No,No,Yes,One year,Yes,Mailed check,36.57,1225.46,No
CUST-04946,Male,0,Yes,No,65,Yes,Yes,Fiber optic,Yes,Yes,Yes,No,No,Yes,Month-to-month,Yes,Electronic check,39.66,2596.19,Yes
CUST-04947,Female,0,No,No,16,Yes,Yes,Fiber optic,No,Yes,No,No,No,Yes,Month-to-month,No,Bank transfer (automatic),40.37,628.02,Yes
CUST-04948,Male,0,No,Yes,54,Yes,No,DSL,No,No,Yes,Yes,Yes,No,Month-to-month,Yes,Mailed check,41.67,2246.96,Yes
CUST-04949,Female,0,No,No,36,No,No,DSL,Yes,Yes,Yes,No,No,Yes,Month-to-month,Yes,Bank transfer (automatic),40.02,1420.66,No
CUST-04950,Female,0,Yes,No,12,Yes,Yes,Fiber optic,No,No,No,No,Yes,No,One year,Yes,Electronic check,39.68,508.6,Yes
CUST-04951,Female,0,Yes,No,51,Yes,No,Fiber optic,No,Yes,Yes,Yes,No,Yes,One year,No,Credit card (automatic),33.66,1684.74,No
CUST-04952,Female,0,No,Yes,26,Yes,No,No,No,No,Yes,No,Yes,Yes,Two year,Yes,Electronic check,33.08,872.92,Yes
CUST-04953,Male,0,No,No,12,Yes,No,Fiber optic,No,Yes,Yes,Yes,No,Yes,One year,Yes,Electronic check,50.69,653.49,Yes
CUST-04954,Female,0,No,Yes,51,Yes,Yes,DSL,No,Yes,No,No,Yes,No,Two year,Yes,Electronic check,49.66,2541.12,Yes
CUST-04955,Female,1,No,Yes,55,Yes,Yes,DSL,No,No,Yes,Yes,Yes,Yes,Month-to-month,No,Bank transfer (automatic),49.34,2716.2,No
CUST-04956,Female,0,No,No,23,Yes,No,Fiber optic,Yes,Yes,Yes,No,Yes,No,One year,No,Bank transfer (automatic),29.58,696.54,No
CUST-04957,Female,0,Yes,No,69,Yes,No,DSL,Yes,Yes,Yes,No,No,Yes,Two year,No,Mailed check,20.03,1354.11,No
CUST-04958,Female,0,Yes,No,51,Yes,Yes,DSL,No,No,No,No,Yes,No,One year,Yes,Electronic check,29.19,1401.3,No
CUST-04959,Male,0,No,No,2,Yes,No,DSL,Yes,Yes,Yes,No,Yes,No,One year,Yes,Electronic check,52.96,65.81,Yes
CUST-04960,Male,0,Yes,Yes,24,Yes,Yes,Fiber optic,No,No,No,Yes,Yes,No,Month-to-month,Yes,Electronic check,55.6,1302.66,No
CUST-04961,Female,0,No,No,70,Yes,No,DSL,No,Yes,No,Yes,Yes,No,Month-to-month,Yes,Mailed check,52.79,3708.37,No
CUST-04962,Male,0,Yes,Yes,13,Yes,No,No,No,No,No,No,No,Yes,Month-to-month,Yes,Mailed check,49.87,611.8,Yes
CUST-04963,Male,0,Yes,No,68,Yes,No,No,Yes,Yes,No,No,Yes,Yes,Month-to-month,Yes,Bank transfer (automatic),36.44,2446.6,No
CUST-04964,Female,1,Yes,Yes,37,Yes,No,DSL,No,No,Yes,No,No,Yes,Month-to-month,No,Credit card (automatic),26.3,1002.93,Yes
CUST-04965,Male,1,No,No,48,Yes,No,Fiber optic,Yes,Yes,Yes,No,Yes,No,Month-to-month,No,Credit card (automatic),45.95,2220.97,Yes
CUST-04966,Female,0,No,No,49,Yes,Yes,Fiber optic,Yes,No,Yes,No,Yes,Yes,Month-to-month,Yes,Electronic check,68.35,3397.0,Yes
CUST-04967,Female,0,Yes,Yes,37,Yes,No,No,Yes,Yes,Yes,No,No,No,Month-to-month,Yes,Electronic check,51.83,1913.28,Yes
CUST-04968,Female,0,Yes,No,37,No,Yes,Fiber optic,Yes,No,No,No,Yes,No,One year,No,Credit card (automatic),34.48,1214.31,Yes
CUST-04969,Female,0,Yes,No,41,Yes,No,DSL,No,Yes,Yes,Yes,No,No,One year,No,Bank transfer (automatic),35.75,1550.89,No
CUST-04970,Male,0,Yes,Yes,46,Yes,No,DSL,No,Yes,No,No,Yes,Yes,Month-to-month,Yes,Electronic check,52.85,2455.24,Yes
CUST-04971,Male,0,No,No,53,Yes,No,No,No,Yes,Yes,No,Yes,Yes,Two year,No,Credit card (automatic),37.15,1945.2,No
CUST-04972,Female,0,Yes,Yes,32,Yes,No,No,No,Yes,Yes,Yes,Yes,Yes,Two year,Yes,Electronic check,30.17,999.86,No
CUST-04973,Male,0,Yes,No,31,No,No,Fiber optic,No,Yes,No,No,Yes,No,Month-to-month,No,Electronic check,54.48,1696.59,No
CUST-04974,Male,0,Yes,No,56,Yes,Yes,Fiber optic,No,No,No,No,No,No,Two year,Yes,Mailed check,25.6,1482.27,No
CUST-04975,Male,0,No,No,54,Yes,No,Fiber optic,No,No,Yes,No,Yes,No,Month-to-month,No,Electronic check,33.02,1792.25,Yes
CUST-04976,Male,0,No,No,47,No,No,Fiber optic,Yes,No,No,No,Yes,Yes,Month-to-month,Yes,Electronic check,55.61,2596.73,No
CUST-04977,Male,0,No,No,33,Yes,No,Fiber optic,No,Yes,Yes,Yes,Yes,No,Month-to-month,Yes,Electronic check,62.98,2089.24,Yes
CUST-04978,Female,0,No,No,41,Yes,Yes,DSL,Yes,No,No,No,Yes,No,One year,Yes,Bank transfer (automatic),34.53,1454.45,No
CUST-04979,Male,0,No,No,41,Yes,No,DSL,No,No,Yes,Yes,Yes,Yes,Month-to-month,Yes,Credit card (automatic),39.29,1579.15,Yes
CUST-04980,Male,1,Yes,No,31,Yes,No,Fiber optic,No,Yes,Yes,No,Yes,Yes,Month-to-month,Yes,Credit card (automatic),55.3,1716.33,Yes
CUST-04981,Male,0,No,No,13,Yes,No,DSL,No,No,No,Yes,Yes,No,One year,No,Mailed check,41.24,487.88,Yes
CUST-04982,Male,1,No,Yes,39,Yes,No,No,Yes,Yes,Yes,Yes,No,No,Two year,Yes,Bank transfer (automatic),36.67,1449.33,No
CUST-04983,Female,0,Yes,Yes,32,Yes,No,No,No,Yes,No,Yes,No,No,One year,Yes,Electronic check,43.63,1398.22,No
CUST-04984,Female,0,No,No,4,Yes,Yes,DSL,No,No,No,No,No,No,Month-to-month,Yes,Bank transfer (automatic),55.0,245.26,Yes
CUST-04985,Female,0,No,No,68,No,Yes,No,No,No,Yes,Yes,No,Yes,Two year,No,Mailed check,33.07,2288.96,No
CUST-04986,Female,0,No,Yes,48,Yes,No,Fiber optic,No,No,No,No,Yes,No,Month-to-month,Yes,Bank transfer (automatic),38.42,1817.52,Yes
CUST-04987,Male,0,Yes,No,9,Yes,No,Fiber optic,Yes,Yes,No,No,Yes,Yes,Two year,Yes,Electronic check,49.3,451.14,Yes
CUST-04988,Male,0,Yes,Yes,15,Yes,No,DSL,Yes,No,Yes,Yes,No,No,Month-to-month,Yes,Bank transfer (automatic),30.7,469.62,No
CUST-04989,Male,0,No,No,41,Yes,Yes,Fiber optic,Yes,No,Yes,No,Yes,Yes,Two year,Yes,Mailed check,44.12,1783.04,Yes
CUST-04990,Male,0,Yes,No,62,Yes,Yes,No,No,No,Yes,No,No,Yes,Month-to-month,No,Mailed check,46.28,2829.46,No
CUST-04991,Male,1,Yes,No,35,No,No,Fiber optic,No,No,Yes,Yes,Yes,No,Month-to-month,Yes,Electronic check,55.99,2020.75,Yes
CUST-04992,Male,1,Yes,No,58,Yes,Yes,Fiber optic,Yes,Yes,Yes,Yes,No,Yes,Two year,No,Electronic check,35.52,2043.37,Yes
CUST-04993,Male,0,Yes,No,10,Yes,No,DSL,No,Yes,No,No,No,Yes,One year,No,Electronic check,51.2,495.03,Yes
CUST-04994,Male,0,No,Yes,38,Yes,No,DSL,No,No,Yes,Yes,Yes,Yes,One year,Yes,Electronic check,40.19,1517.04,No
CUST-04995,Male,1,No,No,59,Yes,Yes,Fiber optic,Yes,No,Yes,No,Yes,Yes,One year,No,Electronic check,45.06,2678.76,Yes
CUST-04996,Female,0,No,Yes,61,Yes,Yes,Fiber optic,No,Yes,No,No,Yes,Yes,Month-to-month,Yes,Credit card (automatic),51.18,3102.93,Yes
CUST-04997,Male,0,Yes,No,18,Yes,No,No,No,No,No,No,Yes,Yes,Month-to-month,No,Electronic check,49.27,855.55,No
CUST-04998,Male,0,Yes,No,48,Yes,Yes,Fiber optic,No,No,No,No,Yes,No,Month-to-month,Yes,Electronic check,62.86,3023.39,No
CUST-04999,Male,0,Yes,Yes,3,Yes,Yes,DSL,Yes,Yes,No,No,Yes,Yes,One year,Yes,Credit card (automatic),27.63,111.09,No
CUST-05000,Female,0,Yes,Yes,11,Yes,No,DSL,No,Yes,No,No,Yes,Yes,Month-to-month,Yes,Bank transfer (automatic),47.08,536.15,Yes
